Date,Price,MV,VA,VO,DY
2019-01-01,4.2,20369.99,NA,NA,8.69
2019-01-02,4.12,19981.99,37363.6,8992.5,8.86
2019-01-03,3.96,19205.99,82412.4,20470.1,9.22
2019-01-04,4.0,19400.0,75351.8,19089.0,9.12
2019-01-07,4.02,19497.0,30869.7,7646.6,9.08
2019-01-08,4.02,19497.0,15961.3,3973.8,9.08
2019-01-09,4.0,19400.0,40823.0,10166.9,9.12
2019-01-10,4.0,19400.0,23799.8,5938.4,9.12
2019-01-11,4.0,19400.0,16243.5,4046.5,9.12
2019-01-14,3.96,19205.99,16983.5,4262.5,9.22
2019-01-15,3.98,19302.99,9105.2,2286.3,9.17
2019-01-16,3.96,19205.99,25775.6,6499.7,9.22
2019-01-17,4.0,19400.0,11675.4,2929.5,9.12
2019-01-18,4.04,19594.0,20533.8,5091.7,9.03
2019-01-21,4.0,19400.0,8076.4,2013.8,9.12
2019-01-22,4.0,19400.0,12950.6,3236.5,9.12
2019-01-23,4.06,19691.0,41178.2,10181.7,8.99
2019-01-24,4.04,19594.0,30085.9,7397.1,9.03
2019-01-25,4.02,19497.0,41311.7,10210.2,9.08
2019-01-28,4.04,19594.0,29054.2,7203.5,9.03
2019-01-29,4.04,19594.0,17807.4,4420.0,9.03
2019-01-30,4.28,20757.99,161677.3,38662.2,8.53
2019-01-31,4.28,20757.99,100729.4,23393.1,8.53
2019-02-01,4.28,20757.99,23861.6,5583.8,8.53
2019-02-04,4.36,21145.99,88999.9,20462.3,8.37
2019-02-05,4.36,21145.99,37734.3,8666.9,8.37
2019-02-06,4.4,21339.99,42525.4,9682.2,8.3
2019-02-07,4.32,20951.99,43749.2,10057.6,8.45
2019-02-08,4.26,20661.0,65112.9,15237.0,8.57
2019-02-11,4.3,20855.0,60198.5,14061.2,8.49
2019-02-12,4.32,20951.99,9587.2,2221.7,8.45
2019-02-13,4.4,21339.99,63964.5,14634.0,8.3
2019-02-14,4.38,21242.99,59016.1,13426.1,8.33
2019-02-15,4.28,20757.99,87422.6,20279.5,8.53
2019-02-18,4.28,20757.99,38153.5,8888.0,8.53
2019-02-19,4.28,20757.99,NA,NA,8.53
2019-02-20,4.34,21048.99,14770.2,3415.2,8.41
2019-02-21,4.38,21242.99,58143.9,13360.7,8.33
2019-02-22,4.5,21824.99,334549.3,74714.2,8.11
2019-02-25,4.62,22407.0,296139.6,64313.7,7.9
2019-02-26,4.56,22116.0,59195.3,12940.3,8.0
2019-02-27,4.48,21727.99,72318.6,16093.0,7.48
2019-02-28,4.62,22407.0,636493.1,139131.2,7.25
2019-03-01,4.52,21922.0,76947.8,16825.5,7.41
2019-03-04,4.36,21145.99,103209.9,23390.1,7.68
2019-03-05,4.38,21242.99,124752.3,28636.9,7.65
2019-03-06,4.24,20564.0,233708.4,55261.1,7.9
2019-03-07,4.26,20661.0,36162.2,8526.4,7.86
2019-03-08,4.3,20855.0,59172.4,13717.6,7.79
2019-03-11,4.24,20564.0,50778.0,11944.0,7.9
2019-03-12,4.2,20369.99,32048.3,7597.3,7.98
2019-03-13,4.16,20175.99,41795.0,10046.1,8.05
2019-03-14,4.18,20273.0,29340.1,7018.8,8.01
2019-03-15,4.14,20079.0,44551.3,10707.8,8.09
2019-03-18,4.12,19981.99,54796.9,13340.6,8.13
2019-03-19,4.12,19981.99,39262.9,9543.1,8.13
2019-03-20,4.14,20079.0,47432.9,11457.9,8.09
2019-03-21,4.16,20175.99,39508.6,9499.3,8.05
2019-03-22,4.14,20079.0,27031.2,6526.1,8.09
2019-03-25,4.04,19594.0,66233.6,16335.7,8.29
2019-03-26,4.08,19788.0,22581.6,5519.3,8.21
2019-03-27,4.08,19788.0,18052.8,4417.4,8.21
2019-03-28,4.08,19788.0,32458.0,7950.6,8.21
2019-03-29,4.1,19885.0,15421.2,3765.4,8.17
2019-04-01,4.1,19885.0,30776.3,7509.1,8.17
2019-04-02,4.12,19981.99,16984.5,4123.0,8.13
2019-04-03,4.08,19788.0,44371.8,10846.6,8.21
2019-04-04,4.1,19885.0,24894.2,6071.7,8.17
2019-04-05,4.12,19981.99,28043.9,6811.2,8.13
2019-04-08,4.12,19981.99,NA,NA,8.13
2019-04-09,4.12,19981.99,9524.4,2312.4,8.13
2019-04-10,4.1,19885.0,9781.6,2376.4,8.17
2019-04-11,4.1,19885.0,7710.0,1880.0,8.17
2019-04-12,4.14,20079.0,20128.2,4885.2,8.09
2019-04-15,4.14,20079.0,NA,NA,8.09
2019-04-16,4.14,20079.0,NA,NA,8.09
2019-04-17,4.24,20564.0,120588.9,28821.3,7.9
2019-04-18,4.32,20951.99,137405.7,31958.6,7.75
2019-04-19,4.3,20855.0,25485.7,5891.8,7.79
2019-04-22,4.32,20951.99,63484.8,14641.8,7.75
2019-04-23,4.3,20855.0,61258.0,14238.6,7.79
2019-04-24,4.26,20661.0,37328.9,8756.6,7.86
2019-04-25,4.26,20661.0,28892.6,6760.7,7.86
2019-04-26,4.24,20564.0,18095.5,4266.8,7.9
2019-04-29,4.24,20564.0,26858.6,6362.3,7.9
2019-04-30,4.26,20661.0,8225.7,1930.5,7.86
2019-05-01,4.26,20661.0,NA,NA,7.86
2019-05-02,4.26,20661.0,19259.6,4499.0,7.86
2019-05-03,4.36,21145.99,134951.4,31072.4,7.68
2019-05-06,4.36,21145.99,NA,NA,7.68
2019-05-07,4.3,20855.0,32452.1,7539.2,7.79
2019-05-08,4.24,20564.0,23195.5,5457.3,7.9
2019-05-09,4.24,20564.0,17919.8,4215.3,7.9
2019-05-10,4.22,20467.0,23710.2,5608.4,7.94
2019-05-13,4.02,19497.0,88647.1,21740.3,8.33
2019-05-14,4.0,19400.0,118018.3,29594.8,8.37
2019-05-15,4.0,19400.0,35572.6,8869.3,8.37
2019-05-16,4.06,19691.0,65803.2,16454.1,8.25
2019-05-17,4.04,19594.0,28932.3,7158.4,8.29
2019-05-20,4.04,19594.0,NA,NA,8.29
2019-05-21,4.0,19400.0,52800.8,13197.2,8.37
2019-05-22,4.08,19788.0,35741.9,8815.2,8.21
2019-05-23,4.04,19594.0,23759.4,5882.2,8.29
2019-05-24,4.12,19981.99,40871.2,10013.3,8.13
2019-05-27,4.08,19788.0,91314.8,22052.1,8.21
2019-05-28,4.0,19400.0,180864.4,45106.5,8.37
2019-05-29,3.98,19302.99,45893.4,11481.0,8.42
2019-05-30,3.98,19302.99,30408.2,7637.2,8.42
2019-05-31,4.0,19400.0,52950.6,13188.5,8.37
2019-06-03,4.0,19400.0,NA,NA,8.37
2019-06-04,4.02,19497.0,74611.9,18444.4,8.33
2019-06-05,4.04,19594.0,39068.2,9696.8,8.29
2019-06-06,4.0,19400.0,58231.5,14527.3,8.37
2019-06-07,3.98,19302.99,37698.3,9430.5,8.42
2019-06-10,4.0,19400.0,47717.0,11921.7,8.37
2019-06-11,4.06,19691.0,109400.7,26981.1,8.25
2019-06-12,4.02,19497.0,54738.4,13542.6,8.33
2019-06-13,4.02,19497.0,23722.5,5887.4,8.33
2019-06-14,4.02,19497.0,21311.6,5283.5,8.33
2019-06-17,4.02,19497.0,23164.9,5776.4,8.33
2019-06-18,4.02,19497.0,37879.2,9440.2,8.33
2019-06-19,4.04,19594.0,46445.3,11505.2,8.29
2019-06-20,4.16,20175.99,231524.9,55877.4,8.05
2019-06-21,4.06,19691.0,152658.1,37183.8,8.25
2019-06-24,4.1,19885.0,35235.4,8611.8,8.17
2019-06-25,4.2,20369.99,162111.8,38819.6,7.98
2019-06-26,4.18,20273.0,99736.9,23790.0,8.01
2019-06-27,4.06,19691.0,262961.3,64162.8,8.25
2019-06-28,4.04,19594.0,132700.5,32595.7,8.29
2019-07-01,4.02,19497.0,69498.4,17191.8,8.33
2019-07-02,4.04,19594.0,45069.9,11168.1,8.29
2019-07-03,4.06,19691.0,46813.0,11551.7,8.25
2019-07-04,3.98,19302.99,156179.1,38861.1,8.42
2019-07-05,4.0,19400.0,48305.0,12097.5,8.37
2019-07-08,3.96,19205.99,102206.9,25885.6,8.46
2019-07-09,3.94,19108.99,62007.3,15632.0,8.5
2019-07-10,3.98,19302.99,33937.6,8568.1,8.42
2019-07-11,3.94,19108.99,84226.3,21259.6,8.5
2019-07-12,3.94,19108.99,50397.7,12729.3,8.5
2019-07-15,3.94,19108.99,49036.3,12395.1,8.5
2019-07-16,3.94,19108.99,NA,NA,8.5
2019-07-17,3.92,19012.0,36291.7,9204.8,8.55
2019-07-18,3.94,19108.99,19166.7,4877.7,8.5
2019-07-19,3.98,19302.99,34349.6,8648.0,8.42
2019-07-22,3.94,19108.99,20523.8,5177.3,8.5
2019-07-23,3.94,19108.99,26437.8,6693.1,8.5
2019-07-24,3.92,19012.0,12359.1,3140.5,8.55
2019-07-25,3.96,19205.99,38383.7,9740.2,8.46
2019-07-26,3.9,18914.99,42972.6,10953.6,8.59
2019-07-29,3.9,18914.99,NA,NA,8.59
2019-07-30,3.88,18818.0,60833.1,15660.5,8.63
2019-07-31,3.84,18624.0,53822.4,14036.5,8.72
2019-08-01,3.82,18526.99,19814.2,5170.0,8.77
2019-08-02,3.82,18526.99,53212.2,14003.3,8.77
2019-08-05,3.8,18430.0,23935.0,6294.1,8.82
2019-08-06,3.76,18236.0,39959.1,10670.9,8.91
2019-08-07,3.56,17266.0,191050.6,52690.4,9.41
2019-08-08,3.58,17362.99,39159.6,10927.9,9.36
2019-08-09,3.54,17168.99,43727.7,12245.7,9.46
2019-08-12,3.54,17168.99,NA,NA,9.46
2019-08-13,3.32,16101.99,96347.3,28413.7,10.09
2019-08-14,3.28,15908.0,91535.9,27948.8,10.21
2019-08-15,3.16,15325.99,54380.4,17142.1,10.6
2019-08-16,3.18,15423.0,60455.4,19047.6,10.53
2019-08-19,3.24,15714.0,46363.5,14268.7,10.34
2019-08-20,3.22,15617.0,29304.4,8984.8,10.4
2019-08-21,3.22,15617.0,34319.8,10631.8,10.4
2019-08-22,3.14,15229.0,43690.7,13701.3,10.67
2019-08-23,3.14,15229.0,24888.1,7957.6,10.67
2019-08-26,3.06,14841.0,54806.9,17886.7,10.95
2019-08-27,3.08,14938.0,31794.4,10389.6,10.88
2019-08-28,3.06,14841.0,24163.0,7890.1,10.95
2019-08-29,3.18,15423.0,42176.3,13484.4,10.53
2019-08-30,3.2,15519.99,40712.1,12782.1,10.47
2019-09-02,3.18,15423.0,20548.0,6450.7,10.53
2019-09-03,3.16,15325.99,25475.1,8048.8,10.6
2019-09-04,3.18,15423.0,25588.7,8070.1,10.53
2019-09-05,3.2,15519.99,18721.0,5835.4,10.47
2019-09-06,3.2,15519.99,9372.6,2924.4,10.47
2019-09-09,3.2,15519.99,11342.8,3548.6,10.47
2019-09-10,3.18,15423.0,9936.2,3123.5,10.53
2019-09-11,3.24,15714.0,22352.8,6945.8,10.34
2019-09-12,3.24,15714.0,20762.4,6408.0,10.34
2019-09-13,3.24,15714.0,8023.7,2481.6,10.34
2019-09-16,3.16,15325.99,12409.6,3900.6,10.6
2019-09-17,3.08,14938.0,39354.8,12717.9,10.88
2019-09-18,3.12,15132.0,20356.8,6574.5,10.74
2019-09-19,3.08,14938.0,10684.3,3455.3,10.88
2019-09-20,3.08,14938.0,16394.2,5345.6,10.88
2019-09-23,3.06,14841.0,14318.5,4657.1,10.95
2019-09-24,3.06,14841.0,11048.2,3610.4,10.95
2019-09-25,3.06,14841.0,11048.5,3609.4,10.95
2019-09-26,3.04,14744.0,25173.7,8264.8,11.02
2019-09-27,3.02,14647.0,16528.4,5445.5,11.09
2019-09-30,3.04,14744.0,13089.5,4308.8,11.02
2019-10-01,3.04,14744.0,12264.7,4055.1,11.02
2019-10-02,3.04,14744.0,8555.5,2830.3,11.02
2019-10-03,3.0,14550.0,9685.5,3210.6,11.17
2019-10-04,3.02,14647.0,9977.7,3296.1,11.09
2019-10-07,3.02,14647.0,7678.2,2530.6,11.09
2019-10-08,3.02,14647.0,14899.4,4925.0,11.09
2019-10-09,3.0,14550.0,8373.8,2778.8,11.17
2019-10-10,3.0,14550.0,19471.8,6490.1,11.17
2019-10-11,2.96,14356.0,32157.8,10843.4,11.32
2019-10-14,2.96,14356.0,NA,NA,11.32
2019-10-15,2.84,13774.0,61364.3,21487.9,11.8
2019-10-16,2.72,13192.0,62615.1,22798.1,12.32
2019-10-17,2.76,13386.0,25949.5,9404.6,12.14
2019-10-18,2.74,13288.99,10132.1,3697.1,12.23
2019-10-21,2.66,12901.0,25968.1,9630.3,12.59
2019-10-22,2.68,12998.0,11083.1,4129.3,12.5
2019-10-23,2.68,12998.0,NA,NA,12.5
2019-10-24,2.66,12901.0,20068.6,7552.3,12.59
2019-10-25,2.5,12125.0,36884.7,14414.5,13.4
2019-10-28,2.52,12222.0,24108.3,9551.2,13.29
2019-10-29,2.5,12125.0,29528.4,11655.4,13.4
2019-10-30,2.52,12222.0,23651.1,9347.4,13.29
2019-10-31,2.56,12416.0,52106.9,20208.2,13.09
2019-11-01,2.52,12222.0,20572.7,8101.1,13.29
2019-11-04,2.58,12512.99,27644.1,10847.1,12.98
2019-11-05,2.58,12512.99,19277.6,7472.4,12.98
2019-11-06,2.62,12707.0,29854.8,11415.8,12.79
2019-11-07,2.66,12901.0,21503.5,8142.4,12.59
2019-11-08,2.7,13095.0,13621.4,5104.3,12.41
2019-11-11,2.58,12512.99,17412.4,6655.3,12.98
2019-11-12,2.5,12125.0,47023.4,18668.1,13.4
2019-11-13,2.4,11639.99,56157.2,23238.5,13.96
2019-11-14,2.3,11155.0,43605.0,18655.3,14.57
2019-11-15,2.26,10961.0,96329.4,43595.6,14.82
2019-11-18,2.2,10669.99,39044.8,17752.7,15.23
2019-11-19,2.18,10573.0,16787.1,7684.3,15.37
2019-11-20,2.1,10185.0,48432.4,22513.8,15.95
2019-11-21,2.12,10282.0,25356.2,11996.7,15.8
2019-11-22,2.16,10476.0,6917.7,3259.3,15.51
2019-11-25,2.14,10379.0,31295.6,14504.2,15.65
2019-11-26,2.2,10669.99,18672.7,8530.0,15.23
2019-11-27,2.34,11349.0,103900.3,45177.3,14.32
2019-11-28,2.24,10864.0,68354.8,30096.8,14.96
2019-11-29,2.2,10669.99,13283.2,6017.2,15.23
2019-12-02,2.2,10669.99,13688.0,6205.4,15.23
2019-12-03,2.28,11058.0,13068.8,5808.9,14.69
2019-12-04,2.28,11058.0,17517.8,7735.4,14.69
2019-12-05,2.28,11058.0,NA,NA,14.69
2019-12-06,2.28,11058.0,10116.8,4446.8,14.69
2019-12-09,2.22,10767.0,10359.1,4626.8,15.09
2019-12-10,2.22,10767.0,NA,NA,15.09
2019-12-11,2.2,10669.99,9263.7,4195.8,15.23
2019-12-12,2.24,10864.0,9321.3,4172.7,14.96
2019-12-13,2.24,10864.0,15242.0,6750.1,14.96
2019-12-16,2.22,10767.0,11947.2,5407.9,15.09
2019-12-17,2.14,10379.0,28690.5,13315.7,15.65
2019-12-18,2.18,10573.0,13377.1,6182.0,15.37
2019-12-19,2.2,10669.99,6847.4,3154.1,15.23
2019-12-20,2.22,10767.0,9786.1,4459.3,15.09
2019-12-23,2.18,10573.0,7097.9,3240.4,15.37
2019-12-24,2.14,10379.0,6025.7,2797.2,15.65
2019-12-25,2.16,10476.0,3756.8,1739.2,15.51
2019-12-26,2.16,10476.0,5533.2,2558.2,15.51
2019-12-27,2.2,10669.99,10248.2,4667.2,15.23
2019-12-30,2.24,10864.0,14203.0,6361.1,14.96
2019-12-31,2.24,10864.0,NA,NA,14.96
2018-01-01,6.15,29827.49,NA,NA,2.44
2018-01-02,6.15,29827.49,NA,NA,2.44
2018-01-03,6.0,29100.0,136386.2,22567.6,2.5
2018-01-04,6.1,29584.99,57564.8,9519.8,2.46
2018-01-05,6.1,29584.99,116751.2,19209.7,2.46
2018-01-08,6.0,29100.0,82394.8,13573.8,2.5
2018-01-09,6.0,29100.0,66846.9,11101.7,2.5
2018-01-10,5.9,28614.99,199529.6,33635.9,2.54
2018-01-11,5.85,28372.5,76474.4,13002.3,2.56
2018-01-12,5.85,28372.5,72995.9,12380.5,2.56
2018-01-15,5.7,27644.99,201788.6,35201.3,2.63
2018-01-16,5.7,27644.99,69694.8,12210.0,2.63
2018-01-17,5.75,27887.49,62984.5,10910.9,2.61
2018-01-18,5.75,27887.49,30703.1,5340.7,2.61
2018-01-19,5.8,28130.0,42692.3,7439.4,2.59
2018-01-22,5.9,28614.99,53175.6,9087.4,2.54
2018-01-23,5.8,28130.0,15303.6,2613.1,2.59
2018-01-24,5.85,28372.5,14234.2,2435.1,2.56
2018-01-25,5.8,28130.0,27087.1,4648.4,2.59
2018-01-26,5.75,27887.49,13210.8,2293.9,2.61
2018-01-29,5.75,27887.49,19198.1,3326.1,2.61
2018-01-30,5.7,27644.99,21570.6,3778.2,2.63
2018-01-31,5.7,27644.99,19558.9,3429.3,2.63
2018-02-01,5.65,27402.49,23318.4,4111.9,2.65
2018-02-02,5.65,27402.49,17227.1,3046.7,2.65
2018-02-05,5.5,26674.99,70143.9,12650.5,2.73
2018-02-06,5.4,26189.99,59517.0,11105.5,2.78
2018-02-07,5.55,26917.5,33698.2,6089.4,2.7
2018-02-08,5.85,28372.5,105071.6,18304.0,2.56
2018-02-09,5.9,28614.99,112347.8,19237.6,2.54
2018-02-12,5.85,28372.5,35565.2,6033.7,2.56
2018-02-13,5.85,28372.5,20028.6,3446.0,2.56
2018-02-14,5.8,28130.0,9495.9,1630.9,2.59
2018-02-15,5.6,27160.0,58725.6,10341.3,2.68
2018-02-16,5.6,27160.0,68384.1,12220.9,2.68
2018-02-19,5.55,26917.5,65646.9,11725.2,2.7
2018-02-20,5.65,27402.49,29175.4,5177.2,2.65
2018-02-21,5.6,27160.0,14399.9,2554.4,2.68
2018-02-22,5.5,26674.99,34695.8,6202.0,2.73
2018-02-23,5.65,27402.49,22438.6,3993.6,2.65
2018-02-26,5.55,26917.5,34523.2,6121.9,2.7
2018-02-27,5.55,26917.5,18757.9,3360.3,2.7
2018-02-28,5.55,26917.5,19595.6,3503.5,2.7
2018-03-01,5.55,26917.5,NA,NA,2.7
2018-03-02,5.5,26674.99,27293.5,4924.6,2.73
2018-03-05,5.35,25947.5,51300.0,9502.0,2.8
2018-03-06,5.4,26189.99,17773.0,3282.8,2.78
2018-03-07,5.35,25947.5,35601.7,6654.2,2.8
2018-03-08,5.4,26189.99,31149.5,5823.9,2.78
2018-03-09,5.35,25947.5,19429.6,3642.6,2.8
2018-03-12,5.35,25947.5,9491.5,1771.3,2.8
2018-03-13,5.3,25704.99,19916.2,3744.9,2.83
2018-03-14,5.4,26189.99,27948.4,5221.5,2.78
2018-03-15,5.45,26432.49,17763.7,3286.3,2.75
2018-03-16,5.35,25947.5,27628.0,5118.5,2.8
2018-03-19,5.35,25947.5,32790.0,6052.8,2.8
2018-03-20,5.4,26189.99,20577.0,3798.3,2.78
2018-03-21,5.4,26189.99,15456.1,2861.6,2.78
2018-03-22,5.35,25947.5,14216.7,2642.1,2.8
2018-03-23,5.25,25462.49,48005.0,9055.4,2.86
2018-03-26,5.2,25219.99,32035.1,6163.0,2.88
2018-03-27,5.3,25704.99,19042.9,3619.2,2.83
2018-03-28,5.2,25219.99,21899.6,4197.4,2.88
2018-03-29,5.1,24735.0,32413.6,6306.9,2.94
2018-03-30,5.15,24977.49,18642.6,3610.8,2.91
2018-04-02,5.65,27402.49,110389.2,20226.9,2.65
2018-04-03,5.7,27644.99,243931.2,43350.0,2.63
2018-04-04,5.75,27887.49,360041.9,62051.3,2.61
2018-04-05,5.75,27887.49,35828.0,6210.4,2.61
2018-04-06,5.75,27887.49,NA,NA,2.61
2018-04-09,6.0,29100.0,174173.4,29421.7,2.5
2018-04-10,6.0,29100.0,65462.5,11048.6,2.5
2018-04-11,5.85,28372.5,43548.8,7382.9,2.56
2018-04-12,5.85,28372.5,60135.3,10330.2,2.56
2018-04-13,5.85,28372.5,NA,NA,2.56
2018-04-16,5.85,28372.5,NA,NA,2.56
2018-04-17,5.7,27644.99,49791.7,8635.5,2.63
2018-04-18,5.75,27887.49,77424.1,13445.3,2.61
2018-04-19,5.65,27402.49,52143.8,9151.3,2.65
2018-04-20,5.55,26917.5,74689.9,13399.0,2.7
2018-04-23,5.55,26917.5,80079.2,14329.1,2.7
2018-04-24,5.65,27402.49,30133.8,5371.0,2.65
2018-04-25,5.65,27402.49,37782.1,6648.4,2.65
2018-04-26,5.55,26917.5,27378.3,4897.2,2.7
2018-04-27,5.55,26917.5,29826.6,5372.7,2.7
2018-04-30,5.85,28372.5,80805.1,14011.7,2.56
2018-05-01,5.85,28372.5,NA,NA,2.56
2018-05-02,6.0,29100.0,332913.1,55841.6,2.5
2018-05-03,5.95,28857.49,77245.6,12997.9,2.52
2018-05-04,5.9,28614.99,136521.5,22746.4,2.54
2018-05-07,5.95,28857.49,220576.8,36821.8,2.52
2018-05-08,5.9,28614.99,51739.5,8830.3,2.54
2018-05-09,5.85,28372.5,29433.8,5047.3,2.56
2018-05-10,5.6,27160.0,125757.4,22330.6,2.68
2018-05-11,5.6,27160.0,68077.0,12063.9,5.18
2018-05-14,5.85,28372.5,126514.1,21778.3,4.96
2018-05-15,5.8,28130.0,96771.3,16761.0,5.0
2018-05-16,5.75,27887.49,54866.7,9490.9,5.04
2018-05-17,5.8,28130.0,24137.0,4161.4,5.0
2018-05-18,5.8,28130.0,19835.4,3425.6,5.0
2018-05-21,5.8,28130.0,17500.2,3012.4,5.0
2018-05-22,5.8,28130.0,59383.0,10141.8,5.0
2018-05-23,5.85,28372.5,61669.1,10595.0,4.96
2018-05-24,5.75,27887.49,73781.8,12808.2,5.04
2018-05-25,5.6,27160.0,51253.8,9218.4,5.18
2018-05-28,5.7,27644.99,45576.8,8016.5,5.09
2018-05-29,5.7,27644.99,NA,NA,5.09
2018-05-30,5.6,27160.0,46497.5,8301.8,5.18
2018-05-31,5.5,26674.99,104940.6,19034.5,5.27
2018-06-01,5.5,26674.99,28988.5,5258.0,5.27
2018-06-04,5.65,27402.49,59801.1,10657.0,5.13
2018-06-05,5.65,27402.49,45064.4,7974.2,5.13
2018-06-06,5.7,27644.99,37611.2,6595.5,5.09
2018-06-07,5.65,27402.49,14103.3,2487.7,5.13
2018-06-08,5.65,27402.49,11476.2,2030.5,5.13
2018-06-11,5.6,27160.0,12593.2,2244.9,5.18
2018-06-12,5.55,26917.5,47427.9,8478.0,5.23
2018-06-13,5.5,26674.99,30623.6,5522.3,5.27
2018-06-14,5.4,26189.99,85450.8,15746.4,5.37
2018-06-15,5.45,26432.49,7196.8,1324.2,5.32
2018-06-18,5.4,26189.99,14671.5,2711.8,5.37
2018-06-19,5.2,25219.99,75630.1,14387.2,5.58
2018-06-20,5.35,25947.5,22117.0,4182.8,5.42
2018-06-21,5.25,25462.49,34108.5,6483.2,5.52
2018-06-22,5.25,25462.49,21281.2,4040.5,5.52
2018-06-25,5.2,25219.99,19569.4,3726.6,5.58
2018-06-26,5.15,24977.49,16123.2,3103.8,5.63
2018-06-27,5.2,25219.99,21249.0,4063.5,5.58
2018-06-28,5.05,24492.49,54634.1,10792.1,5.74
2018-06-29,5.0,24250.0,62754.3,12625.7,5.8
2018-07-02,4.84,23474.0,46391.7,9513.1,5.99
2018-07-03,4.92,23861.99,124806.4,25469.0,5.89
2018-07-04,4.9,23764.99,78283.3,15968.7,5.92
2018-07-05,4.84,23474.0,49495.2,10169.1,5.99
2018-07-06,4.88,23668.0,27445.2,5648.2,5.94
2018-07-09,4.84,23474.0,24715.8,5079.7,5.99
2018-07-10,4.64,22504.0,180726.1,38595.9,6.25
2018-07-11,4.64,22504.0,56049.5,12089.7,6.25
2018-07-12,4.66,22600.99,47786.5,10256.0,6.22
2018-07-13,4.78,23182.99,131914.3,27859.9,6.07
2018-07-16,4.66,22600.99,53530.3,11321.5,6.22
2018-07-17,4.66,22600.99,23774.1,5090.0,6.22
2018-07-18,4.68,22698.0,24963.8,5316.7,6.2
2018-07-19,4.72,22892.0,37166.1,7865.6,6.14
2018-07-20,4.7,22794.99,84715.0,17943.6,6.17
2018-07-23,4.66,22600.99,97984.9,20977.4,6.22
2018-07-24,4.58,22212.99,176277.2,38155.4,6.33
2018-07-25,4.6,22310.0,110197.2,23978.3,6.3
2018-07-26,4.6,22310.0,98328.2,21324.5,6.3
2018-07-27,4.6,22310.0,NA,NA,6.3
2018-07-30,4.6,22310.0,NA,NA,6.3
2018-07-31,4.58,22212.99,94344.8,20563.6,6.33
2018-08-01,4.62,22407.0,159024.9,34467.9,6.28
2018-08-02,4.58,22212.99,75215.4,16389.7,6.33
2018-08-03,4.52,21922.0,178399.0,39214.7,6.42
2018-08-06,4.5,21824.99,95441.8,21227.6,6.44
2018-08-07,4.46,21631.0,85434.3,19128.4,6.5
2018-08-08,4.48,21727.99,61583.2,13711.0,6.47
2018-08-09,4.38,21242.99,201147.9,45495.5,6.62
2018-08-10,4.24,20564.0,228942.1,54239.9,6.84
2018-08-13,4.24,20564.0,NA,NA,6.84
2018-08-14,4.24,20564.0,58207.5,13820.8,6.84
2018-08-15,4.2,20369.99,61935.9,14742.4,6.9
2018-08-16,4.2,20369.99,56531.0,13467.3,6.9
2018-08-17,4.28,20757.99,79566.9,18744.4,6.78
2018-08-20,4.32,20951.99,53833.7,12560.8,6.71
2018-08-21,4.34,21048.99,95726.3,21942.7,6.68
2018-08-22,4.3,20855.0,36583.9,8444.5,6.74
2018-08-23,4.36,21145.99,53445.1,12298.5,6.65
2018-08-24,4.36,21145.99,52189.5,11950.5,6.65
2018-08-27,4.32,20951.99,23599.5,5431.4,6.71
2018-08-28,4.42,21437.0,60864.1,13895.5,6.56
2018-08-29,4.44,21533.99,68470.4,15387.9,6.53
2018-08-30,4.38,21242.99,58519.3,13296.1,6.62
2018-08-31,4.46,21631.0,79963.1,18061.5,6.5
2018-09-03,4.4,21339.99,50044.8,11323.9,6.59
2018-09-04,4.4,21339.99,23218.8,5272.2,6.59
2018-09-05,4.3,20855.0,59017.8,13626.1,6.74
2018-09-06,4.34,21048.99,23309.0,5386.9,6.68
2018-09-07,4.34,21048.99,9573.3,2213.7,6.68
2018-09-10,4.3,20855.0,30612.1,7116.3,6.74
2018-09-11,4.28,20757.99,16038.6,3726.9,6.78
2018-09-12,4.2,20369.99,102187.8,24307.9,8.69
2018-09-13,4.28,20757.99,86472.8,20339.1,8.53
2018-09-14,4.26,20661.0,36388.7,8511.5,8.57
2018-09-17,4.38,21242.99,98603.8,22655.0,8.33
2018-09-18,4.42,21437.0,74436.1,16875.7,8.26
2018-09-19,4.42,21437.0,48802.5,11016.1,8.26
2018-09-20,4.4,21339.99,68899.8,15642.7,8.3
2018-09-21,4.42,21437.0,84141.1,18965.6,8.26
2018-09-24,4.44,21533.99,103289.1,23311.2,8.22
2018-09-25,4.28,20757.99,132029.3,30775.8,8.53
2018-09-26,4.28,20757.99,40037.9,9386.2,8.53
2018-09-27,4.28,20757.99,37995.0,8919.7,8.53
2018-09-28,4.28,20757.99,25203.7,5884.7,8.53
2018-10-01,4.28,20757.99,36316.8,8499.1,8.53
2018-10-02,4.26,20661.0,31114.1,7303.8,8.57
2018-10-03,4.32,20951.99,102326.1,23749.6,8.45
2018-10-04,4.3,20855.0,62214.2,14522.2,8.49
2018-10-05,4.3,20855.0,53512.4,12411.2,8.49
2018-10-08,4.24,20564.0,50194.4,11763.2,8.61
2018-10-09,4.26,20661.0,38390.3,9033.5,8.57
2018-10-10,4.28,20757.99,14557.0,3407.1,8.53
2018-10-11,4.22,20467.0,55107.3,13099.7,8.65
2018-10-12,4.22,20467.0,25642.5,6067.3,8.65
2018-10-15,4.22,20467.0,NA,NA,8.65
2018-10-16,4.2,20369.99,44246.6,10563.3,8.69
2018-10-17,4.2,20369.99,13088.3,3114.5,8.69
2018-10-18,4.18,20273.0,20280.0,4850.2,8.73
2018-10-19,4.12,19981.99,48471.6,11695.5,8.86
2018-10-22,3.98,19302.99,84282.6,20789.9,9.17
2018-10-23,3.98,19302.99,NA,NA,9.17
2018-10-24,3.94,19108.99,72695.6,18218.4,9.26
2018-10-25,3.92,19012.0,45257.7,11605.1,9.31
2018-10-26,3.98,19302.99,27275.0,6885.5,9.17
2018-10-29,4.0,19400.0,39989.5,9912.8,9.12
2018-10-30,4.0,19400.0,8957.2,2241.7,9.12
2018-10-31,4.0,19400.0,34624.2,8663.1,9.12
2018-11-01,4.0,19400.0,56346.6,14077.7,9.12
2018-11-02,4.02,19497.0,48077.1,11962.8,9.08
2018-11-05,4.04,19594.0,29775.5,7422.0,9.03
2018-11-06,4.02,19497.0,28373.4,7053.5,9.08
2018-11-07,4.02,19497.0,61752.7,15343.4,9.08
2018-11-08,4.02,19497.0,15028.0,3735.7,9.08
2018-11-09,4.0,19400.0,14656.2,3664.2,9.12
2018-11-12,3.94,19108.99,50861.3,12862.1,9.26
2018-11-13,3.92,19012.0,22913.8,5847.2,9.31
2018-11-14,4.14,20079.0,366244.9,89427.8,8.82
2018-11-15,4.1,19885.0,114163.1,27880.3,8.9
2018-11-16,4.06,19691.0,45415.6,11150.3,8.99
2018-11-19,4.06,19691.0,29167.8,7203.1,8.99
2018-11-20,3.94,19108.99,73665.6,18497.9,9.26
2018-11-21,4.02,19497.0,48098.9,12039.5,9.08
2018-11-22,3.98,19302.99,15344.9,3845.8,9.17
2018-11-23,4.0,19400.0,19172.9,4817.9,9.12
2018-11-26,4.06,19691.0,231919.4,57339.1,8.99
2018-11-27,4.2,20369.99,312108.6,74621.4,8.69
2018-11-28,4.34,21048.99,205801.0,48021.1,8.41
2018-11-29,4.36,21145.99,100457.7,23266.4,8.37
2018-11-30,4.34,21048.99,37870.4,8747.9,8.41
2018-12-03,4.28,20757.99,84935.5,19867.5,8.53
2018-12-04,4.3,20855.0,28773.0,6723.1,8.49
2018-12-05,4.3,20855.0,NA,NA,8.49
2018-12-06,4.28,20757.99,17743.4,4152.2,8.53
2018-12-07,4.38,21242.99,242829.4,55550.9,8.33
2018-12-10,4.38,21242.99,NA,NA,8.33
2018-12-11,4.4,21339.99,96855.0,22080.8,8.3
2018-12-12,4.38,21242.99,65498.4,14936.0,8.33
2018-12-13,4.32,20951.99,66360.4,15202.8,8.45
2018-12-14,4.3,20855.0,42955.5,10011.9,8.49
2018-12-17,4.26,20661.0,26196.1,6156.7,8.57
2018-12-18,4.14,20079.0,59755.5,14247.3,8.82
2018-12-19,4.26,20661.0,48123.1,11353.2,8.57
2018-12-20,4.26,20661.0,22391.5,5249.4,8.57
2018-12-21,4.24,20564.0,25517.9,6016.8,8.61
2018-12-24,4.22,20467.0,10934.1,2584.7,8.65
2018-12-25,4.18,20273.0,91249.4,21496.7,8.73
2018-12-26,4.16,20175.99,38097.5,9102.5,8.77
2018-12-27,4.14,20079.0,33099.1,7911.5,8.82
2018-12-28,4.2,20369.99,19390.9,4665.4,8.69
2018-12-31,4.2,20369.99,NA,NA,8.69
2016-12-30,6.05,29342.49,179571.4,29498.6,2.48
2017-01-02,6.05,29342.49,NA,NA,2.48
2017-01-03,6.05,29342.49,NA,NA,2.48
2017-01-04,6.1,29584.99,109733.1,17925.3,2.46
2017-01-05,6.15,29827.49,161438.1,26283.7,2.44
2017-01-06,6.45,31282.49,552522.2,87493.9,2.33
2017-01-09,6.55,31767.49,585707.2,89280.6,2.29
2017-01-10,6.55,31767.49,264327.8,40694.0,2.29
2017-01-11,6.45,31282.49,274243.7,42095.4,2.33
2017-01-12,6.4,31039.99,114742.2,17882.0,2.34
2017-01-13,6.4,31039.99,71077.3,11087.8,2.34
2017-01-16,6.5,31524.99,192812.9,29831.0,2.31
2017-01-17,6.45,31282.49,180344.8,27904.9,2.33
2017-01-18,6.45,31282.49,120892.0,18726.1,2.33
2017-01-19,6.45,31282.49,151504.8,23486.8,2.33
2017-01-20,6.5,31524.99,159251.9,24531.1,2.31
2017-01-23,6.5,31524.99,91761.8,14202.4,2.31
2017-01-24,6.7,32494.99,780998.2,117115.8,2.24
2017-01-25,6.6,32010.0,472490.6,71376.9,2.27
2017-01-26,6.5,31524.99,218516.0,33263.4,2.31
2017-01-27,6.2,30069.99,718458.3,116472.8,2.42
2017-01-30,6.15,29827.49,165284.8,26806.6,2.44
2017-01-31,6.1,29584.99,117685.8,19223.8,2.46
2017-02-01,6.4,31039.99,253646.3,40063.1,2.34
2017-02-02,6.3,30554.99,80343.3,12648.2,2.38
2017-02-03,6.25,30312.49,81989.9,13017.8,2.4
2017-02-06,6.2,30069.99,81351.6,13158.1,2.42
2017-02-07,6.1,29584.99,354737.3,58085.7,2.46
2017-02-08,6.1,29584.99,58380.5,9524.1,2.46
2017-02-09,6.2,30069.99,188938.8,30281.4,2.42
2017-02-10,6.2,30069.99,65786.8,10556.2,2.42
2017-02-13,6.2,30069.99,NA,NA,2.42
2017-02-14,6.15,29827.49,32341.5,5243.6,2.44
2017-02-15,6.2,30069.99,54079.7,8721.4,2.42
2017-02-16,6.15,29827.49,32754.9,5273.3,2.44
2017-02-17,6.2,30069.99,49153.1,7929.4,2.42
2017-02-20,6.15,29827.49,33531.4,5411.1,2.44
2017-02-21,6.15,29827.49,30179.6,4878.7,2.44
2017-02-22,6.1,29584.99,261350.1,42814.8,2.46
2017-02-23,6.15,29827.49,33638.3,5471.4,2.44
2017-02-24,6.1,29584.99,36728.9,5996.1,2.46
2017-02-27,6.0,29100.0,216568.9,35575.6,2.5
2017-02-28,6.05,29342.49,74835.9,12344.9,2.48
2017-03-01,6.05,29342.49,36381.0,5978.3,2.48
2017-03-02,6.0,29100.0,127579.8,21089.1,2.5
2017-03-03,6.05,29342.49,78431.3,12863.1,2.48
2017-03-06,6.05,29342.49,45956.3,7554.1,2.48
2017-03-07,6.1,29584.99,64011.8,10513.8,2.46
2017-03-08,6.15,29827.49,117159.5,19157.7,2.44
2017-03-09,6.1,29584.99,48120.8,7857.0,2.46
2017-03-10,6.1,29584.99,33066.1,5423.5,2.46
2017-03-13,6.05,29342.49,54684.0,9032.2,2.48
2017-03-14,6.1,29584.99,77107.6,12726.1,2.46
2017-03-15,6.05,29342.49,33693.2,5529.4,2.48
2017-03-16,6.15,29827.49,143861.6,23392.1,2.44
2017-03-17,6.25,30312.49,68893.8,11108.4,2.4
2017-03-20,6.25,30312.49,50894.6,8143.6,2.4
2017-03-21,6.35,30797.5,190105.4,29989.9,2.36
2017-03-22,6.45,31282.49,140249.3,21923.0,2.33
2017-03-23,6.4,31039.99,76930.1,11937.2,2.34
2017-03-24,6.3,30554.99,58884.1,9250.8,2.38
2017-03-27,6.3,30554.99,48659.3,7719.2,2.38
2017-03-28,6.5,31524.99,222739.1,34401.8,2.31
2017-03-29,6.45,31282.49,44429.6,6863.6,2.33
2017-03-30,6.5,31524.99,76475.8,11851.1,2.31
2017-03-31,6.45,31282.49,52059.2,8070.0,2.33
2017-04-03,6.5,31524.99,211584.2,32560.5,2.31
2017-04-04,6.5,31524.99,76069.1,11790.8,2.31
2017-04-05,6.4,31039.99,65279.7,10151.8,2.34
2017-04-06,6.4,31039.99,NA,NA,2.34
2017-04-07,6.35,30797.5,80370.4,12657.6,2.36
2017-04-10,6.35,30797.5,75581.1,11881.6,2.36
2017-04-11,6.35,30797.5,42811.2,6707.6,2.36
2017-04-12,6.3,30554.99,64609.0,10168.4,2.38
2017-04-13,6.3,30554.99,NA,NA,2.38
2017-04-14,6.3,30554.99,NA,NA,2.38
2017-04-17,6.15,29827.49,133176.4,21415.4,2.44
2017-04-18,6.2,30069.99,74715.4,12038.0,2.42
2017-04-19,6.2,30069.99,86614.1,13972.8,2.42
2017-04-20,6.1,29584.99,126596.6,20599.3,2.46
2017-04-21,6.15,29827.49,89676.8,14438.9,2.44
2017-04-24,6.15,29827.49,44810.0,7277.6,2.44
2017-04-25,6.1,29584.99,59751.4,9767.0,2.46
2017-04-26,6.1,29584.99,12549.1,2046.1,2.46
2017-04-27,6.15,29827.49,33337.6,5418.3,2.44
2017-04-28,6.2,30069.99,28700.8,4663.2,2.42
2017-05-01,6.2,30069.99,NA,NA,2.42
2017-05-02,6.15,29827.49,17266.1,2795.9,2.44
2017-05-03,6.25,30312.49,97435.3,15633.5,2.4
2017-05-04,6.4,31039.99,310118.1,48572.8,2.34
2017-05-05,6.3,30554.99,97308.6,15318.0,2.38
2017-05-08,6.3,30554.99,164796.9,25861.8,2.38
2017-05-09,6.1,29584.99,409940.1,66971.8,2.46
2017-05-10,6.1,29584.99,NA,NA,2.46
2017-05-11,5.9,28614.99,518820.1,86734.4,2.54
2017-05-12,6.05,29342.49,225330.2,37730.3,2.48
2017-05-15,6.0,29100.0,56467.0,9402.5,2.5
2017-05-16,6.0,29100.0,12887.3,2142.0,2.5
2017-05-17,6.0,29100.0,71113.3,11819.8,2.5
2017-05-18,6.0,29100.0,91232.3,15165.8,2.5
2017-05-19,6.05,29342.49,41981.8,6939.8,2.48
2017-05-22,6.05,29342.49,21751.8,3593.1,2.48
2017-05-23,6.05,29342.49,23972.6,3953.9,2.48
2017-05-24,6.05,29342.49,78589.2,12920.6,2.48
2017-05-25,6.1,29584.99,52841.5,8654.2,2.46
2017-05-26,6.15,29827.49,98488.5,16013.1,2.44
2017-05-29,6.3,30554.99,151773.9,24266.7,2.38
2017-05-30,6.3,30554.99,82639.6,13197.7,2.38
2017-05-31,6.2,30069.99,48691.1,7785.6,2.42
2017-06-01,6.2,30069.99,12976.1,2084.3,2.42
2017-06-02,6.2,30069.99,16749.9,2699.8,2.42
2017-06-05,6.25,30312.49,46720.4,7509.7,2.4
2017-06-06,6.25,30312.49,49795.9,7999.8,2.4
2017-06-07,6.15,29827.49,51363.0,8313.3,2.44
2017-06-08,6.2,30069.99,31278.0,5044.4,2.42
2017-06-09,6.25,30312.49,72312.6,11581.4,2.4
2017-06-12,6.2,30069.99,11273.2,1808.5,2.42
2017-06-13,6.2,30069.99,37224.6,6003.6,2.42
2017-06-14,6.2,30069.99,33517.6,5371.4,2.42
2017-06-15,6.3,30554.99,56488.2,9007.1,2.38
2017-06-16,6.35,30797.5,344266.3,54024.9,2.36
2017-06-19,6.4,31039.99,332984.0,51946.3,2.34
2017-06-20,6.3,30554.99,193646.4,30434.2,2.38
2017-06-21,6.4,31039.99,323951.2,50772.9,2.34
2017-06-22,6.45,31282.49,252468.1,39228.4,2.33
2017-06-23,6.35,30797.5,62004.9,9673.9,2.36
2017-06-26,6.35,30797.5,62692.9,9902.4,2.36
2017-06-27,6.35,30797.5,67380.7,10608.9,2.36
2017-06-28,6.15,29827.49,115105.7,18601.9,2.44
2017-06-29,6.15,29827.49,132308.1,21333.4,2.44
2017-06-30,6.25,30312.49,38226.5,6165.0,2.4
2017-07-03,6.25,30312.49,39440.0,6354.3,2.4
2017-07-04,6.2,30069.99,35058.6,5625.9,2.42
2017-07-05,6.2,30069.99,28098.0,4543.0,2.42
2017-07-06,6.2,30069.99,41662.6,6761.9,2.42
2017-07-07,6.15,29827.49,13850.0,2248.3,2.44
2017-07-10,6.15,29827.49,NA,NA,2.44
2017-07-11,6.2,30069.99,56450.1,9139.2,2.42
2017-07-12,6.25,30312.49,76046.3,12253.0,2.4
2017-07-13,6.2,30069.99,18071.0,2914.3,2.42
2017-07-14,6.2,30069.99,34603.4,5587.3,2.42
2017-07-17,6.2,30069.99,43497.9,7015.0,2.42
2017-07-18,6.2,30069.99,24649.5,3980.0,2.42
2017-07-19,6.3,30554.99,65218.0,10403.6,2.38
2017-07-20,6.25,30312.49,31106.6,4975.2,2.4
2017-07-21,6.25,30312.49,41600.7,6672.0,2.4
2017-07-24,6.25,30312.49,39845.4,6401.0,2.4
2017-07-25,6.25,30312.49,60858.0,9795.3,2.4
2017-07-26,6.3,30554.99,83746.8,13362.3,2.38
2017-07-27,6.2,30069.99,26052.2,4175.3,2.42
2017-07-28,6.2,30069.99,NA,NA,2.42
2017-07-31,6.35,30797.5,119973.4,18997.1,2.36
2017-08-01,6.45,31282.49,473739.2,73521.8,2.33
2017-08-02,6.35,30797.5,53555.3,8399.5,2.36
2017-08-03,6.4,31039.99,91212.3,14257.7,2.34
2017-08-04,6.3,30554.99,33435.0,5260.1,2.38
2017-08-07,6.25,30312.49,50089.8,7990.2,2.4
2017-08-08,6.25,30312.49,45373.4,7231.2,2.4
2017-08-09,6.3,30554.99,31692.5,5034.1,2.38
2017-08-10,6.15,29827.49,138012.9,22442.5,2.44
2017-08-11,6.15,29827.49,64771.5,10539.6,2.44
2017-08-14,6.15,29827.49,NA,NA,2.44
2017-08-15,6.15,29827.49,26949.0,4381.9,2.44
2017-08-16,6.1,29584.99,44274.5,7248.8,2.46
2017-08-17,6.05,29342.49,86224.0,14249.8,2.48
2017-08-18,6.05,29342.49,38473.0,6354.3,2.48
2017-08-21,6.1,29584.99,14300.0,2353.4,2.46
2017-08-22,6.1,29584.99,22766.5,3730.5,2.46
2017-08-23,6.05,29342.49,19053.6,3130.5,2.48
2017-08-24,6.1,29584.99,10257.9,1683.7,2.46
2017-08-25,6.05,29342.49,12221.7,2008.7,2.48
2017-08-28,6.1,29584.99,74033.0,12141.5,2.46
2017-08-29,6.1,29584.99,119942.8,19635.0,2.46
2017-08-30,6.2,30069.99,190751.4,30811.1,2.42
2017-08-31,6.2,30069.99,43345.9,7036.1,2.42
2017-09-01,6.2,30069.99,132983.5,21394.1,2.42
2017-09-04,6.15,29827.49,41653.6,6757.2,2.44
2017-09-05,6.15,29827.49,16566.2,2692.9,2.44
2017-09-06,6.2,30069.99,17014.4,2766.8,2.42
2017-09-07,6.2,30069.99,61629.6,9962.3,2.42
2017-09-08,6.15,29827.49,79802.6,12945.4,2.44
2017-09-11,6.2,30069.99,36663.7,5952.1,2.42
2017-09-12,6.15,29827.49,23199.5,3752.1,2.44
2017-09-13,6.2,30069.99,271028.7,43274.5,2.42
2017-09-14,6.25,30312.49,45959.3,7402.4,2.4
2017-09-15,6.3,30554.99,185998.4,29676.0,2.38
2017-09-18,6.4,31039.99,255694.3,40162.2,2.34
2017-09-19,6.4,31039.99,293592.0,45652.7,2.34
2017-09-20,6.35,30797.5,79158.1,12465.3,2.36
2017-09-21,6.6,32010.0,609923.8,93199.4,2.27
2017-09-22,6.55,31767.49,236658.8,36251.4,2.29
2017-09-25,6.65,32252.49,228285.3,34694.9,2.26
2017-09-26,6.35,30797.5,331665.3,51496.3,2.36
2017-09-27,6.5,31524.99,164664.3,25528.9,2.31
2017-09-28,6.4,31039.99,70717.3,10964.8,2.34
2017-09-29,6.55,31767.49,398505.8,60795.1,2.29
2017-10-02,6.65,32252.49,684213.4,102500.9,2.26
2017-10-03,6.6,32010.0,101884.8,15357.4,2.27
2017-10-04,6.55,31767.49,120792.9,18386.6,2.29
2017-10-05,6.55,31767.49,66833.3,10256.2,2.29
2017-10-06,6.5,31524.99,132272.3,20252.2,2.31
2017-10-09,6.7,32494.99,1168422.0,173238.4,2.24
2017-10-10,6.65,32252.49,380411.9,56882.8,2.26
2017-10-11,6.65,32252.49,174192.8,26073.7,2.26
2017-10-12,6.65,32252.49,158704.1,23774.7,2.26
2017-10-13,6.65,32252.49,NA,NA,2.26
2017-10-16,6.6,32010.0,217278.5,32682.8,2.27
2017-10-17,6.45,31282.49,204578.0,31419.9,2.33
2017-10-18,6.45,31282.49,117703.2,18271.4,2.33
2017-10-19,6.35,30797.5,185391.1,28900.1,2.36
2017-10-20,6.4,31039.99,87198.3,13721.4,2.34
2017-10-23,6.4,31039.99,NA,NA,2.34
2017-10-24,6.4,31039.99,43549.3,6803.3,2.34
2017-10-25,6.4,31039.99,57561.7,8996.3,2.34
2017-10-26,6.4,31039.99,NA,NA,2.34
2017-10-27,6.35,30797.5,78020.3,12335.9,2.36
2017-10-30,6.3,30554.99,51379.4,8111.9,2.38
2017-10-31,6.4,31039.99,107589.7,16826.5,2.34
2017-11-01,6.3,30554.99,49189.1,7770.7,2.38
2017-11-02,6.3,30554.99,48085.3,7631.0,2.38
2017-11-03,6.1,29584.99,304608.2,49719.4,2.46
2017-11-06,6.2,30069.99,128134.5,20863.5,2.42
2017-11-07,6.1,29584.99,126686.2,20590.0,2.46
2017-11-08,6.2,30069.99,131764.2,21315.2,2.42
2017-11-09,6.3,30554.99,116303.0,18552.4,2.38
2017-11-10,6.25,30312.49,97282.0,15407.9,2.4
2017-11-13,6.25,30312.49,104814.7,16654.5,2.4
2017-11-14,6.3,30554.99,49412.6,7869.6,2.38
2017-11-15,6.3,30554.99,28743.6,4564.8,2.38
2017-11-16,6.3,30554.99,70143.4,11128.3,2.38
2017-11-17,6.4,31039.99,76459.8,12057.0,2.34
2017-11-20,6.4,31039.99,128272.8,19974.2,2.34
2017-11-21,6.4,31039.99,71770.1,11243.3,2.34
2017-11-22,6.25,30312.49,27012.4,4310.7,2.4
2017-11-23,6.2,30069.99,27920.1,4477.5,2.42
2017-11-24,6.2,30069.99,44956.9,7305.1,2.42
2017-11-27,6.2,30069.99,26112.7,4198.3,2.42
2017-11-28,6.3,30554.99,39444.6,6272.8,2.38
2017-11-29,6.3,30554.99,17366.4,2761.1,2.38
2017-11-30,6.2,30069.99,26774.0,4295.9,2.42
2017-12-01,6.2,30069.99,47416.5,7612.4,2.42
2017-12-04,6.35,30797.5,58149.6,9231.7,2.36
2017-12-05,6.35,30797.5,NA,NA,2.36
2017-12-06,6.2,30069.99,33669.5,5365.7,2.42
2017-12-07,6.25,30312.49,29071.6,4665.5,2.4
2017-12-08,6.2,30069.99,23959.0,3846.2,2.42
2017-12-11,6.2,30069.99,NA,NA,2.42
2017-12-12,6.2,30069.99,20427.1,3280.5,2.42
2017-12-13,6.25,30312.49,9932.1,1596.1,2.4
2017-12-14,6.3,30554.99,19891.7,3166.7,2.38
2017-12-15,6.25,30312.49,35332.8,5653.0,2.4
2017-12-18,6.25,30312.49,20398.0,3262.6,2.4
2017-12-19,6.15,29827.49,107112.4,17291.2,2.44
2017-12-20,6.15,29827.49,91499.3,14849.5,2.44
2017-12-21,6.2,30069.99,103110.7,16630.7,2.42
2017-12-22,6.25,30312.49,66349.5,10693.9,2.4
2017-12-25,6.15,29827.49,52135.4,8462.8,2.44
2017-12-26,6.15,29827.49,38038.7,6185.0,2.44
2017-12-27,6.15,29827.49,65859.4,10695.7,2.44
2017-12-28,6.1,29584.99,364177.4,60434.3,2.46
2017-12-29,6.15,29827.49,37046.2,6069.5,2.44
2016-01-01,5.25,25462.49,NA,NA,1.9
2016-01-04,5.15,24977.49,42566.1,8310.7,1.94
2016-01-05,5.2,25219.99,199397.1,39276.9,1.92
2016-01-06,5.35,25947.5,234577.4,44470.0,1.87
2016-01-07,5.5,26674.99,228150.2,41972.9,1.82
2016-01-08,5.5,26674.99,285592.8,51751.1,1.82
2016-01-11,5.65,27402.49,232118.6,41195.0,1.77
2016-01-12,5.85,28372.5,337836.7,57660.7,1.71
2016-01-13,5.95,28857.49,225740.0,37872.6,1.68
2016-01-14,5.9,28614.99,161318.8,27237.3,1.69
2016-01-15,6.0,29100.0,201968.8,33573.5,1.67
2016-01-18,5.75,27887.49,155420.3,26649.8,1.74
2016-01-19,5.6,27160.0,129853.3,22845.9,1.79
2016-01-20,5.4,26189.99,181017.8,32951.0,1.85
2016-01-21,5.45,26432.49,158631.8,29162.2,1.83
2016-01-22,5.4,26189.99,68728.6,12520.5,1.85
2016-01-25,5.5,26674.99,117502.7,21646.5,1.82
2016-01-26,5.5,26674.99,30184.1,5478.1,1.82
2016-01-27,5.95,28857.49,319609.1,55095.8,1.68
2016-01-28,5.7,27644.99,112601.5,19463.1,1.75
2016-01-29,5.7,27644.99,38540.3,6738.0,1.75
2016-02-01,5.55,26917.5,108687.5,19399.3,1.8
2016-02-02,5.65,27402.49,117756.4,20995.0,1.77
2016-02-03,5.45,26432.49,123115.5,22530.0,1.83
2016-02-04,5.3,25704.99,147076.6,27767.0,1.89
2016-02-05,5.45,26432.49,96939.6,17986.3,1.83
2016-02-08,5.55,26917.5,139589.6,25054.8,1.8
2016-02-09,5.5,26674.99,101562.4,18149.6,1.82
2016-02-10,5.4,26189.99,66963.9,12318.6,1.85
2016-02-11,5.4,26189.99,154314.2,27804.0,1.85
2016-02-12,5.3,25704.99,126019.8,23914.6,1.89
2016-02-15,5.3,25704.99,125417.7,23396.1,1.89
2016-02-16,5.35,25947.5,97247.6,18173.0,1.87
2016-02-17,5.6,27160.0,159766.9,29141.5,1.79
2016-02-18,5.4,26189.99,87410.4,16065.5,1.85
2016-02-19,5.45,26432.49,90632.7,16478.5,1.83
2016-02-22,5.45,26432.49,NA,NA,1.83
2016-02-23,5.7,27644.99,194601.6,34719.5,1.75
2016-02-24,5.65,27402.49,138437.1,24445.5,1.77
2016-02-25,5.8,28130.0,122361.2,21471.5,1.72
2016-02-26,5.35,25947.5,411799.9,76023.4,1.87
2016-02-29,5.1,24735.0,281234.8,53674.0,1.96
2016-03-01,4.98,24152.99,435707.9,88136.4,2.01
2016-03-02,5.05,24492.49,346191.9,69066.9,1.98
2016-03-03,4.98,24152.99,280032.4,56389.7,2.01
2016-03-04,4.96,24055.99,159057.9,31980.7,2.02
2016-03-07,4.96,24055.99,198380.5,40089.4,2.02
2016-03-08,4.88,23668.0,184660.1,37662.3,2.05
2016-03-09,4.92,23861.99,150418.1,30517.3,2.03
2016-03-10,5.1,24735.0,343000.3,67700.6,1.96
2016-03-11,5.2,25219.99,162836.8,31622.0,1.92
2016-03-14,5.2,25219.99,91509.2,17745.2,1.92
2016-03-15,5.25,25462.49,261057.6,49775.4,1.9
2016-03-16,5.2,25219.99,84823.9,16114.4,1.92
2016-03-17,5.3,25704.99,131360.9,24710.0,1.89
2016-03-18,5.25,25462.49,135514.3,25584.6,1.9
2016-03-21,5.35,25947.5,101134.6,18822.9,1.87
2016-03-22,5.25,25462.49,111090.0,20816.6,1.9
2016-03-23,5.3,25704.99,50498.1,9589.7,1.89
2016-03-24,5.35,25947.5,121591.5,22603.5,1.87
2016-03-25,5.3,25704.99,18326.8,3442.6,1.89
2016-03-28,5.35,25947.5,68267.8,12720.5,1.87
2016-03-29,5.6,27160.0,308323.6,55601.3,1.79
2016-03-30,5.65,27402.49,259723.5,45977.9,1.77
2016-03-31,5.8,28130.0,535839.2,91541.6,1.72
2016-04-01,5.95,28857.49,320757.2,54648.4,1.68
2016-04-04,6.0,29100.0,454123.1,74235.8,1.67
2016-04-05,6.0,29100.0,346106.7,57164.3,1.67
2016-04-06,6.0,29100.0,NA,NA,1.67
2016-04-07,5.9,28614.99,265279.3,44205.5,1.69
2016-04-08,5.8,28130.0,196864.4,33941.7,1.72
2016-04-11,6.05,29342.49,169217.0,28492.8,1.65
2016-04-12,6.0,29100.0,161767.5,26881.7,1.67
2016-04-13,6.0,29100.0,NA,NA,1.67
2016-04-14,6.0,29100.0,NA,NA,1.67
2016-04-15,6.0,29100.0,NA,NA,1.67
2016-04-18,6.1,29584.99,286310.3,47014.7,1.64
2016-04-19,6.05,29342.49,147009.6,24198.8,1.65
2016-04-20,6.0,29100.0,272872.1,44664.5,1.67
2016-04-21,5.95,28857.49,121559.0,20169.5,1.68
2016-04-22,5.9,28614.99,91244.1,15310.8,1.69
2016-04-25,5.95,28857.49,259613.8,43240.6,1.68
2016-04-26,5.8,28130.0,143065.8,24454.5,1.72
2016-04-27,5.9,28614.99,95850.0,16530.3,1.69
2016-04-28,5.85,28372.5,74846.8,12745.8,1.71
2016-04-29,5.8,28130.0,39431.6,6752.2,1.72
2016-05-02,5.8,28130.0,NA,NA,1.72
2016-05-03,5.85,28372.5,44943.7,7654.2,1.71
2016-05-04,5.8,28130.0,135746.4,23319.1,1.72
2016-05-05,5.8,28130.0,NA,NA,1.72
2016-05-06,5.8,28130.0,NA,NA,1.72
2016-05-09,5.65,27402.49,316881.1,55797.9,1.77
2016-05-10,5.7,27644.99,154603.2,27053.6,1.75
2016-05-11,5.9,28614.99,164334.5,28088.2,1.69
2016-05-12,5.85,28372.5,61282.2,10459.7,1.71
2016-05-13,6.15,29827.49,952735.9,156353.6,1.63
2016-05-16,6.15,29827.49,629419.6,101111.0,1.63
2016-05-17,6.0,29100.0,264208.9,43503.5,1.67
2016-05-18,6.0,29100.0,130540.0,21641.2,1.67
2016-05-19,6.0,29100.0,115636.5,19278.5,1.67
2016-05-20,6.0,29100.0,NA,NA,1.67
2016-05-23,5.9,28614.99,79247.6,13428.3,1.69
2016-05-24,6.05,29342.49,121417.7,20193.1,1.65
2016-05-25,6.0,29100.0,84262.1,14053.0,1.67
2016-05-26,5.9,28614.99,59923.2,10082.0,1.69
2016-05-27,5.9,28614.99,97775.1,16566.6,1.69
2016-05-30,6.0,29100.0,161381.8,26973.6,1.67
2016-05-31,6.3,30554.99,666273.8,107410.7,1.59
2016-06-01,6.25,30312.49,852887.4,134843.1,1.6
2016-06-02,6.15,29827.49,176577.8,28505.9,1.63
2016-06-03,6.3,30554.99,566829.9,89973.5,1.59
2016-06-06,6.0,29100.0,1039022.0,170653.3,1.67
2016-06-07,6.05,29342.49,131410.3,21703.1,1.65
2016-06-08,6.05,29342.49,253977.4,42423.5,1.65
2016-06-09,5.9,28614.99,283240.1,47852.4,1.69
2016-06-10,5.9,28614.99,221895.9,37928.5,1.69
2016-06-13,6.0,29100.0,712513.7,121186.9,1.67
2016-06-14,6.25,30312.49,3624420.0,604545.3,1.6
2016-06-15,6.15,29827.49,2367423.0,371456.6,1.63
2016-06-16,6.1,29584.99,708221.9,115227.4,1.64
2016-06-17,6.2,30069.99,843968.1,135372.8,1.61
2016-06-20,6.2,30069.99,201327.6,32519.5,1.61
2016-06-21,6.0,29100.0,597589.4,98684.3,1.67
2016-06-22,6.2,30069.99,532008.9,87907.2,1.61
2016-06-23,6.2,30069.99,746595.8,119247.6,1.61
2016-06-24,6.05,29342.49,632931.8,104279.7,1.65
2016-06-27,6.15,29827.49,247633.6,40426.3,1.63
2016-06-28,6.15,29827.49,208098.8,33814.3,1.63
2016-06-29,6.0,29100.0,407961.6,67109.9,1.67
2016-06-30,6.25,30312.49,927970.0,150765.1,1.6
2016-07-01,6.25,30312.49,NA,NA,1.6
2016-07-04,6.2,30069.99,218983.8,35316.5,1.61
2016-07-05,6.1,29584.99,184751.4,30214.3,1.64
2016-07-06,6.15,29827.49,137892.6,22413.8,1.63
2016-07-07,6.1,29584.99,116074.4,18946.7,1.64
2016-07-08,6.1,29584.99,109769.1,17994.0,1.64
2016-07-11,6.2,30069.99,462733.2,74639.1,1.61
2016-07-12,6.05,29342.49,581995.4,95655.8,1.65
2016-07-13,6.0,29100.0,368513.2,61232.8,1.67
2016-07-14,6.0,29100.0,170054.1,28249.9,1.67
2016-07-15,6.0,29100.0,106200.3,17596.0,1.67
2016-07-18,6.0,29100.0,NA,NA,1.67
2016-07-19,6.0,29100.0,NA,NA,1.67
2016-07-20,6.0,29100.0,243577.4,40724.1,1.67
2016-07-21,6.0,29100.0,167024.5,27739.4,1.67
2016-07-22,5.95,28857.49,140125.2,23546.9,1.68
2016-07-25,6.0,29100.0,215163.7,35612.6,1.67
2016-07-26,6.1,29584.99,248552.7,40855.7,1.64
2016-07-27,6.6,32010.0,2218449.0,345831.9,1.52
2016-07-28,6.5,31524.99,1689668.0,256170.3,1.54
2016-07-29,6.7,32494.99,1385718.0,208242.9,1.49
2016-08-01,6.6,32010.0,1589393.0,237066.6,1.52
2016-08-02,6.65,32252.49,938514.9,141134.0,1.5
2016-08-03,6.65,32252.49,727769.7,110249.6,1.5
2016-08-04,7.0,33949.99,1509489.0,221150.6,1.43
2016-08-05,7.05,34192.49,1754766.0,249365.1,1.42
2016-08-08,7.1,34434.99,1367533.0,191077.8,1.41
2016-08-09,7.3,35404.99,1475302.0,203446.2,1.37
2016-08-10,7.15,34677.49,889981.5,123590.2,1.4
2016-08-11,7.5,36374.99,1963896.0,264094.9,1.33
2016-08-12,7.5,36374.99,NA,NA,1.33
2016-08-15,7.65,37102.49,1411288.0,188823.2,1.31
2016-08-16,7.5,36374.99,1345946.0,178312.9,1.33
2016-08-17,7.35,35647.49,1022858.0,138123.8,1.36
2016-08-18,7.6,36860.0,980441.8,130577.3,1.32
2016-08-19,7.6,36860.0,581610.8,76795.8,1.32
2016-08-22,7.5,36374.99,484536.8,64149.8,1.33
2016-08-23,7.6,36860.0,1033262.0,135312.5,1.32
2016-08-24,7.5,36374.99,753170.1,100023.6,1.33
2016-08-25,7.5,36374.99,571164.3,75757.3,1.33
2016-08-26,7.55,36617.49,668042.2,88150.8,1.32
2016-08-29,7.55,36617.49,654424.9,87387.3,1.32
2016-08-30,7.55,36617.49,308282.1,40835.9,1.32
2016-08-31,7.5,36374.99,365394.1,48772.0,1.33
2016-09-01,7.4,35889.99,893417.4,120892.4,1.35
2016-09-02,7.2,34919.99,1033123.0,142116.3,1.39
2016-09-05,7.1,34434.99,1276910.0,184146.5,1.41
2016-09-06,7.4,35889.99,613116.4,84685.0,1.35
2016-09-07,7.3,35404.99,827892.9,112120.2,1.37
2016-09-08,7.0,33949.99,915428.8,129830.9,1.43
2016-09-09,7.1,34434.99,468914.6,67078.5,1.41
2016-09-12,6.9,33464.99,375120.0,54103.8,1.45
2016-09-13,7.1,34434.99,253970.8,36057.4,1.41
2016-09-14,7.05,34192.49,303068.1,43088.0,1.42
2016-09-15,7.0,33949.99,275462.1,39055.3,1.43
2016-09-16,7.0,33949.99,367965.3,52083.6,1.43
2016-09-19,7.35,35647.49,773373.4,106795.7,1.36
2016-09-20,7.15,34677.49,686092.6,95251.9,1.4
2016-09-21,7.1,34434.99,284570.3,39698.4,1.41
2016-09-22,7.2,34919.99,284487.5,39480.9,1.39
2016-09-23,7.1,34434.99,446472.4,62813.5,1.41
2016-09-26,7.05,34192.49,288540.7,40876.1,1.42
2016-09-27,7.1,34434.99,218041.1,30587.0,1.41
2016-09-28,7.15,34677.49,319435.6,44793.0,1.4
2016-09-29,7.15,34677.49,63322.6,8909.6,1.4
2016-09-30,7.15,34677.49,213183.1,30271.4,1.4
2016-10-03,7.05,34192.49,109247.1,15460.2,1.42
2016-10-04,7.05,34192.49,355274.4,50614.1,1.42
2016-10-05,7.0,33949.99,109934.7,15636.7,1.43
2016-10-06,7.05,34192.49,131321.1,18646.9,1.42
2016-10-07,7.05,34192.49,172552.0,24621.8,1.42
2016-10-10,6.7,32494.99,530518.8,78709.8,1.49
2016-10-11,6.4,31039.99,578781.6,89458.1,1.56
2016-10-12,6.05,29342.49,1228940.0,205442.6,1.65
2016-10-13,6.1,29584.99,794215.1,133314.3,1.64
2016-10-14,6.75,32737.49,1081615.0,163911.5,1.48
2016-10-17,6.75,32737.49,404193.7,60623.4,1.48
2016-10-18,6.7,32494.99,173770.0,25793.3,1.49
2016-10-19,6.95,33707.49,745235.4,107020.9,1.44
2016-10-20,6.8,32980.0,460361.8,67398.6,1.47
2016-10-21,7.05,34192.49,801047.0,114666.8,1.42
2016-10-24,7.05,34192.49,NA,NA,1.42
2016-10-25,6.95,33707.49,386301.1,55121.3,1.44
2016-10-26,6.9,33464.99,127721.1,18421.9,1.45
2016-10-27,6.8,32980.0,216421.8,31537.4,1.47
2016-10-28,6.9,33464.99,177449.7,25666.8,1.45
2016-10-31,7.05,34192.49,516926.6,73699.9,1.42
2016-11-01,7.1,34434.99,847333.1,117814.9,1.41
2016-11-02,7.3,35404.99,380267.8,52820.4,1.37
2016-11-03,7.2,34919.99,647122.4,88850.9,1.39
2016-11-04,7.15,34677.49,373411.7,52341.7,1.4
2016-11-07,7.1,34434.99,297403.9,41637.8,1.41
2016-11-08,7.05,34192.49,308374.0,43563.6,1.42
2016-11-09,7.1,34434.99,743594.0,105248.4,1.41
2016-11-10,7.15,34677.49,500343.0,69254.2,2.1
2016-11-11,7.05,34192.49,275417.5,38632.0,2.13
2016-11-14,6.9,33464.99,291792.1,42005.4,2.17
2016-11-15,6.9,33464.99,334836.1,48462.0,2.17
2016-11-16,6.9,33464.99,176649.6,25472.3,2.17
2016-11-17,6.95,33707.49,217424.6,31494.8,2.16
2016-11-18,6.8,32980.0,554110.1,81860.4,2.21
2016-11-21,6.7,32494.99,329671.8,48861.8,2.24
2016-11-22,6.75,32737.49,232672.4,34861.6,2.22
2016-11-23,6.5,31524.99,985139.6,151365.8,2.31
2016-11-24,6.45,31282.49,233266.0,35890.1,2.33
2016-11-25,6.6,32010.0,429185.5,65396.9,2.27
2016-11-28,6.55,31767.49,194514.4,29431.4,2.29
2016-11-29,6.55,31767.49,263317.8,40170.9,2.29
2016-11-30,6.55,31767.49,103177.9,15759.6,2.29
2016-12-01,6.4,31039.99,370050.6,57553.2,2.34
2016-12-02,6.25,30312.49,204823.1,32377.2,2.4
2016-12-05,6.25,30312.49,NA,NA,2.4
2016-12-06,6.3,30554.99,179992.7,28598.5,2.38
2016-12-07,6.4,31039.99,137069.3,21537.8,2.34
2016-12-08,6.4,31039.99,108624.0,16840.8,2.34
2016-12-09,6.3,30554.99,98187.8,15449.8,2.38
2016-12-12,6.3,30554.99,NA,NA,2.38
2016-12-13,6.25,30312.49,98307.8,15686.4,2.4
2016-12-14,6.25,30312.49,99525.8,16003.8,2.4
2016-12-15,6.15,29827.49,301526.1,48587.6,2.44
2016-12-16,6.2,30069.99,172931.3,27737.1,2.42
2016-12-19,6.2,30069.99,72455.6,11618.4,2.42
2016-12-20,6.15,29827.49,29115.0,4712.6,2.44
2016-12-21,6.1,29584.99,129203.1,21197.4,2.46
2016-12-22,6.0,29100.0,120692.6,19991.8,2.5
2016-12-23,6.05,29342.49,124191.2,20581.4,2.48
2016-12-26,6.05,29342.49,223287.3,36729.9,2.48
2016-12-27,6.05,29342.49,211635.1,35109.7,2.48
2016-12-28,6.15,29827.49,74999.9,12262.6,2.44
2016-12-29,6.1,29584.99,86151.6,14035.0,2.46
2016-12-30,6.05,29342.49,179571.4,29498.6,2.48
2015-01-01,4.3,20855.0,NA,NA,0.0
2015-01-02,4.3,20855.0,NA,NA,0.0
2015-01-05,4.3,20855.0,71287.9,16567.4,0.0
2015-01-06,4.54,22018.99,265539.0,59230.2,0.0
2015-01-07,4.58,22212.99,110609.1,24048.5,0.0
2015-01-08,4.62,22407.0,70601.2,15339.9,0.0
2015-01-09,4.72,22892.0,237218.0,50678.6,0.0
2015-01-12,4.66,22600.99,83157.1,17719.0,0.0
2015-01-13,4.74,22988.99,355857.3,75047.8,0.0
2015-01-14,4.64,22504.0,119861.1,25469.9,0.0
2015-01-15,4.62,22407.0,43478.4,9401.5,0.0
2015-01-16,4.7,22794.99,177475.9,37623.6,0.0
2015-01-19,4.68,22698.0,36978.5,7847.2,0.0
2015-01-20,4.76,23085.99,193004.6,40462.5,0.0
2015-01-21,4.86,23570.99,332723.1,69002.8,0.0
2015-01-22,5.05,24492.49,634206.0,127314.1,0.0
2015-01-23,5.1,24735.0,217513.8,42659.4,0.0
2015-01-26,5.2,25219.99,176194.3,34332.7,0.0
2015-01-27,5.0,24250.0,199989.0,39406.5,0.0
2015-01-28,5.1,24735.0,126206.4,24712.4,0.0
2015-01-29,5.4,26189.99,614984.0,115747.2,0.0
2015-01-30,5.45,26432.49,252200.2,46882.1,0.0
2015-02-02,5.15,24977.49,228358.6,44041.1,0.0
2015-02-03,5.1,24735.0,284596.2,56301.6,0.0
2015-02-04,4.9,23764.99,500647.3,101432.8,0.0
2015-02-05,5.1,24735.0,339451.6,67084.7,0.0
2015-02-06,5.0,24250.0,158726.1,31642.2,0.0
2015-02-09,4.94,23958.99,131783.9,26584.5,0.0
2015-02-10,4.88,23668.0,139467.4,28520.4,0.0
2015-02-11,4.96,24055.99,121870.9,24646.8,0.0
2015-02-12,5.0,24250.0,103106.4,20635.8,0.0
2015-02-13,4.94,23958.99,58323.4,11736.5,0.0
2015-02-16,4.9,23764.99,82217.6,16669.6,0.0
2015-02-17,4.88,23668.0,63696.5,13012.7,0.0
2015-02-18,4.9,23764.99,48342.5,9920.6,0.0
2015-02-19,4.96,24055.99,84979.2,17246.1,0.0
2015-02-20,4.94,23958.99,72486.1,14557.6,0.0
2015-02-23,5.15,24977.49,255896.2,50354.9,0.0
2015-02-24,5.05,24492.49,137392.6,26934.1,0.0
2015-02-25,5.15,24977.49,175550.7,34520.1,0.0
2015-02-26,5.35,25947.5,345281.6,66013.4,0.0
2015-02-27,5.35,25947.5,150649.3,28023.8,0.0
2015-03-02,5.2,25219.99,99203.9,19057.6,0.0
2015-03-03,5.2,25219.99,165484.4,32027.0,0.0
2015-03-04,5.2,25219.99,NA,NA,0.0
2015-03-05,5.1,24735.0,129086.4,25132.1,0.0
2015-03-06,5.15,24977.49,38889.0,7548.3,0.0
2015-03-09,5.15,24977.49,44018.9,8554.8,0.0
2015-03-10,5.15,24977.49,164817.3,31853.3,0.0
2015-03-11,5.3,25704.99,150402.6,28934.5,0.0
2015-03-12,5.5,26674.99,395280.8,72435.4,0.0
2015-03-13,5.4,26189.99,181289.7,32733.2,0.0
2015-03-16,5.3,25704.99,159170.6,29779.0,0.0
2015-03-17,5.2,25219.99,128699.8,24317.4,0.0
2015-03-18,5.4,26189.99,75236.6,14133.4,0.0
2015-03-19,5.45,26432.49,177271.9,32121.0,0.0
2015-03-20,5.75,27887.49,224331.3,40328.6,0.0
2015-03-23,5.75,27887.49,87147.7,15273.3,0.0
2015-03-24,5.85,28372.5,160012.8,27932.7,0.0
2015-03-25,5.7,27644.99,74963.3,13035.9,0.0
2015-03-26,5.55,26917.5,274839.8,49843.0,0.0
2015-03-27,5.55,26917.5,111839.4,20659.6,0.0
2015-03-30,5.15,24977.49,550278.3,107670.1,0.0
2015-03-31,5.0,24250.0,1136140.0,231801.4,0.0
2015-04-01,5.1,24735.0,450395.8,87493.8,0.0
2015-04-02,5.0,24250.0,260688.1,51545.9,0.0
2015-04-03,5.1,24735.0,157174.8,31008.2,0.0
2015-04-06,5.1,24735.0,NA,NA,0.0
2015-04-07,4.96,24055.99,200876.4,40122.1,0.0
2015-04-08,4.92,23861.99,163816.6,32906.7,0.0
2015-04-09,4.96,24055.99,109979.9,22043.1,0.0
2015-04-10,5.05,24492.49,84789.4,16876.1,0.0
2015-04-13,5.05,24492.49,NA,NA,0.0
2015-04-14,5.05,24492.49,NA,NA,0.0
2015-04-15,5.05,24492.49,NA,NA,0.0
2015-04-16,4.96,24055.99,136285.6,27420.5,0.0
2015-04-17,4.88,23668.0,253468.2,52085.5,0.0
2015-04-20,4.72,22892.0,207783.0,43782.3,0.0
2015-04-21,4.86,23570.99,199684.1,41317.1,0.0
2015-04-22,4.96,24055.99,192689.6,38931.2,0.0
2015-04-23,4.86,23570.99,105073.9,21389.1,0.0
2015-04-24,4.9,23764.99,25504.3,5221.5,0.0
2015-04-27,4.78,23182.99,91896.7,19107.0,0.0
2015-04-28,4.72,22892.0,104671.2,22005.5,0.0
2015-04-29,4.76,23085.99,80797.7,17011.6,0.0
2015-04-30,4.8,23280.0,33821.9,7055.3,0.0
2015-05-01,4.8,23280.0,NA,NA,0.0
2015-05-04,4.8,23280.0,NA,NA,0.0
2015-05-05,4.8,23280.0,NA,NA,0.0
2015-05-06,4.74,22988.99,40308.8,8428.6,0.0
2015-05-07,4.56,22116.0,124987.4,26868.8,0.0
2015-05-08,4.74,22988.99,86049.8,18417.5,0.0
2015-05-11,4.74,22988.99,59855.8,12530.5,0.0
2015-05-12,4.74,22988.99,58676.0,12393.2,0.0
2015-05-13,4.7,22794.99,76152.9,16080.4,0.0
2015-05-14,4.7,22794.99,91056.8,19528.0,0.0
2015-05-15,4.76,23085.99,46488.3,9796.2,0.0
2015-05-18,4.76,23085.99,74331.9,15514.4,0.0
2015-05-19,4.86,23570.99,86438.4,17915.7,0.0
2015-05-20,4.9,23764.99,68799.1,14108.3,0.0
2015-05-21,4.82,23376.99,61011.7,12581.8,0.0
2015-05-22,4.82,23376.99,23095.4,4791.6,0.0
2015-05-25,4.78,23182.99,23913.1,4977.1,0.0
2015-05-26,4.7,22794.99,32286.8,6818.9,0.0
2015-05-27,4.72,22892.0,37314.9,7975.1,0.0
2015-05-28,4.72,22892.0,58615.4,12383.1,0.0
2015-05-29,4.7,22794.99,37534.7,7958.5,0.0
2015-06-01,4.7,22794.99,NA,NA,0.0
2015-06-02,4.7,22794.99,30730.0,6538.2,0.0
2015-06-03,4.72,22892.0,61298.1,13047.6,0.0
2015-06-04,4.7,22794.99,47798.6,10170.8,0.0
2015-06-05,4.72,22892.0,78462.9,16612.7,0.0
2015-06-08,4.7,22794.99,38169.9,8116.6,0.0
2015-06-09,4.62,22407.0,86683.9,18696.1,0.0
2015-06-10,4.64,22504.0,37434.7,8080.7,0.0
2015-06-11,4.52,21922.0,222612.9,48844.9,0.0
2015-06-12,4.34,21048.99,508565.2,116797.1,0.0
2015-06-15,4.32,20951.99,124047.9,28602.2,0.0
2015-06-16,4.46,21631.0,263994.2,59741.4,0.0
2015-06-17,4.68,22698.0,477432.9,103228.4,0.0
2015-06-18,4.56,22116.0,231971.4,50435.0,0.0
2015-06-19,4.22,20467.0,715344.2,167631.6,0.0
2015-06-22,4.34,21048.99,313043.2,72471.8,0.0
2015-06-23,4.28,20757.99,255082.9,59414.6,0.0
2015-06-24,4.4,21339.99,261406.9,59621.4,0.0
2015-06-25,4.34,21048.99,108401.3,24808.8,0.0
2015-06-26,4.42,21437.0,257557.9,58148.6,0.0
2015-06-29,4.36,21145.99,145649.6,33545.9,0.0
2015-06-30,4.4,21339.99,91288.9,20972.0,0.0
2015-07-01,4.4,21339.99,NA,NA,0.0
2015-07-02,4.48,21727.99,179742.3,40111.6,0.0
2015-07-03,4.5,21824.99,76327.9,16952.5,0.0
2015-07-06,4.48,21727.99,85336.6,19067.5,0.0
2015-07-07,4.66,22600.99,253245.6,54434.2,0.0
2015-07-08,4.66,22600.99,187057.5,40195.6,0.0
2015-07-09,4.66,22600.99,202860.1,43389.5,0.0
2015-07-10,4.76,23085.99,161826.8,34173.9,0.0
2015-07-13,4.78,23182.99,211900.6,44054.3,0.0
2015-07-14,4.76,23085.99,163450.9,33977.7,0.0
2015-07-15,4.76,23085.99,34921.2,7292.1,0.0
2015-07-16,4.68,22698.0,105463.3,22581.3,0.0
2015-07-17,4.74,22988.99,42400.0,8968.4,0.0
2015-07-20,4.7,22794.99,31988.9,6804.6,0.0
2015-07-21,4.68,22698.0,74884.4,15974.8,0.0
2015-07-22,4.64,22504.0,58408.3,12577.7,0.0
2015-07-23,4.78,23182.99,104698.3,22031.7,0.0
2015-07-24,4.78,23182.99,87480.0,18266.6,0.0
2015-07-27,4.74,22988.99,57095.0,12070.1,0.0
2015-07-28,4.84,23474.0,140583.2,29160.8,0.0
2015-07-29,4.88,23668.0,78397.3,16112.9,0.0
2015-07-30,4.88,23668.0,NA,NA,0.0
2015-07-31,4.88,23668.0,112238.9,22964.8,0.0
2015-08-03,4.92,23861.99,141463.2,28639.5,0.0
2015-08-04,4.98,24152.99,86686.3,17481.4,0.0
2015-08-05,5.0,24250.0,121540.4,24270.4,0.0
2015-08-06,5.0,24250.0,135520.7,26988.4,0.0
2015-08-07,5.05,24492.49,50001.1,9975.9,0.0
2015-08-10,5.05,24492.49,75748.9,15125.4,0.0
2015-08-11,4.78,23182.99,200034.4,41150.9,0.0
2015-08-12,4.78,23182.99,NA,NA,0.0
2015-08-13,4.56,22116.0,267084.1,58662.4,0.0
2015-08-14,4.66,22600.99,150701.0,32887.7,0.0
2015-08-17,4.58,22212.99,144633.6,31207.4,0.0
2015-08-18,4.16,20175.99,771317.3,183640.2,0.0
2015-08-19,4.28,20757.99,459583.1,108867.4,0.0
2015-08-20,4.3,20855.0,167971.2,39255.0,0.0
2015-08-21,4.22,20467.0,135864.7,32139.7,0.0
2015-08-24,4.08,19788.0,114497.3,27744.2,0.0
2015-08-25,4.18,20273.0,147213.1,36280.3,0.0
2015-08-26,4.14,20079.0,60335.5,14572.9,0.0
2015-08-27,4.28,20757.99,91630.1,21627.3,0.0
2015-08-28,4.4,21339.99,209259.0,48352.8,0.0
2015-08-31,4.34,21048.99,57881.7,13292.5,0.0
2015-09-01,4.3,20855.0,77303.3,18027.3,2.33
2015-09-02,4.36,21145.99,83450.5,19155.2,2.29
2015-09-03,4.46,21631.0,104942.3,23555.3,2.24
2015-09-04,4.5,21824.99,69050.4,15468.5,2.22
2015-09-07,4.46,21631.0,17638.7,3958.8,2.24
2015-09-08,4.48,21727.99,61830.0,13855.4,2.23
2015-09-09,4.52,21922.0,79021.2,17495.7,2.21
2015-09-10,4.52,21922.0,16030.1,3559.1,2.21
2015-09-11,4.52,21922.0,66868.6,14720.3,2.21
2015-09-14,4.42,21437.0,27441.9,6194.1,2.26
2015-09-15,4.42,21437.0,21350.2,4806.5,2.26
2015-09-16,4.46,21631.0,35406.5,7937.2,2.24
2015-09-17,4.46,21631.0,29157.6,6500.5,2.24
2015-09-18,4.5,21824.99,19836.1,4409.1,2.22
2015-09-21,4.48,21727.99,14676.1,3282.6,2.23
2015-09-22,4.48,21727.99,32077.8,7127.1,2.23
2015-09-23,4.44,21533.99,36280.6,8166.8,2.25
2015-09-24,4.46,21631.0,54710.1,12266.0,2.24
2015-09-25,4.46,21631.0,16630.0,3728.9,2.24
2015-09-28,4.34,21048.99,54015.0,12313.4,2.3
2015-09-29,4.3,20855.0,54062.8,12624.5,2.33
2015-09-30,4.32,20951.99,16629.4,3858.5,2.31
2015-10-01,4.28,20757.99,11978.7,2778.1,2.34
2015-10-02,4.3,20855.0,9462.8,2200.7,2.33
2015-10-05,4.48,21727.99,76080.9,17080.8,2.23
2015-10-06,4.48,21727.99,12757.9,2857.0,2.23
2015-10-07,4.5,21824.99,109565.3,24261.9,2.22
2015-10-08,4.5,21824.99,63187.5,13986.8,2.22
2015-10-09,4.54,22018.99,41877.3,9250.2,2.2
2015-10-12,4.56,22116.0,44166.5,9716.7,2.19
2015-10-13,4.54,22018.99,16844.0,3721.9,2.2
2015-10-14,4.56,22116.0,36588.5,7999.3,2.19
2015-10-15,4.62,22407.0,68040.1,14719.9,2.16
2015-10-16,4.62,22407.0,37700.4,8151.7,2.16
2015-10-19,4.64,22504.0,24833.1,5368.2,2.16
2015-10-20,4.62,22407.0,10883.3,2347.0,2.16
2015-10-21,4.66,22600.99,15363.6,3308.7,2.15
2015-10-22,4.66,22600.99,11397.0,2445.3,2.15
2015-10-23,4.66,22600.99,NA,NA,2.15
2015-10-26,4.74,22988.99,61704.3,13091.7,2.11
2015-10-27,4.76,23085.99,27599.6,5814.8,2.1
2015-10-28,4.62,22407.0,52769.8,11326.1,2.16
2015-10-29,4.56,22116.0,40610.7,8847.8,2.19
2015-10-30,4.62,22407.0,23517.2,5091.4,2.16
2015-11-02,4.68,22698.0,10047.5,2155.7,2.14
2015-11-03,4.68,22698.0,13254.9,2830.5,2.14
2015-11-04,4.7,22794.99,34102.3,7239.6,2.13
2015-11-05,4.76,23085.99,76320.8,15975.7,2.1
2015-11-06,4.8,23280.0,19079.6,3994.0,2.08
2015-11-09,4.76,23085.99,26690.3,5588.6,2.1
2015-11-10,4.8,23280.0,91683.6,19126.7,2.08
2015-11-11,4.78,23182.99,16559.4,3460.5,2.09
2015-11-12,4.78,23182.99,56158.0,11836.3,2.09
2015-11-13,4.72,22892.0,44972.2,9594.0,2.12
2015-11-16,4.84,23474.0,45134.3,9470.0,2.07
2015-11-17,4.84,23474.0,35925.7,7440.3,2.07
2015-11-18,4.78,23182.99,37484.0,7898.1,2.09
2015-11-19,4.74,22988.99,14113.4,2977.0,2.11
2015-11-20,4.78,23182.99,19191.7,4026.2,2.09
2015-11-23,4.76,23085.99,52872.2,11061.5,2.1
2015-11-24,4.66,22600.99,84275.6,18013.3,2.15
2015-11-25,4.68,22698.0,14642.4,3129.7,2.14
2015-11-26,4.66,22600.99,31978.4,6875.2,2.15
2015-11-27,4.58,22212.99,17688.1,3839.3,2.18
2015-11-30,4.56,22116.0,45304.4,10017.1,2.19
2015-12-01,4.66,22600.99,57046.6,12383.9,2.15
2015-12-02,4.38,21242.99,90810.3,20401.5,2.28
2015-12-03,4.52,21922.0,51710.1,11611.3,2.21
2015-12-04,4.48,21727.99,22313.3,4982.4,2.23
2015-12-07,4.48,21727.99,NA,NA,2.23
2015-12-08,4.5,21824.99,62696.8,13899.1,2.22
2015-12-09,4.54,22018.99,96373.2,21460.1,2.2
2015-12-10,4.54,22018.99,NA,NA,2.2
2015-12-11,4.66,22600.99,199732.3,42906.6,2.15
2015-12-14,4.68,22698.0,51781.1,11158.4,2.14
2015-12-15,4.74,22988.99,34593.5,7325.8,2.11
2015-12-16,4.82,23376.99,119187.3,24818.3,2.07
2015-12-17,4.98,24152.99,270036.8,54546.6,2.01
2015-12-18,4.98,24152.99,122061.8,24531.9,2.01
2015-12-21,4.94,23958.99,58261.5,11810.1,2.02
2015-12-22,4.86,23570.99,42678.8,8747.0,2.06
2015-12-23,4.92,23861.99,46567.4,9491.3,2.03
2015-12-24,4.9,23764.99,13000.8,2649.3,2.04
2015-12-25,4.94,23958.99,20010.2,4091.0,2.02
2015-12-28,5.0,24250.0,41154.5,8262.5,2.0
2015-12-29,5.15,24977.49,166406.6,32625.8,1.94
2015-12-30,5.25,25462.49,78501.1,15024.8,1.9
2015-12-31,5.25,25462.49,NA,NA,1.9
2014-01-01,3.66,17751.0,NA,NA,0.0
2014-01-02,3.44,16683.99,65373.3,19045.1,0.0
2014-01-03,3.42,16586.99,34585.3,10163.8,0.0
2014-01-06,3.54,17168.99,41467.2,11936.8,0.0
2014-01-07,3.72,18041.99,92143.9,25572.0,0.0
2014-01-08,3.64,17653.99,57568.1,15618.6,0.0
2014-01-09,3.58,17362.99,43226.6,12064.9,0.0
2014-01-10,3.54,17168.99,9457.4,2681.9,0.0
2014-01-13,3.54,17168.99,34542.0,9834.4,0.0
2014-01-14,3.76,18235.99,93851.8,25513.5,0.0
2014-01-15,3.82,18526.99,77583.5,20269.3,0.0
2014-01-16,4.08,19788.0,158552.1,40179.4,0.0
2014-01-17,3.88,18817.99,69752.6,17693.1,0.0
2014-01-20,3.8,18429.99,12806.9,3321.3,0.0
2014-01-21,3.82,18526.99,32525.4,8483.3,0.0
2014-01-22,3.7,17944.99,34604.3,9287.2,0.0
2014-01-23,3.72,18041.99,42380.7,11393.3,0.0
2014-01-24,3.74,18138.99,27957.2,7404.6,0.0
2014-01-27,3.68,17847.99,12310.5,3339.0,0.0
2014-01-28,3.54,17168.99,37530.4,10442.7,0.0
2014-01-29,3.56,17265.99,16376.1,4596.7,0.0
2014-01-30,3.54,17168.99,11219.1,3183.2,0.0
2014-01-31,3.56,17265.99,22646.4,6349.8,0.0
2014-02-03,3.64,17653.99,49226.7,13504.7,0.0
2014-02-04,3.68,17847.99,33610.9,9260.2,0.0
2014-02-05,3.82,18526.99,184410.3,48888.1,0.0
2014-02-06,3.9,18914.99,166683.2,42596.9,0.0
2014-02-07,3.78,18332.99,75990.9,19824.1,0.0
2014-02-10,3.72,18041.99,26405.0,7011.7,0.0
2014-02-11,3.74,18138.99,40346.7,10773.3,0.0
2014-02-12,3.9,18914.99,121255.7,31397.8,0.0
2014-02-13,3.88,18817.99,79275.6,20484.4,0.0
2014-02-14,3.88,18817.99,NA,NA,0.0
2014-02-17,3.92,19011.99,129483.2,32956.6,0.0
2014-02-18,4.04,19594.0,301577.8,75708.5,0.0
2014-02-19,3.96,19205.99,156574.6,38818.4,0.0
2014-02-20,3.86,18720.99,59499.9,15339.9,0.0
2014-02-21,3.82,18526.99,93636.4,24454.8,0.0
2014-02-24,3.74,18138.99,36163.2,9619.6,0.0
2014-02-25,3.78,18332.99,81884.6,21657.0,0.0
2014-02-26,3.8,18429.99,9455.0,2497.4,0.0
2014-02-27,3.78,18332.99,59428.6,15668.9,0.0
2014-02-28,3.82,18526.99,30983.4,8173.2,0.0
2014-03-03,3.94,19108.99,212959.1,54002.2,0.0
2014-03-04,4.0,19400.0,115272.4,28975.3,0.0
2014-03-05,4.0,19400.0,119670.8,29895.0,0.0
2014-03-06,4.0,19400.0,91951.1,22965.9,0.0
2014-03-07,4.04,19594.0,38095.8,9479.2,0.0
2014-03-10,3.98,19302.99,89826.9,22561.7,0.0
2014-03-11,4.2,20369.99,155258.8,37872.6,0.0
2014-03-12,4.1,19884.99,174143.2,42165.2,0.0
2014-03-13,4.24,20564.0,230215.1,54777.8,0.0
2014-03-14,4.3,20854.99,261017.6,60891.2,0.0
2014-03-17,4.28,20757.99,109676.9,25482.4,0.0
2014-03-18,4.14,20078.99,204488.8,48520.0,0.0
2014-03-19,4.08,19788.0,155161.3,37926.8,0.0
2014-03-20,4.04,19594.0,84142.6,20881.7,0.0
2014-03-21,4.1,19884.99,58060.4,14185.8,0.0
2014-03-24,3.94,19108.99,94611.3,23734.6,0.0
2014-03-25,3.96,19205.99,69886.9,17742.9,0.0
2014-03-26,4.0,19400.0,32129.0,8063.0,0.0
2014-03-27,3.94,19108.99,14629.6,3680.8,0.0
2014-03-28,3.96,19205.99,27159.9,6865.6,0.0
2014-03-31,3.96,19205.99,13735.0,3455.3,0.0
2014-04-01,4.04,19594.0,58864.4,14612.1,0.0
2014-04-02,4.16,20175.99,182249.6,43888.7,0.0
2014-04-03,4.08,19788.0,63053.9,15353.0,0.0
2014-04-04,4.06,19690.99,21935.4,5409.6,0.0
2014-04-07,4.06,19690.99,NA,NA,0.0
2014-04-08,3.94,19108.99,83112.9,20915.0,0.0
2014-04-09,3.94,19108.99,31115.0,7865.2,0.0
2014-04-10,4.02,19496.99,36637.7,9175.7,0.0
2014-04-11,4.0,19400.0,16558.6,4149.9,0.0
2014-04-14,4.0,19400.0,NA,NA,0.0
2014-04-15,4.0,19400.0,NA,NA,0.0
2014-04-16,4.0,19400.0,14425.2,3603.0,0.0
2014-04-17,3.98,19302.99,35205.2,8809.3,0.0
2014-04-18,3.94,19108.99,35531.6,8940.8,0.0
2014-04-21,3.96,19205.99,24743.8,6239.6,0.0
2014-04-22,3.94,19108.99,27600.0,6993.5,0.0
2014-04-23,3.98,19302.99,58668.8,14726.0,0.0
2014-04-24,3.96,19205.99,38416.0,9699.3,0.0
2014-04-25,3.94,19108.99,47917.6,12149.2,0.0
2014-04-28,4.04,19594.0,74643.0,18766.6,0.0
2014-04-29,4.04,19594.0,85554.3,21190.9,0.0
2014-04-30,4.02,19496.99,15635.1,3896.4,0.0
2014-05-01,4.02,19496.99,NA,NA,0.0
2014-05-02,3.98,19302.99,17521.0,4389.6,0.0
2014-05-05,3.98,19302.99,NA,NA,0.0
2014-05-06,3.94,19108.99,28223.0,7137.6,0.0
2014-05-07,3.92,19011.99,35319.4,8989.9,0.0
2014-05-08,3.86,18720.99,67803.5,17557.3,0.0
2014-05-09,3.86,18720.99,22041.7,5721.2,0.0
2014-05-12,3.86,18720.99,15160.3,3961.4,0.0
2014-05-13,3.86,18720.99,NA,NA,0.0
2014-05-14,3.84,18623.99,30704.6,7996.8,0.0
2014-05-15,3.8,18429.99,23883.2,6265.4,0.0
2014-05-16,3.82,18526.99,20379.0,5360.0,0.0
2014-05-19,3.82,18526.99,23049.1,5967.1,0.0
2014-05-20,3.86,18720.99,42260.7,11067.0,0.0
2014-05-21,3.92,19011.99,21037.8,5410.2,0.0
2014-05-22,3.92,19011.99,14555.8,3719.1,0.0
2014-05-23,3.88,18817.99,28862.5,7539.3,0.0
2014-05-26,3.82,18526.99,14069.1,3679.7,0.0
2014-05-27,3.84,18623.99,17990.0,4697.6,0.0
2014-05-28,3.84,18623.99,65521.8,16927.7,0.0
2014-05-29,3.88,18817.99,49960.0,12850.5,0.0
2014-05-30,3.96,19205.99,115732.6,29217.6,0.0
2014-06-02,4.06,19690.99,221740.1,54534.4,0.0
2014-06-03,4.12,19981.99,262341.2,64097.4,0.0
2014-06-04,4.06,19690.99,91276.4,22307.4,0.0
2014-06-05,4.08,19788.0,38645.9,9487.9,0.0
2014-06-06,4.12,19981.99,152018.2,36788.3,0.0
2014-06-09,4.12,19981.99,302230.1,72633.2,0.0
2014-06-10,4.18,20272.99,160683.5,38531.1,0.0
2014-06-11,4.2,20369.99,211741.7,50096.7,0.0
2014-06-12,4.3,20854.99,559523.8,131218.1,0.0
2014-06-13,4.3,20854.99,632088.9,145957.8,0.0
2014-06-16,4.32,20951.99,324499.0,74638.8,0.0
2014-06-17,4.2,20369.99,275477.3,64905.7,0.0
2014-06-18,4.1,19884.99,150965.1,36500.7,0.0
2014-06-19,4.16,20175.99,61523.7,14870.3,0.0
2014-06-20,4.14,20078.99,47839.4,11523.1,0.0
2014-06-23,4.14,20078.99,46713.0,11222.6,0.0
2014-06-24,4.1,19884.99,80302.7,19564.9,0.0
2014-06-25,4.08,19788.0,27575.1,6738.7,0.0
2014-06-26,4.18,20272.99,96716.5,23205.0,0.0
2014-06-27,4.16,20175.99,38488.5,9252.3,0.0
2014-06-30,4.12,19981.99,29166.5,7020.5,0.0
2014-07-01,4.12,19981.99,NA,NA,0.0
2014-07-02,4.26,20660.99,209711.1,49727.3,0.0
2014-07-03,4.26,20660.99,153618.2,36020.9,0.0
2014-07-04,4.26,20660.99,158153.6,36957.0,0.0
2014-07-07,4.26,20660.99,76078.4,17778.1,0.0
2014-07-08,4.26,20660.99,48062.0,11237.9,0.0
2014-07-09,4.52,21921.99,528809.8,120045.3,0.0
2014-07-10,4.56,22115.99,447633.8,97408.5,0.0
2014-07-11,4.56,22115.99,NA,NA,0.0
2014-07-14,4.66,22600.99,429607.6,92452.4,0.0
2014-07-15,4.66,22600.99,285292.2,61004.8,0.0
2014-07-16,4.6,22309.99,120191.6,26033.6,0.0
2014-07-17,4.9,23764.99,607333.0,127217.1,0.0
2014-07-18,4.9,23764.99,482850.1,99432.6,0.0
2014-07-21,4.92,23861.99,221687.4,44770.7,0.0
2014-07-22,4.76,23085.99,266312.1,55218.0,0.0
2014-07-23,4.78,23182.99,159442.7,33275.6,0.0
2014-07-24,4.72,22891.99,185980.9,39336.6,0.0
2014-07-25,4.6,22309.99,274585.5,58867.5,0.0
2014-07-28,4.7,22794.99,187902.1,40316.1,0.0
2014-07-29,4.6,22309.99,174751.3,37893.6,0.0
2014-07-30,4.56,22115.99,144220.3,32027.1,0.0
2014-07-31,4.44,21533.99,56853.7,12582.4,0.0
2014-08-01,4.34,21048.99,238306.4,55113.7,0.0
2014-08-04,4.46,21630.99,124894.4,28330.7,0.0
2014-08-05,4.4,21339.99,148592.0,33458.3,0.0
2014-08-06,4.32,20951.99,61545.8,14130.8,0.0
2014-08-07,4.56,22115.99,372212.7,83336.8,0.0
2014-08-08,4.6,22309.99,273539.6,59953.6,0.0
2014-08-11,4.6,22309.99,NA,NA,0.0
2014-08-12,4.6,22309.99,NA,NA,0.0
2014-08-13,4.62,22407.0,283901.7,61337.6,0.0
2014-08-14,4.6,22309.99,174802.8,38034.7,0.0
2014-08-15,4.6,22309.99,115352.1,25108.4,0.0
2014-08-18,4.6,22309.99,56033.6,12207.1,0.0
2014-08-19,4.66,22600.99,292163.1,62346.9,0.0
2014-08-20,4.68,22697.99,137080.9,29104.6,0.0
2014-08-21,4.76,23085.99,362391.8,76024.1,0.0
2014-08-22,4.58,22212.99,452843.2,97487.3,0.0
2014-08-25,4.66,22600.99,211975.9,46244.3,0.0
2014-08-26,4.6,22309.99,224345.6,48256.0,0.0
2014-08-27,4.6,22309.99,93428.1,20232.6,0.0
2014-08-28,4.6,22309.99,67862.9,14751.8,0.0
2014-08-29,4.56,22115.99,80492.7,17560.8,0.0
2014-09-01,4.62,22407.0,151058.1,32655.5,0.0
2014-09-02,4.72,22891.99,391990.6,83500.2,0.0
2014-09-03,4.82,23376.99,636177.2,132861.8,0.0
2014-09-04,4.82,23376.99,637408.4,131208.3,0.0
2014-09-05,4.82,23376.99,229971.3,47506.0,0.0
2014-09-08,4.74,22988.99,142134.3,29657.5,0.0
2014-09-09,4.76,23085.99,140061.4,29336.4,0.0
2014-09-10,4.78,23182.99,132738.4,28098.2,0.0
2014-09-11,4.74,22988.99,125386.0,26279.9,0.0
2014-09-12,4.72,22891.99,93177.4,19652.1,0.0
2014-09-15,4.72,22891.99,62554.5,13174.2,0.0
2014-09-16,4.68,22697.99,54078.7,11485.5,0.0
2014-09-17,4.66,22600.99,65056.0,13927.0,0.0
2014-09-18,4.72,22891.99,70633.6,15086.8,0.0
2014-09-19,4.68,22697.99,44572.1,9467.8,0.0
2014-09-22,4.7,22794.99,40645.6,8633.2,0.0
2014-09-23,4.8,23279.99,168319.3,35297.2,0.0
2014-09-24,4.8,23279.99,154889.3,32350.9,0.0
2014-09-25,4.74,22988.99,116246.6,24291.2,0.0
2014-09-26,4.8,23279.99,66889.7,13998.2,0.0
2014-09-29,4.68,22697.99,89721.1,18954.3,0.0
2014-09-30,4.64,22503.99,52741.0,11291.2,0.0
2014-10-01,4.64,22503.99,26315.8,5652.1,0.0
2014-10-02,4.6,22309.99,82762.8,18032.7,0.0
2014-10-03,4.62,22407.0,45210.5,9886.6,0.0
2014-10-06,4.44,21533.99,75079.9,16666.3,0.0
2014-10-07,4.4,21339.99,51990.7,11768.2,0.0
2014-10-08,4.4,21339.99,113611.5,25819.0,0.0
2014-10-09,4.42,21436.99,28552.1,6450.1,0.0
2014-10-10,4.42,21436.99,16671.4,3786.8,0.0
2014-10-13,4.36,21145.99,59340.3,13576.7,0.0
2014-10-14,4.36,21145.99,28278.1,6488.1,0.0
2014-10-15,4.48,21727.99,230672.1,51122.2,0.0
2014-10-16,4.42,21436.99,40625.5,9132.0,0.0
2014-10-17,4.4,21339.99,42341.2,9630.5,0.0
2014-10-20,4.36,21145.99,27732.0,6309.1,0.0
2014-10-21,4.34,21048.99,22443.5,5172.2,0.0
2014-10-22,4.4,21339.99,18583.0,4253.8,0.0
2014-10-23,4.4,21339.99,NA,NA,0.0
2014-10-24,4.38,21242.99,23718.7,5399.0,0.0
2014-10-27,4.38,21242.99,15673.4,3578.9,0.0
2014-10-28,4.42,21436.99,43456.5,9825.3,0.0
2014-10-29,4.42,21436.99,38283.8,8627.2,0.0
2014-10-30,4.4,21339.99,19109.9,4337.1,0.0
2014-10-31,4.42,21436.99,27149.5,6141.8,0.0
2014-11-03,4.38,21242.99,21964.4,5003.9,0.0
2014-11-04,4.36,21145.99,12037.8,2746.4,0.0
2014-11-05,4.36,21145.99,18825.0,4308.9,0.0
2014-11-06,4.38,21242.99,27719.4,6335.9,0.0
2014-11-07,4.32,20951.99,37385.5,8625.8,0.0
2014-11-10,4.28,20757.99,29337.7,6815.9,0.0
2014-11-11,4.22,20467.0,71724.7,16998.6,0.0
2014-11-12,4.16,20175.99,42652.4,10184.2,0.0
2014-11-13,4.18,20273.0,28860.5,6883.9,0.0
2014-11-14,4.24,20564.0,80552.3,19068.9,0.0
2014-11-17,4.16,20175.99,31309.6,7501.9,0.0
2014-11-18,4.24,20564.0,82848.5,19646.9,0.0
2014-11-19,4.22,20467.0,74135.3,17450.4,0.0
2014-11-20,4.22,20467.0,22356.4,5284.2,0.0
2014-11-21,4.22,20467.0,31315.5,7453.2,0.0
2014-11-24,4.18,20273.0,16164.3,3848.8,0.0
2014-11-25,4.18,20273.0,13826.6,3298.8,0.0
2014-11-26,4.34,21048.99,125457.3,29098.6,0.0
2014-11-27,4.5,21824.99,251090.6,56461.8,0.0
2014-11-28,4.68,22698.0,444836.4,95231.1,0.0
2014-12-01,4.68,22698.0,318694.8,67142.4,0.0
2014-12-02,4.58,22212.99,120572.6,26203.8,0.0
2014-12-03,4.6,22310.0,100009.6,21594.9,0.0
2014-12-04,4.62,22407.0,30303.0,6575.9,0.0
2014-12-05,4.62,22407.0,NA,NA,0.0
2014-12-08,4.6,22310.0,106.4,23130.2,0.0
2014-12-09,4.66,22600.99,126475.6,27099.1,0.0
2014-12-10,4.66,22600.99,NA,NA,0.0
2014-12-11,4.74,22988.99,808692.5,169651.5,0.0
2014-12-12,4.82,23376.99,746018.9,153165.1,0.0
2014-12-15,4.66,22600.99,662258.4,142003.9,0.0
2014-12-16,4.62,22407.0,385011.4,82425.2,0.0
2014-12-17,4.54,22018.99,331805.6,71727.0,0.0
2014-12-18,4.68,22698.0,449601.6,96875.1,0.0
2014-12-19,4.6,22310.0,164939.7,35438.4,0.0
2014-12-22,4.56,22116.0,170668.6,37239.2,0.0
2014-12-23,4.56,22116.0,101023.9,22057.7,0.0
2014-12-24,4.54,22018.99,69258.4,15199.8,0.0
2014-12-25,4.46,21631.0,105278.6,23459.2,0.0
2014-12-26,4.42,21437.0,147574.3,33451.5,0.0
2014-12-29,4.32,20951.99,296742.2,69141.7,0.0
2014-12-30,4.3,20855.0,140091.1,32556.0,0.0
2014-12-31,4.3,20855.0,NA,NA,0.0
2019-01-01,,,NA,,
2019-01-02,,,37363.6,,
2019-01-03,,,82412.4,,
2019-01-04,,,75351.8,,
2019-01-07,,,30869.7,,
2019-01-08,,,15961.3,,
2019-01-09,,,40823.0,,
2019-01-10,,,23799.8,,
2019-01-11,,,16243.5,,
2019-01-14,,,16983.5,,
2019-01-15,,,9105.2,,
2019-01-16,,,25775.6,,
2019-01-17,,,11675.4,,
2019-01-18,,,20533.8,,
2019-01-21,,,8076.4,,
2019-01-22,,,12950.6,,
2019-01-23,,,41178.2,,
2019-01-24,,,30085.9,,
2019-01-25,,,41311.7,,
2019-01-28,,,29054.2,,
2019-01-29,,,17807.4,,
2019-01-30,,,161677.3,,
2019-01-31,,,100729.4,,
2019-02-01,,,23861.6,,
2019-02-04,,,88999.9,,
2019-02-05,,,37734.3,,
2019-02-06,,,42525.4,,
2019-02-07,,,43749.2,,
2019-02-08,,,65112.9,,
2019-02-11,,,60198.5,,
2019-02-12,,,9587.2,,
2019-02-13,,,63964.5,,
2019-02-14,,,59016.1,,
2019-02-15,,,87422.6,,
2019-02-18,,,38153.5,,
2019-02-19,,,NA,,
2019-02-20,,,14770.2,,
2019-02-21,,,58143.9,,
2019-02-22,,,334549.3,,
2019-02-25,,,296139.6,,
2019-02-26,,,59195.3,,
2019-02-27,,,72318.6,,
2019-02-28,,,636493.1,,
2019-03-01,,,76947.8,,
2019-03-04,,,103209.9,,
2019-03-05,,,124752.3,,
2019-03-06,,,233708.4,,
2019-03-07,,,36162.2,,
2019-03-08,,,59172.4,,
2019-03-11,,,50778.0,,
2019-03-12,,,32048.3,,
2019-03-13,,,41795.0,,
2019-03-14,,,29340.1,,
2019-03-15,,,44551.3,,
2019-03-18,,,54796.9,,
2019-03-19,,,39262.9,,
2019-03-20,,,47432.9,,
2019-03-21,,,39508.6,,
2019-03-22,,,27031.2,,
2019-03-25,,,66233.6,,
2019-03-26,,,22581.6,,
2019-03-27,,,18052.8,,
2019-03-28,,,32458.0,,
2019-03-29,,,15421.2,,
2019-04-01,,,30776.3,,
2019-04-02,,,16984.5,,
2019-04-03,,,44371.8,,
2019-04-04,,,24894.2,,
2019-04-05,,,28043.9,,
2019-04-08,,,NA,,
2019-04-09,,,9524.4,,
2019-04-10,,,9781.6,,
2019-04-11,,,7710.0,,
2019-04-12,,,20128.2,,
2019-04-15,,,NA,,
2019-04-16,,,NA,,
2019-04-17,,,120588.9,,
2019-04-18,,,137405.7,,
2019-04-19,,,25485.7,,
2019-04-22,,,63484.8,,
2019-04-23,,,61258.0,,
2019-04-24,,,37328.9,,
2019-04-25,,,28892.6,,
2019-04-26,,,18095.5,,
2019-04-29,,,26858.6,,
2019-04-30,,,8225.7,,
2019-05-01,,,NA,,
2019-05-02,,,19259.6,,
2019-05-03,,,134951.4,,
2019-05-06,,,NA,,
2019-05-07,,,32452.1,,
2019-05-08,,,23195.5,,
2019-05-09,,,17919.8,,
2019-05-10,,,23710.2,,
2019-05-13,,,88647.1,,
2019-05-14,,,118018.3,,
2019-05-15,,,35572.6,,
2019-05-16,,,65803.2,,
2019-05-17,,,28932.3,,
2019-05-20,,,NA,,
2019-05-21,,,52800.8,,
2019-05-22,,,35741.9,,
2019-05-23,,,23759.4,,
2019-05-24,,,40871.2,,
2019-05-27,,,91314.8,,
2019-05-28,,,180864.4,,
2019-05-29,,,45893.4,,
2019-05-30,,,30408.2,,
2019-05-31,,,52950.6,,
2019-06-03,,,NA,,
2019-06-04,,,74611.9,,
2019-06-05,,,39068.2,,
2019-06-06,,,58231.5,,
2019-06-07,,,37698.3,,
2019-06-10,,,47717.0,,
2019-06-11,,,109400.7,,
2019-06-12,,,54738.4,,
2019-06-13,,,23722.5,,
2019-06-14,,,21311.6,,
2019-06-17,,,23164.9,,
2019-06-18,,,37879.2,,
2019-06-19,,,46445.3,,
2019-06-20,,,231524.9,,
2019-06-21,,,152658.1,,
2019-06-24,,,35235.4,,
2019-06-25,,,162111.8,,
2019-06-26,,,99736.9,,
2019-06-27,,,262961.3,,
2019-06-28,,,132700.5,,
2019-07-01,,,69498.4,,
2019-07-02,,,45069.9,,
2019-07-03,,,46813.0,,
2019-07-04,,,156179.1,,
2019-07-05,,,48305.0,,
2019-07-08,,,102206.9,,
2019-07-09,,,62007.3,,
2019-07-10,,,33937.6,,
2019-07-11,,,84226.3,,
2019-07-12,,,50397.7,,
2019-07-15,,,49036.3,,
2019-07-16,,,NA,,
2019-07-17,,,36291.7,,
2019-07-18,,,19166.7,,
2019-07-19,,,34349.6,,
2019-07-22,,,20523.8,,
2019-07-23,,,26437.8,,
2019-07-24,,,12359.1,,
2019-07-25,,,38383.7,,
2019-07-26,,,42972.6,,
2019-07-29,,,NA,,
2019-07-30,,,60833.1,,
2019-07-31,,,53822.4,,
2019-08-01,,,19814.2,,
2019-08-02,,,53212.2,,
2019-08-05,,,23935.0,,
2019-08-06,,,39959.1,,
2019-08-07,,,191050.6,,
2019-08-08,,,39159.6,,
2019-08-09,,,43727.7,,
2019-08-12,,,NA,,
2019-08-13,,,96347.3,,
2019-08-14,,,91535.9,,
2019-08-15,,,54380.4,,
2019-08-16,,,60455.4,,
2019-08-19,,,46363.5,,
2019-08-20,,,29304.4,,
2019-08-21,,,34319.8,,
2019-08-22,,,43690.7,,
2019-08-23,,,24888.1,,
2019-08-26,,,54806.9,,
2019-08-27,,,31794.4,,
2019-08-28,,,24163.0,,
2019-08-29,,,42176.3,,
2019-08-30,,,40712.1,,
2019-09-02,,,20548.0,,
2019-09-03,,,25475.1,,
2019-09-04,,,25588.7,,
2019-09-05,,,18721.0,,
2019-09-06,,,9372.6,,
2019-09-09,,,11342.8,,
2019-09-10,,,9936.2,,
2019-09-11,,,22352.8,,
2019-09-12,,,20762.4,,
2019-09-13,,,8023.7,,
2019-09-16,,,12409.6,,
2019-09-17,,,39354.8,,
2019-09-18,,,20356.8,,
2019-09-19,,,10684.3,,
2019-09-20,,,16394.2,,
2019-09-23,,,14318.5,,
2019-09-24,,,11048.2,,
2019-09-25,,,11048.5,,
2019-09-26,,,25173.7,,
2019-09-27,,,16528.4,,
2019-09-30,,,13089.5,,
2019-10-01,,,12264.7,,
2019-10-02,,,8555.5,,
2019-10-03,,,9685.5,,
2019-10-04,,,9977.7,,
2019-10-07,,,7678.2,,
2019-10-08,,,14899.4,,
2019-10-09,,,8373.8,,
2019-10-10,,,19471.8,,
2019-10-11,,,32157.8,,
2019-10-14,,,NA,,
2019-10-15,,,61364.3,,
2019-10-16,,,62615.1,,
2019-10-17,,,25949.5,,
2019-10-18,,,10132.1,,
2019-10-21,,,25968.1,,
2019-10-22,,,11083.1,,
2019-10-23,,,NA,,
2019-10-24,,,20068.6,,
2019-10-25,,,36884.7,,
2019-10-28,,,24108.3,,
2019-10-29,,,29528.4,,
2019-10-30,,,23651.1,,
2019-10-31,,,52106.9,,
2019-11-01,,,20572.7,,
2019-11-04,,,27644.1,,
2019-11-05,,,19277.6,,
2019-11-06,,,29854.8,,
2019-11-07,,,21503.5,,
2019-11-08,,,13621.4,,
2019-11-11,,,17412.4,,
2019-11-12,,,47023.4,,
2019-11-13,,,56157.2,,
2019-11-14,,,43605.0,,
2019-11-15,,,96329.4,,
2019-11-18,,,39044.8,,
2019-11-19,,,16787.1,,
2019-11-20,,,48432.4,,
2019-11-21,,,25356.2,,
2019-11-22,,,6917.7,,
2019-11-25,,,31295.6,,
2019-11-26,,,18672.7,,
2019-11-27,,,103900.3,,
2019-11-28,,,68354.8,,
2019-11-29,,,13283.2,,
2019-12-02,,,13688.0,,
2019-12-03,,,13068.8,,
2019-12-04,,,17517.8,,
2019-12-05,,,NA,,
2019-12-06,,,10116.8,,
2019-12-09,,,10359.1,,
2019-12-10,,,NA,,
2019-12-11,,,9263.7,,
2019-12-12,,,9321.3,,
2019-12-13,,,15242.0,,
2019-12-16,,,11947.2,,
2019-12-17,,,28690.5,,
2019-12-18,,,13377.1,,
2019-12-19,,,6847.4,,
2019-12-20,,,9786.1,,
2019-12-23,,,7097.9,,
2019-12-24,,,6025.7,,
2019-12-25,,,3756.8,,
2019-12-26,,,5533.2,,
2019-12-27,,,10248.2,,
2019-12-30,,,14203.0,,
2019-12-31,,,NA,,
2018-01-01,,,NA,,
2018-01-02,,,NA,,
2018-01-03,,,136386.2,,
2018-01-04,,,57564.8,,
2018-01-05,,,116751.2,,
2018-01-08,,,82394.8,,
2018-01-09,,,66846.9,,
2018-01-10,,,199529.6,,
2018-01-11,,,76474.4,,
2018-01-12,,,72995.9,,
2018-01-15,,,201788.6,,
2018-01-16,,,69694.8,,
2018-01-17,,,62984.5,,
2018-01-18,,,30703.1,,
2018-01-19,,,42692.3,,
2018-01-22,,,53175.6,,
2018-01-23,,,15303.6,,
2018-01-24,,,14234.2,,
2018-01-25,,,27087.1,,
2018-01-26,,,13210.8,,
2018-01-29,,,19198.1,,
2018-01-30,,,21570.6,,
2018-01-31,,,19558.9,,
2018-02-01,,,23318.4,,
2018-02-02,,,17227.1,,
2018-02-05,,,70143.9,,
2018-02-06,,,59517.0,,
2018-02-07,,,33698.2,,
2018-02-08,,,105071.6,,
2018-02-09,,,112347.8,,
2018-02-12,,,35565.2,,
2018-02-13,,,20028.6,,
2018-02-14,,,9495.9,,
2018-02-15,,,58725.6,,
2018-02-16,,,68384.1,,
2018-02-19,,,65646.9,,
2018-02-20,,,29175.4,,
2018-02-21,,,14399.9,,
2018-02-22,,,34695.8,,
2018-02-23,,,22438.6,,
2018-02-26,,,34523.2,,
2018-02-27,,,18757.9,,
2018-02-28,,,19595.6,,
2018-03-01,,,NA,,
2018-03-02,,,27293.5,,
2018-03-05,,,51300.0,,
2018-03-06,,,17773.0,,
2018-03-07,,,35601.7,,
2018-03-08,,,31149.5,,
2018-03-09,,,19429.6,,
2018-03-12,,,9491.5,,
2018-03-13,,,19916.2,,
2018-03-14,,,27948.4,,
2018-03-15,,,17763.7,,
2018-03-16,,,27628.0,,
2018-03-19,,,32790.0,,
2018-03-20,,,20577.0,,
2018-03-21,,,15456.1,,
2018-03-22,,,14216.7,,
2018-03-23,,,48005.0,,
2018-03-26,,,32035.1,,
2018-03-27,,,19042.9,,
2018-03-28,,,21899.6,,
2018-03-29,,,32413.6,,
2018-03-30,,,18642.6,,
2018-04-02,,,110389.2,,
2018-04-03,,,243931.2,,
2018-04-04,,,360041.9,,
2018-04-05,,,35828.0,,
2018-04-06,,,NA,,
2018-04-09,,,174173.4,,
2018-04-10,,,65462.5,,
2018-04-11,,,43548.8,,
2018-04-12,,,60135.3,,
2018-04-13,,,NA,,
2018-04-16,,,NA,,
2018-04-17,,,49791.7,,
2018-04-18,,,77424.1,,
2018-04-19,,,52143.8,,
2018-04-20,,,74689.9,,
2018-04-23,,,80079.2,,
2018-04-24,,,30133.8,,
2018-04-25,,,37782.1,,
2018-04-26,,,27378.3,,
2018-04-27,,,29826.6,,
2018-04-30,,,80805.1,,
2018-05-01,,,NA,,
2018-05-02,,,332913.1,,
2018-05-03,,,77245.6,,
2018-05-04,,,136521.5,,
2018-05-07,,,220576.8,,
2018-05-08,,,51739.5,,
2018-05-09,,,29433.8,,
2018-05-10,,,125757.4,,
2018-05-11,,,68077.0,,
2018-05-14,,,126514.1,,
2018-05-15,,,96771.3,,
2018-05-16,,,54866.7,,
2018-05-17,,,24137.0,,
2018-05-18,,,19835.4,,
2018-05-21,,,17500.2,,
2018-05-22,,,59383.0,,
2018-05-23,,,61669.1,,
2018-05-24,,,73781.8,,
2018-05-25,,,51253.8,,
2018-05-28,,,45576.8,,
2018-05-29,,,NA,,
2018-05-30,,,46497.5,,
2018-05-31,,,104940.6,,
2018-06-01,,,28988.5,,
2018-06-04,,,59801.1,,
2018-06-05,,,45064.4,,
2018-06-06,,,37611.2,,
2018-06-07,,,14103.3,,
2018-06-08,,,11476.2,,
2018-06-11,,,12593.2,,
2018-06-12,,,47427.9,,
2018-06-13,,,30623.6,,
2018-06-14,,,85450.8,,
2018-06-15,,,7196.8,,
2018-06-18,,,14671.5,,
2018-06-19,,,75630.1,,
2018-06-20,,,22117.0,,
2018-06-21,,,34108.5,,
2018-06-22,,,21281.2,,
2018-06-25,,,19569.4,,
2018-06-26,,,16123.2,,
2018-06-27,,,21249.0,,
2018-06-28,,,54634.1,,
2018-06-29,,,62754.3,,
2018-07-02,,,46391.7,,
2018-07-03,,,124806.4,,
2018-07-04,,,78283.3,,
2018-07-05,,,49495.2,,
2018-07-06,,,27445.2,,
2018-07-09,,,24715.8,,
2018-07-10,,,180726.1,,
2018-07-11,,,56049.5,,
2018-07-12,,,47786.5,,
2018-07-13,,,131914.3,,
2018-07-16,,,53530.3,,
2018-07-17,,,23774.1,,
2018-07-18,,,24963.8,,
2018-07-19,,,37166.1,,
2018-07-20,,,84715.0,,
2018-07-23,,,97984.9,,
2018-07-24,,,176277.2,,
2018-07-25,,,110197.2,,
2018-07-26,,,98328.2,,
2018-07-27,,,NA,,
2018-07-30,,,NA,,
2018-07-31,,,94344.8,,
2018-08-01,,,159024.9,,
2018-08-02,,,75215.4,,
2018-08-03,,,178399.0,,
2018-08-06,,,95441.8,,
2018-08-07,,,85434.3,,
2018-08-08,,,61583.2,,
2018-08-09,,,201147.9,,
2018-08-10,,,228942.1,,
2018-08-13,,,NA,,
2018-08-14,,,58207.5,,
2018-08-15,,,61935.9,,
2018-08-16,,,56531.0,,
2018-08-17,,,79566.9,,
2018-08-20,,,53833.7,,
2018-08-21,,,95726.3,,
2018-08-22,,,36583.9,,
2018-08-23,,,53445.1,,
2018-08-24,,,52189.5,,
2018-08-27,,,23599.5,,
2018-08-28,,,60864.1,,
2018-08-29,,,68470.4,,
2018-08-30,,,58519.3,,
2018-08-31,,,79963.1,,
2018-09-03,,,50044.8,,
2018-09-04,,,23218.8,,
2018-09-05,,,59017.8,,
2018-09-06,,,23309.0,,
2018-09-07,,,9573.3,,
2018-09-10,,,30612.1,,
2018-09-11,,,16038.6,,
2018-09-12,,,102187.8,,
2018-09-13,,,86472.8,,
2018-09-14,,,36388.7,,
2018-09-17,,,98603.8,,
2018-09-18,,,74436.1,,
2018-09-19,,,48802.5,,
2018-09-20,,,68899.8,,
2018-09-21,,,84141.1,,
2018-09-24,,,103289.1,,
2018-09-25,,,132029.3,,
2018-09-26,,,40037.9,,
2018-09-27,,,37995.0,,
2018-09-28,,,25203.7,,
2018-10-01,,,36316.8,,
2018-10-02,,,31114.1,,
2018-10-03,,,102326.1,,
2018-10-04,,,62214.2,,
2018-10-05,,,53512.4,,
2018-10-08,,,50194.4,,
2018-10-09,,,38390.3,,
2018-10-10,,,14557.0,,
2018-10-11,,,55107.3,,
2018-10-12,,,25642.5,,
2018-10-15,,,NA,,
2018-10-16,,,44246.6,,
2018-10-17,,,13088.3,,
2018-10-18,,,20280.0,,
2018-10-19,,,48471.6,,
2018-10-22,,,84282.6,,
2018-10-23,,,NA,,
2018-10-24,,,72695.6,,
2018-10-25,,,45257.7,,
2018-10-26,,,27275.0,,
2018-10-29,,,39989.5,,
2018-10-30,,,8957.2,,
2018-10-31,,,34624.2,,
2018-11-01,,,56346.6,,
2018-11-02,,,48077.1,,
2018-11-05,,,29775.5,,
2018-11-06,,,28373.4,,
2018-11-07,,,61752.7,,
2018-11-08,,,15028.0,,
2018-11-09,,,14656.2,,
2018-11-12,,,50861.3,,
2018-11-13,,,22913.8,,
2018-11-14,,,366244.9,,
2018-11-15,,,114163.1,,
2018-11-16,,,45415.6,,
2018-11-19,,,29167.8,,
2018-11-20,,,73665.6,,
2018-11-21,,,48098.9,,
2018-11-22,,,15344.9,,
2018-11-23,,,19172.9,,
2018-11-26,,,231919.4,,
2018-11-27,,,312108.6,,
2018-11-28,,,205801.0,,
2018-11-29,,,100457.7,,
2018-11-30,,,37870.4,,
2018-12-03,,,84935.5,,
2018-12-04,,,28773.0,,
2018-12-05,,,NA,,
2018-12-06,,,17743.4,,
2018-12-07,,,242829.4,,
2018-12-10,,,NA,,
2018-12-11,,,96855.0,,
2018-12-12,,,65498.4,,
2018-12-13,,,66360.4,,
2018-12-14,,,42955.5,,
2018-12-17,,,26196.1,,
2018-12-18,,,59755.5,,
2018-12-19,,,48123.1,,
2018-12-20,,,22391.5,,
2018-12-21,,,25517.9,,
2018-12-24,,,10934.1,,
2018-12-25,,,91249.4,,
2018-12-26,,,38097.5,,
2018-12-27,,,33099.1,,
2018-12-28,,,19390.9,,
2018-12-31,,,NA,,
2016-12-30,,,179571.4,,
2017-01-02,,,NA,,
2017-01-03,,,NA,,
2017-01-04,,,109733.1,,
2017-01-05,,,161438.1,,
2017-01-06,,,552522.2,,
2017-01-09,,,585707.2,,
2017-01-10,,,264327.8,,
2017-01-11,,,274243.7,,
2017-01-12,,,114742.2,,
2017-01-13,,,71077.3,,
2017-01-16,,,192812.9,,
2017-01-17,,,180344.8,,
2017-01-18,,,120892.0,,
2017-01-19,,,151504.8,,
2017-01-20,,,159251.9,,
2017-01-23,,,91761.8,,
2017-01-24,,,780998.2,,
2017-01-25,,,472490.6,,
2017-01-26,,,218516.0,,
2017-01-27,,,718458.3,,
2017-01-30,,,165284.8,,
2017-01-31,,,117685.8,,
2017-02-01,,,253646.3,,
2017-02-02,,,80343.3,,
2017-02-03,,,81989.9,,
2017-02-06,,,81351.6,,
2017-02-07,,,354737.3,,
2017-02-08,,,58380.5,,
2017-02-09,,,188938.8,,
2017-02-10,,,65786.8,,
2017-02-13,,,NA,,
2017-02-14,,,32341.5,,
2017-02-15,,,54079.7,,
2017-02-16,,,32754.9,,
2017-02-17,,,49153.1,,
2017-02-20,,,33531.4,,
2017-02-21,,,30179.6,,
2017-02-22,,,261350.1,,
2017-02-23,,,33638.3,,
2017-02-24,,,36728.9,,
2017-02-27,,,216568.9,,
2017-02-28,,,74835.9,,
2017-03-01,,,36381.0,,
2017-03-02,,,127579.8,,
2017-03-03,,,78431.3,,
2017-03-06,,,45956.3,,
2017-03-07,,,64011.8,,
2017-03-08,,,117159.5,,
2017-03-09,,,48120.8,,
2017-03-10,,,33066.1,,
2017-03-13,,,54684.0,,
2017-03-14,,,77107.6,,
2017-03-15,,,33693.2,,
2017-03-16,,,143861.6,,
2017-03-17,,,68893.8,,
2017-03-20,,,50894.6,,
2017-03-21,,,190105.4,,
2017-03-22,,,140249.3,,
2017-03-23,,,76930.1,,
2017-03-24,,,58884.1,,
2017-03-27,,,48659.3,,
2017-03-28,,,222739.1,,
2017-03-29,,,44429.6,,
2017-03-30,,,76475.8,,
2017-03-31,,,52059.2,,
2017-04-03,,,211584.2,,
2017-04-04,,,76069.1,,
2017-04-05,,,65279.7,,
2017-04-06,,,NA,,
2017-04-07,,,80370.4,,
2017-04-10,,,75581.1,,
2017-04-11,,,42811.2,,
2017-04-12,,,64609.0,,
2017-04-13,,,NA,,
2017-04-14,,,NA,,
2017-04-17,,,133176.4,,
2017-04-18,,,74715.4,,
2017-04-19,,,86614.1,,
2017-04-20,,,126596.6,,
2017-04-21,,,89676.8,,
2017-04-24,,,44810.0,,
2017-04-25,,,59751.4,,
2017-04-26,,,12549.1,,
2017-04-27,,,33337.6,,
2017-04-28,,,28700.8,,
2017-05-01,,,NA,,
2017-05-02,,,17266.1,,
2017-05-03,,,97435.3,,
2017-05-04,,,310118.1,,
2017-05-05,,,97308.6,,
2017-05-08,,,164796.9,,
2017-05-09,,,409940.1,,
2017-05-10,,,NA,,
2017-05-11,,,518820.1,,
2017-05-12,,,225330.2,,
2017-05-15,,,56467.0,,
2017-05-16,,,12887.3,,
2017-05-17,,,71113.3,,
2017-05-18,,,91232.3,,
2017-05-19,,,41981.8,,
2017-05-22,,,21751.8,,
2017-05-23,,,23972.6,,
2017-05-24,,,78589.2,,
2017-05-25,,,52841.5,,
2017-05-26,,,98488.5,,
2017-05-29,,,151773.9,,
2017-05-30,,,82639.6,,
2017-05-31,,,48691.1,,
2017-06-01,,,12976.1,,
2017-06-02,,,16749.9,,
2017-06-05,,,46720.4,,
2017-06-06,,,49795.9,,
2017-06-07,,,51363.0,,
2017-06-08,,,31278.0,,
2017-06-09,,,72312.6,,
2017-06-12,,,11273.2,,
2017-06-13,,,37224.6,,
2017-06-14,,,33517.6,,
2017-06-15,,,56488.2,,
2017-06-16,,,344266.3,,
2017-06-19,,,332984.0,,
2017-06-20,,,193646.4,,
2017-06-21,,,323951.2,,
2017-06-22,,,252468.1,,
2017-06-23,,,62004.9,,
2017-06-26,,,62692.9,,
2017-06-27,,,67380.7,,
2017-06-28,,,115105.7,,
2017-06-29,,,132308.1,,
2017-06-30,,,38226.5,,
2017-07-03,,,39440.0,,
2017-07-04,,,35058.6,,
2017-07-05,,,28098.0,,
2017-07-06,,,41662.6,,
2017-07-07,,,13850.0,,
2017-07-10,,,NA,,
2017-07-11,,,56450.1,,
2017-07-12,,,76046.3,,
2017-07-13,,,18071.0,,
2017-07-14,,,34603.4,,
2017-07-17,,,43497.9,,
2017-07-18,,,24649.5,,
2017-07-19,,,65218.0,,
2017-07-20,,,31106.6,,
2017-07-21,,,41600.7,,
2017-07-24,,,39845.4,,
2017-07-25,,,60858.0,,
2017-07-26,,,83746.8,,
2017-07-27,,,26052.2,,
2017-07-28,,,NA,,
2017-07-31,,,119973.4,,
2017-08-01,,,473739.2,,
2017-08-02,,,53555.3,,
2017-08-03,,,91212.3,,
2017-08-04,,,33435.0,,
2017-08-07,,,50089.8,,
2017-08-08,,,45373.4,,
2017-08-09,,,31692.5,,
2017-08-10,,,138012.9,,
2017-08-11,,,64771.5,,
2017-08-14,,,NA,,
2017-08-15,,,26949.0,,
2017-08-16,,,44274.5,,
2017-08-17,,,86224.0,,
2017-08-18,,,38473.0,,
2017-08-21,,,14300.0,,
2017-08-22,,,22766.5,,
2017-08-23,,,19053.6,,
2017-08-24,,,10257.9,,
2017-08-25,,,12221.7,,
2017-08-28,,,74033.0,,
2017-08-29,,,119942.8,,
2017-08-30,,,190751.4,,
2017-08-31,,,43345.9,,
2017-09-01,,,132983.5,,
2017-09-04,,,41653.6,,
2017-09-05,,,16566.2,,
2017-09-06,,,17014.4,,
2017-09-07,,,61629.6,,
2017-09-08,,,79802.6,,
2017-09-11,,,36663.7,,
2017-09-12,,,23199.5,,
2017-09-13,,,271028.7,,
2017-09-14,,,45959.3,,
2017-09-15,,,185998.4,,
2017-09-18,,,255694.3,,
2017-09-19,,,293592.0,,
2017-09-20,,,79158.1,,
2017-09-21,,,609923.8,,
2017-09-22,,,236658.8,,
2017-09-25,,,228285.3,,
2017-09-26,,,331665.3,,
2017-09-27,,,164664.3,,
2017-09-28,,,70717.3,,
2017-09-29,,,398505.8,,
2017-10-02,,,684213.4,,
2017-10-03,,,101884.8,,
2017-10-04,,,120792.9,,
2017-10-05,,,66833.3,,
2017-10-06,,,132272.3,,
2017-10-09,,,1168422.0,,
2017-10-10,,,380411.9,,
2017-10-11,,,174192.8,,
2017-10-12,,,158704.1,,
2017-10-13,,,NA,,
2017-10-16,,,217278.5,,
2017-10-17,,,204578.0,,
2017-10-18,,,117703.2,,
2017-10-19,,,185391.1,,
2017-10-20,,,87198.3,,
2017-10-23,,,NA,,
2017-10-24,,,43549.3,,
2017-10-25,,,57561.7,,
2017-10-26,,,NA,,
2017-10-27,,,78020.3,,
2017-10-30,,,51379.4,,
2017-10-31,,,107589.7,,
2017-11-01,,,49189.1,,
2017-11-02,,,48085.3,,
2017-11-03,,,304608.2,,
2017-11-06,,,128134.5,,
2017-11-07,,,126686.2,,
2017-11-08,,,131764.2,,
2017-11-09,,,116303.0,,
2017-11-10,,,97282.0,,
2017-11-13,,,104814.7,,
2017-11-14,,,49412.6,,
2017-11-15,,,28743.6,,
2017-11-16,,,70143.4,,
2017-11-17,,,76459.8,,
2017-11-20,,,128272.8,,
2017-11-21,,,71770.1,,
2017-11-22,,,27012.4,,
2017-11-23,,,27920.1,,
2017-11-24,,,44956.9,,
2017-11-27,,,26112.7,,
2017-11-28,,,39444.6,,
2017-11-29,,,17366.4,,
2017-11-30,,,26774.0,,
2017-12-01,,,47416.5,,
2017-12-04,,,58149.6,,
2017-12-05,,,NA,,
2017-12-06,,,33669.5,,
2017-12-07,,,29071.6,,
2017-12-08,,,23959.0,,
2017-12-11,,,NA,,
2017-12-12,,,20427.1,,
2017-12-13,,,9932.1,,
2017-12-14,,,19891.7,,
2017-12-15,,,35332.8,,
2017-12-18,,,20398.0,,
2017-12-19,,,107112.4,,
2017-12-20,,,91499.3,,
2017-12-21,,,103110.7,,
2017-12-22,,,66349.5,,
2017-12-25,,,52135.4,,
2017-12-26,,,38038.7,,
2017-12-27,,,65859.4,,
2017-12-28,,,364177.4,,
2017-12-29,,,37046.2,,
2016-01-01,,,NA,,
2016-01-04,,,42566.1,,
2016-01-05,,,199397.1,,
2016-01-06,,,234577.4,,
2016-01-07,,,228150.2,,
2016-01-08,,,285592.8,,
2016-01-11,,,232118.6,,
2016-01-12,,,337836.7,,
2016-01-13,,,225740.0,,
2016-01-14,,,161318.8,,
2016-01-15,,,201968.8,,
2016-01-18,,,155420.3,,
2016-01-19,,,129853.3,,
2016-01-20,,,181017.8,,
2016-01-21,,,158631.8,,
2016-01-22,,,68728.6,,
2016-01-25,,,117502.7,,
2016-01-26,,,30184.1,,
2016-01-27,,,319609.1,,
2016-01-28,,,112601.5,,
2016-01-29,,,38540.3,,
2016-02-01,,,108687.5,,
2016-02-02,,,117756.4,,
2016-02-03,,,123115.5,,
2016-02-04,,,147076.6,,
2016-02-05,,,96939.6,,
2016-02-08,,,139589.6,,
2016-02-09,,,101562.4,,
2016-02-10,,,66963.9,,
2016-02-11,,,154314.2,,
2016-02-12,,,126019.8,,
2016-02-15,,,125417.7,,
2016-02-16,,,97247.6,,
2016-02-17,,,159766.9,,
2016-02-18,,,87410.4,,
2016-02-19,,,90632.7,,
2016-02-22,,,NA,,
2016-02-23,,,194601.6,,
2016-02-24,,,138437.1,,
2016-02-25,,,122361.2,,
2016-02-26,,,411799.9,,
2016-02-29,,,281234.8,,
2016-03-01,,,435707.9,,
2016-03-02,,,346191.9,,
2016-03-03,,,280032.4,,
2016-03-04,,,159057.9,,
2016-03-07,,,198380.5,,
2016-03-08,,,184660.1,,
2016-03-09,,,150418.1,,
2016-03-10,,,343000.3,,
2016-03-11,,,162836.8,,
2016-03-14,,,91509.2,,
2016-03-15,,,261057.6,,
2016-03-16,,,84823.9,,
2016-03-17,,,131360.9,,
2016-03-18,,,135514.3,,
2016-03-21,,,101134.6,,
2016-03-22,,,111090.0,,
2016-03-23,,,50498.1,,
2016-03-24,,,121591.5,,
2016-03-25,,,18326.8,,
2016-03-28,,,68267.8,,
2016-03-29,,,308323.6,,
2016-03-30,,,259723.5,,
2016-03-31,,,535839.2,,
2016-04-01,,,320757.2,,
2016-04-04,,,454123.1,,
2016-04-05,,,346106.7,,
2016-04-06,,,NA,,
2016-04-07,,,265279.3,,
2016-04-08,,,196864.4,,
2016-04-11,,,169217.0,,
2016-04-12,,,161767.5,,
2016-04-13,,,NA,,
2016-04-14,,,NA,,
2016-04-15,,,NA,,
2016-04-18,,,286310.3,,
2016-04-19,,,147009.6,,
2016-04-20,,,272872.1,,
2016-04-21,,,121559.0,,
2016-04-22,,,91244.1,,
2016-04-25,,,259613.8,,
2016-04-26,,,143065.8,,
2016-04-27,,,95850.0,,
2016-04-28,,,74846.8,,
2016-04-29,,,39431.6,,
2016-05-02,,,NA,,
2016-05-03,,,44943.7,,
2016-05-04,,,135746.4,,
2016-05-05,,,NA,,
2016-05-06,,,NA,,
2016-05-09,,,316881.1,,
2016-05-10,,,154603.2,,
2016-05-11,,,164334.5,,
2016-05-12,,,61282.2,,
2016-05-13,,,952735.9,,
2016-05-16,,,629419.6,,
2016-05-17,,,264208.9,,
2016-05-18,,,130540.0,,
2016-05-19,,,115636.5,,
2016-05-20,,,NA,,
2016-05-23,,,79247.6,,
2016-05-24,,,121417.7,,
2016-05-25,,,84262.1,,
2016-05-26,,,59923.2,,
2016-05-27,,,97775.1,,
2016-05-30,,,161381.8,,
2016-05-31,,,666273.8,,
2016-06-01,,,852887.4,,
2016-06-02,,,176577.8,,
2016-06-03,,,566829.9,,
2016-06-06,,,1039022.0,,
2016-06-07,,,131410.3,,
2016-06-08,,,253977.4,,
2016-06-09,,,283240.1,,
2016-06-10,,,221895.9,,
2016-06-13,,,712513.7,,
2016-06-14,,,3624420.0,,
2016-06-15,,,2367423.0,,
2016-06-16,,,708221.9,,
2016-06-17,,,843968.1,,
2016-06-20,,,201327.6,,
2016-06-21,,,597589.4,,
2016-06-22,,,532008.9,,
2016-06-23,,,746595.8,,
2016-06-24,,,632931.8,,
2016-06-27,,,247633.6,,
2016-06-28,,,208098.8,,
2016-06-29,,,407961.6,,
2016-06-30,,,927970.0,,
2016-07-01,,,NA,,
2016-07-04,,,218983.8,,
2016-07-05,,,184751.4,,
2016-07-06,,,137892.6,,
2016-07-07,,,116074.4,,
2016-07-08,,,109769.1,,
2016-07-11,,,462733.2,,
2016-07-12,,,581995.4,,
2016-07-13,,,368513.2,,
2016-07-14,,,170054.1,,
2016-07-15,,,106200.3,,
2016-07-18,,,NA,,
2016-07-19,,,NA,,
2016-07-20,,,243577.4,,
2016-07-21,,,167024.5,,
2016-07-22,,,140125.2,,
2016-07-25,,,215163.7,,
2016-07-26,,,248552.7,,
2016-07-27,,,2218449.0,,
2016-07-28,,,1689668.0,,
2016-07-29,,,1385718.0,,
2016-08-01,,,1589393.0,,
2016-08-02,,,938514.9,,
2016-08-03,,,727769.7,,
2016-08-04,,,1509489.0,,
2016-08-05,,,1754766.0,,
2016-08-08,,,1367533.0,,
2016-08-09,,,1475302.0,,
2016-08-10,,,889981.5,,
2016-08-11,,,1963896.0,,
2016-08-12,,,NA,,
2016-08-15,,,1411288.0,,
2016-08-16,,,1345946.0,,
2016-08-17,,,1022858.0,,
2016-08-18,,,980441.8,,
2016-08-19,,,581610.8,,
2016-08-22,,,484536.8,,
2016-08-23,,,1033262.0,,
2016-08-24,,,753170.1,,
2016-08-25,,,571164.3,,
2016-08-26,,,668042.2,,
2016-08-29,,,654424.9,,
2016-08-30,,,308282.1,,
2016-08-31,,,365394.1,,
2016-09-01,,,893417.4,,
2016-09-02,,,1033123.0,,
2016-09-05,,,1276910.0,,
2016-09-06,,,613116.4,,
2016-09-07,,,827892.9,,
2016-09-08,,,915428.8,,
2016-09-09,,,468914.6,,
2016-09-12,,,375120.0,,
2016-09-13,,,253970.8,,
2016-09-14,,,303068.1,,
2016-09-15,,,275462.1,,
2016-09-16,,,367965.3,,
2016-09-19,,,773373.4,,
2016-09-20,,,686092.6,,
2016-09-21,,,284570.3,,
2016-09-22,,,284487.5,,
2016-09-23,,,446472.4,,
2016-09-26,,,288540.7,,
2016-09-27,,,218041.1,,
2016-09-28,,,319435.6,,
2016-09-29,,,63322.6,,
2016-09-30,,,213183.1,,
2016-10-03,,,109247.1,,
2016-10-04,,,355274.4,,
2016-10-05,,,109934.7,,
2016-10-06,,,131321.1,,
2016-10-07,,,172552.0,,
2016-10-10,,,530518.8,,
2016-10-11,,,578781.6,,
2016-10-12,,,1228940.0,,
2016-10-13,,,794215.1,,
2016-10-14,,,1081615.0,,
2016-10-17,,,404193.7,,
2016-10-18,,,173770.0,,
2016-10-19,,,745235.4,,
2016-10-20,,,460361.8,,
2016-10-21,,,801047.0,,
2016-10-24,,,NA,,
2016-10-25,,,386301.1,,
2016-10-26,,,127721.1,,
2016-10-27,,,216421.8,,
2016-10-28,,,177449.7,,
2016-10-31,,,516926.6,,
2016-11-01,,,847333.1,,
2016-11-02,,,380267.8,,
2016-11-03,,,647122.4,,
2016-11-04,,,373411.7,,
2016-11-07,,,297403.9,,
2016-11-08,,,308374.0,,
2016-11-09,,,743594.0,,
2016-11-10,,,500343.0,,
2016-11-11,,,275417.5,,
2016-11-14,,,291792.1,,
2016-11-15,,,334836.1,,
2016-11-16,,,176649.6,,
2016-11-17,,,217424.6,,
2016-11-18,,,554110.1,,
2016-11-21,,,329671.8,,
2016-11-22,,,232672.4,,
2016-11-23,,,985139.6,,
2016-11-24,,,233266.0,,
2016-11-25,,,429185.5,,
2016-11-28,,,194514.4,,
2016-11-29,,,263317.8,,
2016-11-30,,,103177.9,,
2016-12-01,,,370050.6,,
2016-12-02,,,204823.1,,
2016-12-05,,,NA,,
2016-12-06,,,179992.7,,
2016-12-07,,,137069.3,,
2016-12-08,,,108624.0,,
2016-12-09,,,98187.8,,
2016-12-12,,,NA,,
2016-12-13,,,98307.8,,
2016-12-14,,,99525.8,,
2016-12-15,,,301526.1,,
2016-12-16,,,172931.3,,
2016-12-19,,,72455.6,,
2016-12-20,,,29115.0,,
2016-12-21,,,129203.1,,
2016-12-22,,,120692.6,,
2016-12-23,,,124191.2,,
2016-12-26,,,223287.3,,
2016-12-27,,,211635.1,,
2016-12-28,,,74999.9,,
2016-12-29,,,86151.6,,
2016-12-30,,,179571.4,,
2015-01-01,,,NA,,
2015-01-02,,,NA,,
2015-01-05,,,71287.9,,
2015-01-06,,,265539.0,,
2015-01-07,,,110609.1,,
2015-01-08,,,70601.2,,
2015-01-09,,,237218.0,,
2015-01-12,,,83157.1,,
2015-01-13,,,355857.3,,
2015-01-14,,,119861.1,,
2015-01-15,,,43478.4,,
2015-01-16,,,177475.9,,
2015-01-19,,,36978.5,,
2015-01-20,,,193004.6,,
2015-01-21,,,332723.1,,
2015-01-22,,,634206.0,,
2015-01-23,,,217513.8,,
2015-01-26,,,176194.3,,
2015-01-27,,,199989.0,,
2015-01-28,,,126206.4,,
2015-01-29,,,614984.0,,
2015-01-30,,,252200.2,,
2015-02-02,,,228358.6,,
2015-02-03,,,284596.2,,
2015-02-04,,,500647.3,,
2015-02-05,,,339451.6,,
2015-02-06,,,158726.1,,
2015-02-09,,,131783.9,,
2015-02-10,,,139467.4,,
2015-02-11,,,121870.9,,
2015-02-12,,,103106.4,,
2015-02-13,,,58323.4,,
2015-02-16,,,82217.6,,
2015-02-17,,,63696.5,,
2015-02-18,,,48342.5,,
2015-02-19,,,84979.2,,
2015-02-20,,,72486.1,,
2015-02-23,,,255896.2,,
2015-02-24,,,137392.6,,
2015-02-25,,,175550.7,,
2015-02-26,,,345281.6,,
2015-02-27,,,150649.3,,
2015-03-02,,,99203.9,,
2015-03-03,,,165484.4,,
2015-03-04,,,NA,,
2015-03-05,,,129086.4,,
2015-03-06,,,38889.0,,
2015-03-09,,,44018.9,,
2015-03-10,,,164817.3,,
2015-03-11,,,150402.6,,
2015-03-12,,,395280.8,,
2015-03-13,,,181289.7,,
2015-03-16,,,159170.6,,
2015-03-17,,,128699.8,,
2015-03-18,,,75236.6,,
2015-03-19,,,177271.9,,
2015-03-20,,,224331.3,,
2015-03-23,,,87147.7,,
2015-03-24,,,160012.8,,
2015-03-25,,,74963.3,,
2015-03-26,,,274839.8,,
2015-03-27,,,111839.4,,
2015-03-30,,,550278.3,,
2015-03-31,,,1136140.0,,
2015-04-01,,,450395.8,,
2015-04-02,,,260688.1,,
2015-04-03,,,157174.8,,
2015-04-06,,,NA,,
2015-04-07,,,200876.4,,
2015-04-08,,,163816.6,,
2015-04-09,,,109979.9,,
2015-04-10,,,84789.4,,
2015-04-13,,,NA,,
2015-04-14,,,NA,,
2015-04-15,,,NA,,
2015-04-16,,,136285.6,,
2015-04-17,,,253468.2,,
2015-04-20,,,207783.0,,
2015-04-21,,,199684.1,,
2015-04-22,,,192689.6,,
2015-04-23,,,105073.9,,
2015-04-24,,,25504.3,,
2015-04-27,,,91896.7,,
2015-04-28,,,104671.2,,
2015-04-29,,,80797.7,,
2015-04-30,,,33821.9,,
2015-05-01,,,NA,,
2015-05-04,,,NA,,
2015-05-05,,,NA,,
2015-05-06,,,40308.8,,
2015-05-07,,,124987.4,,
2015-05-08,,,86049.8,,
2015-05-11,,,59855.8,,
2015-05-12,,,58676.0,,
2015-05-13,,,76152.9,,
2015-05-14,,,91056.8,,
2015-05-15,,,46488.3,,
2015-05-18,,,74331.9,,
2015-05-19,,,86438.4,,
2015-05-20,,,68799.1,,
2015-05-21,,,61011.7,,
2015-05-22,,,23095.4,,
2015-05-25,,,23913.1,,
2015-05-26,,,32286.8,,
2015-05-27,,,37314.9,,
2015-05-28,,,58615.4,,
2015-05-29,,,37534.7,,
2015-06-01,,,NA,,
2015-06-02,,,30730.0,,
2015-06-03,,,61298.1,,
2015-06-04,,,47798.6,,
2015-06-05,,,78462.9,,
2015-06-08,,,38169.9,,
2015-06-09,,,86683.9,,
2015-06-10,,,37434.7,,
2015-06-11,,,222612.9,,
2015-06-12,,,508565.2,,
2015-06-15,,,124047.9,,
2015-06-16,,,263994.2,,
2015-06-17,,,477432.9,,
2015-06-18,,,231971.4,,
2015-06-19,,,715344.2,,
2015-06-22,,,313043.2,,
2015-06-23,,,255082.9,,
2015-06-24,,,261406.9,,
2015-06-25,,,108401.3,,
2015-06-26,,,257557.9,,
2015-06-29,,,145649.6,,
2015-06-30,,,91288.9,,
2015-07-01,,,NA,,
2015-07-02,,,179742.3,,
2015-07-03,,,76327.9,,
2015-07-06,,,85336.6,,
2015-07-07,,,253245.6,,
2015-07-08,,,187057.5,,
2015-07-09,,,202860.1,,
2015-07-10,,,161826.8,,
2015-07-13,,,211900.6,,
2015-07-14,,,163450.9,,
2015-07-15,,,34921.2,,
2015-07-16,,,105463.3,,
2015-07-17,,,42400.0,,
2015-07-20,,,31988.9,,
2015-07-21,,,74884.4,,
2015-07-22,,,58408.3,,
2015-07-23,,,104698.3,,
2015-07-24,,,87480.0,,
2015-07-27,,,57095.0,,
2015-07-28,,,140583.2,,
2015-07-29,,,78397.3,,
2015-07-30,,,NA,,
2015-07-31,,,112238.9,,
2015-08-03,,,141463.2,,
2015-08-04,,,86686.3,,
2015-08-05,,,121540.4,,
2015-08-06,,,135520.7,,
2015-08-07,,,50001.1,,
2015-08-10,,,75748.9,,
2015-08-11,,,200034.4,,
2015-08-12,,,NA,,
2015-08-13,,,267084.1,,
2015-08-14,,,150701.0,,
2015-08-17,,,144633.6,,
2015-08-18,,,771317.3,,
2015-08-19,,,459583.1,,
2015-08-20,,,167971.2,,
2015-08-21,,,135864.7,,
2015-08-24,,,114497.3,,
2015-08-25,,,147213.1,,
2015-08-26,,,60335.5,,
2015-08-27,,,91630.1,,
2015-08-28,,,209259.0,,
2015-08-31,,,57881.7,,
2015-09-01,,,77303.3,,
2015-09-02,,,83450.5,,
2015-09-03,,,104942.3,,
2015-09-04,,,69050.4,,
2015-09-07,,,17638.7,,
2015-09-08,,,61830.0,,
2015-09-09,,,79021.2,,
2015-09-10,,,16030.1,,
2015-09-11,,,66868.6,,
2015-09-14,,,27441.9,,
2015-09-15,,,21350.2,,
2015-09-16,,,35406.5,,
2015-09-17,,,29157.6,,
2015-09-18,,,19836.1,,
2015-09-21,,,14676.1,,
2015-09-22,,,32077.8,,
2015-09-23,,,36280.6,,
2015-09-24,,,54710.1,,
2015-09-25,,,16630.0,,
2015-09-28,,,54015.0,,
2015-09-29,,,54062.8,,
2015-09-30,,,16629.4,,
2015-10-01,,,11978.7,,
2015-10-02,,,9462.8,,
2015-10-05,,,76080.9,,
2015-10-06,,,12757.9,,
2015-10-07,,,109565.3,,
2015-10-08,,,63187.5,,
2015-10-09,,,41877.3,,
2015-10-12,,,44166.5,,
2015-10-13,,,16844.0,,
2015-10-14,,,36588.5,,
2015-10-15,,,68040.1,,
2015-10-16,,,37700.4,,
2015-10-19,,,24833.1,,
2015-10-20,,,10883.3,,
2015-10-21,,,15363.6,,
2015-10-22,,,11397.0,,
2015-10-23,,,NA,,
2015-10-26,,,61704.3,,
2015-10-27,,,27599.6,,
2015-10-28,,,52769.8,,
2015-10-29,,,40610.7,,
2015-10-30,,,23517.2,,
2015-11-02,,,10047.5,,
2015-11-03,,,13254.9,,
2015-11-04,,,34102.3,,
2015-11-05,,,76320.8,,
2015-11-06,,,19079.6,,
2015-11-09,,,26690.3,,
2015-11-10,,,91683.6,,
2015-11-11,,,16559.4,,
2015-11-12,,,56158.0,,
2015-11-13,,,44972.2,,
2015-11-16,,,45134.3,,
2015-11-17,,,35925.7,,
2015-11-18,,,37484.0,,
2015-11-19,,,14113.4,,
2015-11-20,,,19191.7,,
2015-11-23,,,52872.2,,
2015-11-24,,,84275.6,,
2015-11-25,,,14642.4,,
2015-11-26,,,31978.4,,
2015-11-27,,,17688.1,,
2015-11-30,,,45304.4,,
2015-12-01,,,57046.6,,
2015-12-02,,,90810.3,,
2015-12-03,,,51710.1,,
2015-12-04,,,22313.3,,
2015-12-07,,,NA,,
2015-12-08,,,62696.8,,
2015-12-09,,,96373.2,,
2015-12-10,,,NA,,
2015-12-11,,,199732.3,,
2015-12-14,,,51781.1,,
2015-12-15,,,34593.5,,
2015-12-16,,,119187.3,,
2015-12-17,,,270036.8,,
2015-12-18,,,122061.8,,
2015-12-21,,,58261.5,,
2015-12-22,,,42678.8,,
2015-12-23,,,46567.4,,
2015-12-24,,,13000.8,,
2015-12-25,,,20010.2,,
2015-12-28,,,41154.5,,
2015-12-29,,,166406.6,,
2015-12-30,,,78501.1,,
2015-12-31,,,NA,,
2014-01-01,,,NA,,
2014-01-02,,,65373.3,,
2014-01-03,,,34585.3,,
2014-01-06,,,41467.2,,
2014-01-07,,,92143.9,,
2014-01-08,,,57568.1,,
2014-01-09,,,43226.6,,
2014-01-10,,,9457.4,,
2014-01-13,,,34542.0,,
2014-01-14,,,93851.8,,
2014-01-15,,,77583.5,,
2014-01-16,,,158552.1,,
2014-01-17,,,69752.6,,
2014-01-20,,,12806.9,,
2014-01-21,,,32525.4,,
2014-01-22,,,34604.3,,
2014-01-23,,,42380.7,,
2014-01-24,,,27957.2,,
2014-01-27,,,12310.5,,
2014-01-28,,,37530.4,,
2014-01-29,,,16376.1,,
2014-01-30,,,11219.1,,
2014-01-31,,,22646.4,,
2014-02-03,,,49226.7,,
2014-02-04,,,33610.9,,
2014-02-05,,,184410.3,,
2014-02-06,,,166683.2,,
2014-02-07,,,75990.9,,
2014-02-10,,,26405.0,,
2014-02-11,,,40346.7,,
2014-02-12,,,121255.7,,
2014-02-13,,,79275.6,,
2014-02-14,,,NA,,
2014-02-17,,,129483.2,,
2014-02-18,,,301577.8,,
2014-02-19,,,156574.6,,
2014-02-20,,,59499.9,,
2014-02-21,,,93636.4,,
2014-02-24,,,36163.2,,
2014-02-25,,,81884.6,,
2014-02-26,,,9455.0,,
2014-02-27,,,59428.6,,
2014-02-28,,,30983.4,,
2014-03-03,,,212959.1,,
2014-03-04,,,115272.4,,
2014-03-05,,,119670.8,,
2014-03-06,,,91951.1,,
2014-03-07,,,38095.8,,
2014-03-10,,,89826.9,,
2014-03-11,,,155258.8,,
2014-03-12,,,174143.2,,
2014-03-13,,,230215.1,,
2014-03-14,,,261017.6,,
2014-03-17,,,109676.9,,
2014-03-18,,,204488.8,,
2014-03-19,,,155161.3,,
2014-03-20,,,84142.6,,
2014-03-21,,,58060.4,,
2014-03-24,,,94611.3,,
2014-03-25,,,69886.9,,
2014-03-26,,,32129.0,,
2014-03-27,,,14629.6,,
2014-03-28,,,27159.9,,
2014-03-31,,,13735.0,,
2014-04-01,,,58864.4,,
2014-04-02,,,182249.6,,
2014-04-03,,,63053.9,,
2014-04-04,,,21935.4,,
2014-04-07,,,NA,,
2014-04-08,,,83112.9,,
2014-04-09,,,31115.0,,
2014-04-10,,,36637.7,,
2014-04-11,,,16558.6,,
2014-04-14,,,NA,,
2014-04-15,,,NA,,
2014-04-16,,,14425.2,,
2014-04-17,,,35205.2,,
2014-04-18,,,35531.6,,
2014-04-21,,,24743.8,,
2014-04-22,,,27600.0,,
2014-04-23,,,58668.8,,
2014-04-24,,,38416.0,,
2014-04-25,,,47917.6,,
2014-04-28,,,74643.0,,
2014-04-29,,,85554.3,,
2014-04-30,,,15635.1,,
2014-05-01,,,NA,,
2014-05-02,,,17521.0,,
2014-05-05,,,NA,,
2014-05-06,,,28223.0,,
2014-05-07,,,35319.4,,
2014-05-08,,,67803.5,,
2014-05-09,,,22041.7,,
2014-05-12,,,15160.3,,
2014-05-13,,,NA,,
2014-05-14,,,30704.6,,
2014-05-15,,,23883.2,,
2014-05-16,,,20379.0,,
2014-05-19,,,23049.1,,
2014-05-20,,,42260.7,,
2014-05-21,,,21037.8,,
2014-05-22,,,14555.8,,
2014-05-23,,,28862.5,,
2014-05-26,,,14069.1,,
2014-05-27,,,17990.0,,
2014-05-28,,,65521.8,,
2014-05-29,,,49960.0,,
2014-05-30,,,115732.6,,
2014-06-02,,,221740.1,,
2014-06-03,,,262341.2,,
2014-06-04,,,91276.4,,
2014-06-05,,,38645.9,,
2014-06-06,,,152018.2,,
2014-06-09,,,302230.1,,
2014-06-10,,,160683.5,,
2014-06-11,,,211741.7,,
2014-06-12,,,559523.8,,
2014-06-13,,,632088.9,,
2014-06-16,,,324499.0,,
2014-06-17,,,275477.3,,
2014-06-18,,,150965.1,,
2014-06-19,,,61523.7,,
2014-06-20,,,47839.4,,
2014-06-23,,,46713.0,,
2014-06-24,,,80302.7,,
2014-06-25,,,27575.1,,
2014-06-26,,,96716.5,,
2014-06-27,,,38488.5,,
2014-06-30,,,29166.5,,
2014-07-01,,,NA,,
2014-07-02,,,209711.1,,
2014-07-03,,,153618.2,,
2014-07-04,,,158153.6,,
2014-07-07,,,76078.4,,
2014-07-08,,,48062.0,,
2014-07-09,,,528809.8,,
2014-07-10,,,447633.8,,
2014-07-11,,,NA,,
2014-07-14,,,429607.6,,
2014-07-15,,,285292.2,,
2014-07-16,,,120191.6,,
2014-07-17,,,607333.0,,
2014-07-18,,,482850.1,,
2014-07-21,,,221687.4,,
2014-07-22,,,266312.1,,
2014-07-23,,,159442.7,,
2014-07-24,,,185980.9,,
2014-07-25,,,274585.5,,
2014-07-28,,,187902.1,,
2014-07-29,,,174751.3,,
2014-07-30,,,144220.3,,
2014-07-31,,,56853.7,,
2014-08-01,,,238306.4,,
2014-08-04,,,124894.4,,
2014-08-05,,,148592.0,,
2014-08-06,,,61545.8,,
2014-08-07,,,372212.7,,
2014-08-08,,,273539.6,,
2014-08-11,,,NA,,
2014-08-12,,,NA,,
2014-08-13,,,283901.7,,
2014-08-14,,,174802.8,,
2014-08-15,,,115352.1,,
2014-08-18,,,56033.6,,
2014-08-19,,,292163.1,,
2014-08-20,,,137080.9,,
2014-08-21,,,362391.8,,
2014-08-22,,,452843.2,,
2014-08-25,,,211975.9,,
2014-08-26,,,224345.6,,
2014-08-27,,,93428.1,,
2014-08-28,,,67862.9,,
2014-08-29,,,80492.7,,
2014-09-01,,,151058.1,,
2014-09-02,,,391990.6,,
2014-09-03,,,636177.2,,
2014-09-04,,,637408.4,,
2014-09-05,,,229971.3,,
2014-09-08,,,142134.3,,
2014-09-09,,,140061.4,,
2014-09-10,,,132738.4,,
2014-09-11,,,125386.0,,
2014-09-12,,,93177.4,,
2014-09-15,,,62554.5,,
2014-09-16,,,54078.7,,
2014-09-17,,,65056.0,,
2014-09-18,,,70633.6,,
2014-09-19,,,44572.1,,
2014-09-22,,,40645.6,,
2014-09-23,,,168319.3,,
2014-09-24,,,154889.3,,
2014-09-25,,,116246.6,,
2014-09-26,,,66889.7,,
2014-09-29,,,89721.1,,
2014-09-30,,,52741.0,,
2014-10-01,,,26315.8,,
2014-10-02,,,82762.8,,
2014-10-03,,,45210.5,,
2014-10-06,,,75079.9,,
2014-10-07,,,51990.7,,
2014-10-08,,,113611.5,,
2014-10-09,,,28552.1,,
2014-10-10,,,16671.4,,
2014-10-13,,,59340.3,,
2014-10-14,,,28278.1,,
2014-10-15,,,230672.1,,
2014-10-16,,,40625.5,,
2014-10-17,,,42341.2,,
2014-10-20,,,27732.0,,
2014-10-21,,,22443.5,,
2014-10-22,,,18583.0,,
2014-10-23,,,NA,,
2014-10-24,,,23718.7,,
2014-10-27,,,15673.4,,
2014-10-28,,,43456.5,,
2014-10-29,,,38283.8,,
2014-10-30,,,19109.9,,
2014-10-31,,,27149.5,,
2014-11-03,,,21964.4,,
2014-11-04,,,12037.8,,
2014-11-05,,,18825.0,,
2014-11-06,,,27719.4,,
2014-11-07,,,37385.5,,
2014-11-10,,,29337.7,,
2014-11-11,,,71724.7,,
2014-11-12,,,42652.4,,
2014-11-13,,,28860.5,,
2014-11-14,,,80552.3,,
2014-11-17,,,31309.6,,
2014-11-18,,,82848.5,,
2014-11-19,,,74135.3,,
2014-11-20,,,22356.4,,
2014-11-21,,,31315.5,,
2014-11-24,,,16164.3,,
2014-11-25,,,13826.6,,
2014-11-26,,,125457.3,,
2014-11-27,,,251090.6,,
2014-11-28,,,444836.4,,
2014-12-01,,,318694.8,,
2014-12-02,,,120572.6,,
2014-12-03,,,100009.6,,
2014-12-04,,,30303.0,,
2014-12-05,,,NA,,
2014-12-08,,,106.4,,
2014-12-09,,,126475.6,,
2014-12-10,,,NA,,
2014-12-11,,,808692.5,,
2014-12-12,,,746018.9,,
2014-12-15,,,662258.4,,
2014-12-16,,,385011.4,,
2014-12-17,,,331805.6,,
2014-12-18,,,449601.6,,
2014-12-19,,,164939.7,,
2014-12-22,,,170668.6,,
2014-12-23,,,101023.9,,
2014-12-24,,,69258.4,,
2014-12-25,,,105278.6,,
2014-12-26,,,147574.3,,
2014-12-29,,,296742.2,,
2014-12-30,,,140091.1,,
2014-12-31,,,NA,,
2019-01-01,,,,NA,
2019-01-02,,,,8992.5,
2019-01-03,,,,20470.1,
2019-01-04,,,,19089.0,
2019-01-07,,,,7646.6,
2019-01-08,,,,3973.8,
2019-01-09,,,,10166.9,
2019-01-10,,,,5938.4,
2019-01-11,,,,4046.5,
2019-01-14,,,,4262.5,
2019-01-15,,,,2286.3,
2019-01-16,,,,6499.7,
2019-01-17,,,,2929.5,
2019-01-18,,,,5091.7,
2019-01-21,,,,2013.8,
2019-01-22,,,,3236.5,
2019-01-23,,,,10181.7,
2019-01-24,,,,7397.1,
2019-01-25,,,,10210.2,
2019-01-28,,,,7203.5,
2019-01-29,,,,4420.0,
2019-01-30,,,,38662.2,
2019-01-31,,,,23393.1,
2019-02-01,,,,5583.8,
2019-02-04,,,,20462.3,
2019-02-05,,,,8666.9,
2019-02-06,,,,9682.2,
2019-02-07,,,,10057.6,
2019-02-08,,,,15237.0,
2019-02-11,,,,14061.2,
2019-02-12,,,,2221.7,
2019-02-13,,,,14634.0,
2019-02-14,,,,13426.1,
2019-02-15,,,,20279.5,
2019-02-18,,,,8888.0,
2019-02-19,,,,NA,
2019-02-20,,,,3415.2,
2019-02-21,,,,13360.7,
2019-02-22,,,,74714.2,
2019-02-25,,,,64313.7,
2019-02-26,,,,12940.3,
2019-02-27,,,,16093.0,
2019-02-28,,,,139131.2,
2019-03-01,,,,16825.5,
2019-03-04,,,,23390.1,
2019-03-05,,,,28636.9,
2019-03-06,,,,55261.1,
2019-03-07,,,,8526.4,
2019-03-08,,,,13717.6,
2019-03-11,,,,11944.0,
2019-03-12,,,,7597.3,
2019-03-13,,,,10046.1,
2019-03-14,,,,7018.8,
2019-03-15,,,,10707.8,
2019-03-18,,,,13340.6,
2019-03-19,,,,9543.1,
2019-03-20,,,,11457.9,
2019-03-21,,,,9499.3,
2019-03-22,,,,6526.1,
2019-03-25,,,,16335.7,
2019-03-26,,,,5519.3,
2019-03-27,,,,4417.4,
2019-03-28,,,,7950.6,
2019-03-29,,,,3765.4,
2019-04-01,,,,7509.1,
2019-04-02,,,,4123.0,
2019-04-03,,,,10846.6,
2019-04-04,,,,6071.7,
2019-04-05,,,,6811.2,
2019-04-08,,,,NA,
2019-04-09,,,,2312.4,
2019-04-10,,,,2376.4,
2019-04-11,,,,1880.0,
2019-04-12,,,,4885.2,
2019-04-15,,,,NA,
2019-04-16,,,,NA,
2019-04-17,,,,28821.3,
2019-04-18,,,,31958.6,
2019-04-19,,,,5891.8,
2019-04-22,,,,14641.8,
2019-04-23,,,,14238.6,
2019-04-24,,,,8756.6,
2019-04-25,,,,6760.7,
2019-04-26,,,,4266.8,
2019-04-29,,,,6362.3,
2019-04-30,,,,1930.5,
2019-05-01,,,,NA,
2019-05-02,,,,4499.0,
2019-05-03,,,,31072.4,
2019-05-06,,,,NA,
2019-05-07,,,,7539.2,
2019-05-08,,,,5457.3,
2019-05-09,,,,4215.3,
2019-05-10,,,,5608.4,
2019-05-13,,,,21740.3,
2019-05-14,,,,29594.8,
2019-05-15,,,,8869.3,
2019-05-16,,,,16454.1,
2019-05-17,,,,7158.4,
2019-05-20,,,,NA,
2019-05-21,,,,13197.2,
2019-05-22,,,,8815.2,
2019-05-23,,,,5882.2,
2019-05-24,,,,10013.3,
2019-05-27,,,,22052.1,
2019-05-28,,,,45106.5,
2019-05-29,,,,11481.0,
2019-05-30,,,,7637.2,
2019-05-31,,,,13188.5,
2019-06-03,,,,NA,
2019-06-04,,,,18444.4,
2019-06-05,,,,9696.8,
2019-06-06,,,,14527.3,
2019-06-07,,,,9430.5,
2019-06-10,,,,11921.7,
2019-06-11,,,,26981.1,
2019-06-12,,,,13542.6,
2019-06-13,,,,5887.4,
2019-06-14,,,,5283.5,
2019-06-17,,,,5776.4,
2019-06-18,,,,9440.2,
2019-06-19,,,,11505.2,
2019-06-20,,,,55877.4,
2019-06-21,,,,37183.8,
2019-06-24,,,,8611.8,
2019-06-25,,,,38819.6,
2019-06-26,,,,23790.0,
2019-06-27,,,,64162.8,
2019-06-28,,,,32595.7,
2019-07-01,,,,17191.8,
2019-07-02,,,,11168.1,
2019-07-03,,,,11551.7,
2019-07-04,,,,38861.1,
2019-07-05,,,,12097.5,
2019-07-08,,,,25885.6,
2019-07-09,,,,15632.0,
2019-07-10,,,,8568.1,
2019-07-11,,,,21259.6,
2019-07-12,,,,12729.3,
2019-07-15,,,,12395.1,
2019-07-16,,,,NA,
2019-07-17,,,,9204.8,
2019-07-18,,,,4877.7,
2019-07-19,,,,8648.0,
2019-07-22,,,,5177.3,
2019-07-23,,,,6693.1,
2019-07-24,,,,3140.5,
2019-07-25,,,,9740.2,
2019-07-26,,,,10953.6,
2019-07-29,,,,NA,
2019-07-30,,,,15660.5,
2019-07-31,,,,14036.5,
2019-08-01,,,,5170.0,
2019-08-02,,,,14003.3,
2019-08-05,,,,6294.1,
2019-08-06,,,,10670.9,
2019-08-07,,,,52690.4,
2019-08-08,,,,10927.9,
2019-08-09,,,,12245.7,
2019-08-12,,,,NA,
2019-08-13,,,,28413.7,
2019-08-14,,,,27948.8,
2019-08-15,,,,17142.1,
2019-08-16,,,,19047.6,
2019-08-19,,,,14268.7,
2019-08-20,,,,8984.8,
2019-08-21,,,,10631.8,
2019-08-22,,,,13701.3,
2019-08-23,,,,7957.6,
2019-08-26,,,,17886.7,
2019-08-27,,,,10389.6,
2019-08-28,,,,7890.1,
2019-08-29,,,,13484.4,
2019-08-30,,,,12782.1,
2019-09-02,,,,6450.7,
2019-09-03,,,,8048.8,
2019-09-04,,,,8070.1,
2019-09-05,,,,5835.4,
2019-09-06,,,,2924.4,
2019-09-09,,,,3548.6,
2019-09-10,,,,3123.5,
2019-09-11,,,,6945.8,
2019-09-12,,,,6408.0,
2019-09-13,,,,2481.6,
2019-09-16,,,,3900.6,
2019-09-17,,,,12717.9,
2019-09-18,,,,6574.5,
2019-09-19,,,,3455.3,
2019-09-20,,,,5345.6,
2019-09-23,,,,4657.1,
2019-09-24,,,,3610.4,
2019-09-25,,,,3609.4,
2019-09-26,,,,8264.8,
2019-09-27,,,,5445.5,
2019-09-30,,,,4308.8,
2019-10-01,,,,4055.1,
2019-10-02,,,,2830.3,
2019-10-03,,,,3210.6,
2019-10-04,,,,3296.1,
2019-10-07,,,,2530.6,
2019-10-08,,,,4925.0,
2019-10-09,,,,2778.8,
2019-10-10,,,,6490.1,
2019-10-11,,,,10843.4,
2019-10-14,,,,NA,
2019-10-15,,,,21487.9,
2019-10-16,,,,22798.1,
2019-10-17,,,,9404.6,
2019-10-18,,,,3697.1,
2019-10-21,,,,9630.3,
2019-10-22,,,,4129.3,
2019-10-23,,,,NA,
2019-10-24,,,,7552.3,
2019-10-25,,,,14414.5,
2019-10-28,,,,9551.2,
2019-10-29,,,,11655.4,
2019-10-30,,,,9347.4,
2019-10-31,,,,20208.2,
2019-11-01,,,,8101.1,
2019-11-04,,,,10847.1,
2019-11-05,,,,7472.4,
2019-11-06,,,,11415.8,
2019-11-07,,,,8142.4,
2019-11-08,,,,5104.3,
2019-11-11,,,,6655.3,
2019-11-12,,,,18668.1,
2019-11-13,,,,23238.5,
2019-11-14,,,,18655.3,
2019-11-15,,,,43595.6,
2019-11-18,,,,17752.7,
2019-11-19,,,,7684.3,
2019-11-20,,,,22513.8,
2019-11-21,,,,11996.7,
2019-11-22,,,,3259.3,
2019-11-25,,,,14504.2,
2019-11-26,,,,8530.0,
2019-11-27,,,,45177.3,
2019-11-28,,,,30096.8,
2019-11-29,,,,6017.2,
2019-12-02,,,,6205.4,
2019-12-03,,,,5808.9,
2019-12-04,,,,7735.4,
2019-12-05,,,,NA,
2019-12-06,,,,4446.8,
2019-12-09,,,,4626.8,
2019-12-10,,,,NA,
2019-12-11,,,,4195.8,
2019-12-12,,,,4172.7,
2019-12-13,,,,6750.1,
2019-12-16,,,,5407.9,
2019-12-17,,,,13315.7,
2019-12-18,,,,6182.0,
2019-12-19,,,,3154.1,
2019-12-20,,,,4459.3,
2019-12-23,,,,3240.4,
2019-12-24,,,,2797.2,
2019-12-25,,,,1739.2,
2019-12-26,,,,2558.2,
2019-12-27,,,,4667.2,
2019-12-30,,,,6361.1,
2019-12-31,,,,NA,
2018-01-01,,,,NA,
2018-01-02,,,,NA,
2018-01-03,,,,22567.6,
2018-01-04,,,,9519.8,
2018-01-05,,,,19209.7,
2018-01-08,,,,13573.8,
2018-01-09,,,,11101.7,
2018-01-10,,,,33635.9,
2018-01-11,,,,13002.3,
2018-01-12,,,,12380.5,
2018-01-15,,,,35201.3,
2018-01-16,,,,12210.0,
2018-01-17,,,,10910.9,
2018-01-18,,,,5340.7,
2018-01-19,,,,7439.4,
2018-01-22,,,,9087.4,
2018-01-23,,,,2613.1,
2018-01-24,,,,2435.1,
2018-01-25,,,,4648.4,
2018-01-26,,,,2293.9,
2018-01-29,,,,3326.1,
2018-01-30,,,,3778.2,
2018-01-31,,,,3429.3,
2018-02-01,,,,4111.9,
2018-02-02,,,,3046.7,
2018-02-05,,,,12650.5,
2018-02-06,,,,11105.5,
2018-02-07,,,,6089.4,
2018-02-08,,,,18304.0,
2018-02-09,,,,19237.6,
2018-02-12,,,,6033.7,
2018-02-13,,,,3446.0,
2018-02-14,,,,1630.9,
2018-02-15,,,,10341.3,
2018-02-16,,,,12220.9,
2018-02-19,,,,11725.2,
2018-02-20,,,,5177.2,
2018-02-21,,,,2554.4,
2018-02-22,,,,6202.0,
2018-02-23,,,,3993.6,
2018-02-26,,,,6121.9,
2018-02-27,,,,3360.3,
2018-02-28,,,,3503.5,
2018-03-01,,,,NA,
2018-03-02,,,,4924.6,
2018-03-05,,,,9502.0,
2018-03-06,,,,3282.8,
2018-03-07,,,,6654.2,
2018-03-08,,,,5823.9,
2018-03-09,,,,3642.6,
2018-03-12,,,,1771.3,
2018-03-13,,,,3744.9,
2018-03-14,,,,5221.5,
2018-03-15,,,,3286.3,
2018-03-16,,,,5118.5,
2018-03-19,,,,6052.8,
2018-03-20,,,,3798.3,
2018-03-21,,,,2861.6,
2018-03-22,,,,2642.1,
2018-03-23,,,,9055.4,
2018-03-26,,,,6163.0,
2018-03-27,,,,3619.2,
2018-03-28,,,,4197.4,
2018-03-29,,,,6306.9,
2018-03-30,,,,3610.8,
2018-04-02,,,,20226.9,
2018-04-03,,,,43350.0,
2018-04-04,,,,62051.3,
2018-04-05,,,,6210.4,
2018-04-06,,,,NA,
2018-04-09,,,,29421.7,
2018-04-10,,,,11048.6,
2018-04-11,,,,7382.9,
2018-04-12,,,,10330.2,
2018-04-13,,,,NA,
2018-04-16,,,,NA,
2018-04-17,,,,8635.5,
2018-04-18,,,,13445.3,
2018-04-19,,,,9151.3,
2018-04-20,,,,13399.0,
2018-04-23,,,,14329.1,
2018-04-24,,,,5371.0,
2018-04-25,,,,6648.4,
2018-04-26,,,,4897.2,
2018-04-27,,,,5372.7,
2018-04-30,,,,14011.7,
2018-05-01,,,,NA,
2018-05-02,,,,55841.6,
2018-05-03,,,,12997.9,
2018-05-04,,,,22746.4,
2018-05-07,,,,36821.8,
2018-05-08,,,,8830.3,
2018-05-09,,,,5047.3,
2018-05-10,,,,22330.6,
2018-05-11,,,,12063.9,
2018-05-14,,,,21778.3,
2018-05-15,,,,16761.0,
2018-05-16,,,,9490.9,
2018-05-17,,,,4161.4,
2018-05-18,,,,3425.6,
2018-05-21,,,,3012.4,
2018-05-22,,,,10141.8,
2018-05-23,,,,10595.0,
2018-05-24,,,,12808.2,
2018-05-25,,,,9218.4,
2018-05-28,,,,8016.5,
2018-05-29,,,,NA,
2018-05-30,,,,8301.8,
2018-05-31,,,,19034.5,
2018-06-01,,,,5258.0,
2018-06-04,,,,10657.0,
2018-06-05,,,,7974.2,
2018-06-06,,,,6595.5,
2018-06-07,,,,2487.7,
2018-06-08,,,,2030.5,
2018-06-11,,,,2244.9,
2018-06-12,,,,8478.0,
2018-06-13,,,,5522.3,
2018-06-14,,,,15746.4,
2018-06-15,,,,1324.2,
2018-06-18,,,,2711.8,
2018-06-19,,,,14387.2,
2018-06-20,,,,4182.8,
2018-06-21,,,,6483.2,
2018-06-22,,,,4040.5,
2018-06-25,,,,3726.6,
2018-06-26,,,,3103.8,
2018-06-27,,,,4063.5,
2018-06-28,,,,10792.1,
2018-06-29,,,,12625.7,
2018-07-02,,,,9513.1,
2018-07-03,,,,25469.0,
2018-07-04,,,,15968.7,
2018-07-05,,,,10169.1,
2018-07-06,,,,5648.2,
2018-07-09,,,,5079.7,
2018-07-10,,,,38595.9,
2018-07-11,,,,12089.7,
2018-07-12,,,,10256.0,
2018-07-13,,,,27859.9,
2018-07-16,,,,11321.5,
2018-07-17,,,,5090.0,
2018-07-18,,,,5316.7,
2018-07-19,,,,7865.6,
2018-07-20,,,,17943.6,
2018-07-23,,,,20977.4,
2018-07-24,,,,38155.4,
2018-07-25,,,,23978.3,
2018-07-26,,,,21324.5,
2018-07-27,,,,NA,
2018-07-30,,,,NA,
2018-07-31,,,,20563.6,
2018-08-01,,,,34467.9,
2018-08-02,,,,16389.7,
2018-08-03,,,,39214.7,
2018-08-06,,,,21227.6,
2018-08-07,,,,19128.4,
2018-08-08,,,,13711.0,
2018-08-09,,,,45495.5,
2018-08-10,,,,54239.9,
2018-08-13,,,,NA,
2018-08-14,,,,13820.8,
2018-08-15,,,,14742.4,
2018-08-16,,,,13467.3,
2018-08-17,,,,18744.4,
2018-08-20,,,,12560.8,
2018-08-21,,,,21942.7,
2018-08-22,,,,8444.5,
2018-08-23,,,,12298.5,
2018-08-24,,,,11950.5,
2018-08-27,,,,5431.4,
2018-08-28,,,,13895.5,
2018-08-29,,,,15387.9,
2018-08-30,,,,13296.1,
2018-08-31,,,,18061.5,
2018-09-03,,,,11323.9,
2018-09-04,,,,5272.2,
2018-09-05,,,,13626.1,
2018-09-06,,,,5386.9,
2018-09-07,,,,2213.7,
2018-09-10,,,,7116.3,
2018-09-11,,,,3726.9,
2018-09-12,,,,24307.9,
2018-09-13,,,,20339.1,
2018-09-14,,,,8511.5,
2018-09-17,,,,22655.0,
2018-09-18,,,,16875.7,
2018-09-19,,,,11016.1,
2018-09-20,,,,15642.7,
2018-09-21,,,,18965.6,
2018-09-24,,,,23311.2,
2018-09-25,,,,30775.8,
2018-09-26,,,,9386.2,
2018-09-27,,,,8919.7,
2018-09-28,,,,5884.7,
2018-10-01,,,,8499.1,
2018-10-02,,,,7303.8,
2018-10-03,,,,23749.6,
2018-10-04,,,,14522.2,
2018-10-05,,,,12411.2,
2018-10-08,,,,11763.2,
2018-10-09,,,,9033.5,
2018-10-10,,,,3407.1,
2018-10-11,,,,13099.7,
2018-10-12,,,,6067.3,
2018-10-15,,,,NA,
2018-10-16,,,,10563.3,
2018-10-17,,,,3114.5,
2018-10-18,,,,4850.2,
2018-10-19,,,,11695.5,
2018-10-22,,,,20789.9,
2018-10-23,,,,NA,
2018-10-24,,,,18218.4,
2018-10-25,,,,11605.1,
2018-10-26,,,,6885.5,
2018-10-29,,,,9912.8,
2018-10-30,,,,2241.7,
2018-10-31,,,,8663.1,
2018-11-01,,,,14077.7,
2018-11-02,,,,11962.8,
2018-11-05,,,,7422.0,
2018-11-06,,,,7053.5,
2018-11-07,,,,15343.4,
2018-11-08,,,,3735.7,
2018-11-09,,,,3664.2,
2018-11-12,,,,12862.1,
2018-11-13,,,,5847.2,
2018-11-14,,,,89427.8,
2018-11-15,,,,27880.3,
2018-11-16,,,,11150.3,
2018-11-19,,,,7203.1,
2018-11-20,,,,18497.9,
2018-11-21,,,,12039.5,
2018-11-22,,,,3845.8,
2018-11-23,,,,4817.9,
2018-11-26,,,,57339.1,
2018-11-27,,,,74621.4,
2018-11-28,,,,48021.1,
2018-11-29,,,,23266.4,
2018-11-30,,,,8747.9,
2018-12-03,,,,19867.5,
2018-12-04,,,,6723.1,
2018-12-05,,,,NA,
2018-12-06,,,,4152.2,
2018-12-07,,,,55550.9,
2018-12-10,,,,NA,
2018-12-11,,,,22080.8,
2018-12-12,,,,14936.0,
2018-12-13,,,,15202.8,
2018-12-14,,,,10011.9,
2018-12-17,,,,6156.7,
2018-12-18,,,,14247.3,
2018-12-19,,,,11353.2,
2018-12-20,,,,5249.4,
2018-12-21,,,,6016.8,
2018-12-24,,,,2584.7,
2018-12-25,,,,21496.7,
2018-12-26,,,,9102.5,
2018-12-27,,,,7911.5,
2018-12-28,,,,4665.4,
2018-12-31,,,,NA,
2016-12-30,,,,29498.6,
2017-01-02,,,,NA,
2017-01-03,,,,NA,
2017-01-04,,,,17925.3,
2017-01-05,,,,26283.7,
2017-01-06,,,,87493.9,
2017-01-09,,,,89280.6,
2017-01-10,,,,40694.0,
2017-01-11,,,,42095.4,
2017-01-12,,,,17882.0,
2017-01-13,,,,11087.8,
2017-01-16,,,,29831.0,
2017-01-17,,,,27904.9,
2017-01-18,,,,18726.1,
2017-01-19,,,,23486.8,
2017-01-20,,,,24531.1,
2017-01-23,,,,14202.4,
2017-01-24,,,,117115.8,
2017-01-25,,,,71376.9,
2017-01-26,,,,33263.4,
2017-01-27,,,,116472.8,
2017-01-30,,,,26806.6,
2017-01-31,,,,19223.8,
2017-02-01,,,,40063.1,
2017-02-02,,,,12648.2,
2017-02-03,,,,13017.8,
2017-02-06,,,,13158.1,
2017-02-07,,,,58085.7,
2017-02-08,,,,9524.1,
2017-02-09,,,,30281.4,
2017-02-10,,,,10556.2,
2017-02-13,,,,NA,
2017-02-14,,,,5243.6,
2017-02-15,,,,8721.4,
2017-02-16,,,,5273.3,
2017-02-17,,,,7929.4,
2017-02-20,,,,5411.1,
2017-02-21,,,,4878.7,
2017-02-22,,,,42814.8,
2017-02-23,,,,5471.4,
2017-02-24,,,,5996.1,
2017-02-27,,,,35575.6,
2017-02-28,,,,12344.9,
2017-03-01,,,,5978.3,
2017-03-02,,,,21089.1,
2017-03-03,,,,12863.1,
2017-03-06,,,,7554.1,
2017-03-07,,,,10513.8,
2017-03-08,,,,19157.7,
2017-03-09,,,,7857.0,
2017-03-10,,,,5423.5,
2017-03-13,,,,9032.2,
2017-03-14,,,,12726.1,
2017-03-15,,,,5529.4,
2017-03-16,,,,23392.1,
2017-03-17,,,,11108.4,
2017-03-20,,,,8143.6,
2017-03-21,,,,29989.9,
2017-03-22,,,,21923.0,
2017-03-23,,,,11937.2,
2017-03-24,,,,9250.8,
2017-03-27,,,,7719.2,
2017-03-28,,,,34401.8,
2017-03-29,,,,6863.6,
2017-03-30,,,,11851.1,
2017-03-31,,,,8070.0,
2017-04-03,,,,32560.5,
2017-04-04,,,,11790.8,
2017-04-05,,,,10151.8,
2017-04-06,,,,NA,
2017-04-07,,,,12657.6,
2017-04-10,,,,11881.6,
2017-04-11,,,,6707.6,
2017-04-12,,,,10168.4,
2017-04-13,,,,NA,
2017-04-14,,,,NA,
2017-04-17,,,,21415.4,
2017-04-18,,,,12038.0,
2017-04-19,,,,13972.8,
2017-04-20,,,,20599.3,
2017-04-21,,,,14438.9,
2017-04-24,,,,7277.6,
2017-04-25,,,,9767.0,
2017-04-26,,,,2046.1,
2017-04-27,,,,5418.3,
2017-04-28,,,,4663.2,
2017-05-01,,,,NA,
2017-05-02,,,,2795.9,
2017-05-03,,,,15633.5,
2017-05-04,,,,48572.8,
2017-05-05,,,,15318.0,
2017-05-08,,,,25861.8,
2017-05-09,,,,66971.8,
2017-05-10,,,,NA,
2017-05-11,,,,86734.4,
2017-05-12,,,,37730.3,
2017-05-15,,,,9402.5,
2017-05-16,,,,2142.0,
2017-05-17,,,,11819.8,
2017-05-18,,,,15165.8,
2017-05-19,,,,6939.8,
2017-05-22,,,,3593.1,
2017-05-23,,,,3953.9,
2017-05-24,,,,12920.6,
2017-05-25,,,,8654.2,
2017-05-26,,,,16013.1,
2017-05-29,,,,24266.7,
2017-05-30,,,,13197.7,
2017-05-31,,,,7785.6,
2017-06-01,,,,2084.3,
2017-06-02,,,,2699.8,
2017-06-05,,,,7509.7,
2017-06-06,,,,7999.8,
2017-06-07,,,,8313.3,
2017-06-08,,,,5044.4,
2017-06-09,,,,11581.4,
2017-06-12,,,,1808.5,
2017-06-13,,,,6003.6,
2017-06-14,,,,5371.4,
2017-06-15,,,,9007.1,
2017-06-16,,,,54024.9,
2017-06-19,,,,51946.3,
2017-06-20,,,,30434.2,
2017-06-21,,,,50772.9,
2017-06-22,,,,39228.4,
2017-06-23,,,,9673.9,
2017-06-26,,,,9902.4,
2017-06-27,,,,10608.9,
2017-06-28,,,,18601.9,
2017-06-29,,,,21333.4,
2017-06-30,,,,6165.0,
2017-07-03,,,,6354.3,
2017-07-04,,,,5625.9,
2017-07-05,,,,4543.0,
2017-07-06,,,,6761.9,
2017-07-07,,,,2248.3,
2017-07-10,,,,NA,
2017-07-11,,,,9139.2,
2017-07-12,,,,12253.0,
2017-07-13,,,,2914.3,
2017-07-14,,,,5587.3,
2017-07-17,,,,7015.0,
2017-07-18,,,,3980.0,
2017-07-19,,,,10403.6,
2017-07-20,,,,4975.2,
2017-07-21,,,,6672.0,
2017-07-24,,,,6401.0,
2017-07-25,,,,9795.3,
2017-07-26,,,,13362.3,
2017-07-27,,,,4175.3,
2017-07-28,,,,NA,
2017-07-31,,,,18997.1,
2017-08-01,,,,73521.8,
2017-08-02,,,,8399.5,
2017-08-03,,,,14257.7,
2017-08-04,,,,5260.1,
2017-08-07,,,,7990.2,
2017-08-08,,,,7231.2,
2017-08-09,,,,5034.1,
2017-08-10,,,,22442.5,
2017-08-11,,,,10539.6,
2017-08-14,,,,NA,
2017-08-15,,,,4381.9,
2017-08-16,,,,7248.8,
2017-08-17,,,,14249.8,
2017-08-18,,,,6354.3,
2017-08-21,,,,2353.4,
2017-08-22,,,,3730.5,
2017-08-23,,,,3130.5,
2017-08-24,,,,1683.7,
2017-08-25,,,,2008.7,
2017-08-28,,,,12141.5,
2017-08-29,,,,19635.0,
2017-08-30,,,,30811.1,
2017-08-31,,,,7036.1,
2017-09-01,,,,21394.1,
2017-09-04,,,,6757.2,
2017-09-05,,,,2692.9,
2017-09-06,,,,2766.8,
2017-09-07,,,,9962.3,
2017-09-08,,,,12945.4,
2017-09-11,,,,5952.1,
2017-09-12,,,,3752.1,
2017-09-13,,,,43274.5,
2017-09-14,,,,7402.4,
2017-09-15,,,,29676.0,
2017-09-18,,,,40162.2,
2017-09-19,,,,45652.7,
2017-09-20,,,,12465.3,
2017-09-21,,,,93199.4,
2017-09-22,,,,36251.4,
2017-09-25,,,,34694.9,
2017-09-26,,,,51496.3,
2017-09-27,,,,25528.9,
2017-09-28,,,,10964.8,
2017-09-29,,,,60795.1,
2017-10-02,,,,102500.9,
2017-10-03,,,,15357.4,
2017-10-04,,,,18386.6,
2017-10-05,,,,10256.2,
2017-10-06,,,,20252.2,
2017-10-09,,,,173238.4,
2017-10-10,,,,56882.8,
2017-10-11,,,,26073.7,
2017-10-12,,,,23774.7,
2017-10-13,,,,NA,
2017-10-16,,,,32682.8,
2017-10-17,,,,31419.9,
2017-10-18,,,,18271.4,
2017-10-19,,,,28900.1,
2017-10-20,,,,13721.4,
2017-10-23,,,,NA,
2017-10-24,,,,6803.3,
2017-10-25,,,,8996.3,
2017-10-26,,,,NA,
2017-10-27,,,,12335.9,
2017-10-30,,,,8111.9,
2017-10-31,,,,16826.5,
2017-11-01,,,,7770.7,
2017-11-02,,,,7631.0,
2017-11-03,,,,49719.4,
2017-11-06,,,,20863.5,
2017-11-07,,,,20590.0,
2017-11-08,,,,21315.2,
2017-11-09,,,,18552.4,
2017-11-10,,,,15407.9,
2017-11-13,,,,16654.5,
2017-11-14,,,,7869.6,
2017-11-15,,,,4564.8,
2017-11-16,,,,11128.3,
2017-11-17,,,,12057.0,
2017-11-20,,,,19974.2,
2017-11-21,,,,11243.3,
2017-11-22,,,,4310.7,
2017-11-23,,,,4477.5,
2017-11-24,,,,7305.1,
2017-11-27,,,,4198.3,
2017-11-28,,,,6272.8,
2017-11-29,,,,2761.1,
2017-11-30,,,,4295.9,
2017-12-01,,,,7612.4,
2017-12-04,,,,9231.7,
2017-12-05,,,,NA,
2017-12-06,,,,5365.7,
2017-12-07,,,,4665.5,
2017-12-08,,,,3846.2,
2017-12-11,,,,NA,
2017-12-12,,,,3280.5,
2017-12-13,,,,1596.1,
2017-12-14,,,,3166.7,
2017-12-15,,,,5653.0,
2017-12-18,,,,3262.6,
2017-12-19,,,,17291.2,
2017-12-20,,,,14849.5,
2017-12-21,,,,16630.7,
2017-12-22,,,,10693.9,
2017-12-25,,,,8462.8,
2017-12-26,,,,6185.0,
2017-12-27,,,,10695.7,
2017-12-28,,,,60434.3,
2017-12-29,,,,6069.5,
2016-01-01,,,,NA,
2016-01-04,,,,8310.7,
2016-01-05,,,,39276.9,
2016-01-06,,,,44470.0,
2016-01-07,,,,41972.9,
2016-01-08,,,,51751.1,
2016-01-11,,,,41195.0,
2016-01-12,,,,57660.7,
2016-01-13,,,,37872.6,
2016-01-14,,,,27237.3,
2016-01-15,,,,33573.5,
2016-01-18,,,,26649.8,
2016-01-19,,,,22845.9,
2016-01-20,,,,32951.0,
2016-01-21,,,,29162.2,
2016-01-22,,,,12520.5,
2016-01-25,,,,21646.5,
2016-01-26,,,,5478.1,
2016-01-27,,,,55095.8,
2016-01-28,,,,19463.1,
2016-01-29,,,,6738.0,
2016-02-01,,,,19399.3,
2016-02-02,,,,20995.0,
2016-02-03,,,,22530.0,
2016-02-04,,,,27767.0,
2016-02-05,,,,17986.3,
2016-02-08,,,,25054.8,
2016-02-09,,,,18149.6,
2016-02-10,,,,12318.6,
2016-02-11,,,,27804.0,
2016-02-12,,,,23914.6,
2016-02-15,,,,23396.1,
2016-02-16,,,,18173.0,
2016-02-17,,,,29141.5,
2016-02-18,,,,16065.5,
2016-02-19,,,,16478.5,
2016-02-22,,,,NA,
2016-02-23,,,,34719.5,
2016-02-24,,,,24445.5,
2016-02-25,,,,21471.5,
2016-02-26,,,,76023.4,
2016-02-29,,,,53674.0,
2016-03-01,,,,88136.4,
2016-03-02,,,,69066.9,
2016-03-03,,,,56389.7,
2016-03-04,,,,31980.7,
2016-03-07,,,,40089.4,
2016-03-08,,,,37662.3,
2016-03-09,,,,30517.3,
2016-03-10,,,,67700.6,
2016-03-11,,,,31622.0,
2016-03-14,,,,17745.2,
2016-03-15,,,,49775.4,
2016-03-16,,,,16114.4,
2016-03-17,,,,24710.0,
2016-03-18,,,,25584.6,
2016-03-21,,,,18822.9,
2016-03-22,,,,20816.6,
2016-03-23,,,,9589.7,
2016-03-24,,,,22603.5,
2016-03-25,,,,3442.6,
2016-03-28,,,,12720.5,
2016-03-29,,,,55601.3,
2016-03-30,,,,45977.9,
2016-03-31,,,,91541.6,
2016-04-01,,,,54648.4,
2016-04-04,,,,74235.8,
2016-04-05,,,,57164.3,
2016-04-06,,,,NA,
2016-04-07,,,,44205.5,
2016-04-08,,,,33941.7,
2016-04-11,,,,28492.8,
2016-04-12,,,,26881.7,
2016-04-13,,,,NA,
2016-04-14,,,,NA,
2016-04-15,,,,NA,
2016-04-18,,,,47014.7,
2016-04-19,,,,24198.8,
2016-04-20,,,,44664.5,
2016-04-21,,,,20169.5,
2016-04-22,,,,15310.8,
2016-04-25,,,,43240.6,
2016-04-26,,,,24454.5,
2016-04-27,,,,16530.3,
2016-04-28,,,,12745.8,
2016-04-29,,,,6752.2,
2016-05-02,,,,NA,
2016-05-03,,,,7654.2,
2016-05-04,,,,23319.1,
2016-05-05,,,,NA,
2016-05-06,,,,NA,
2016-05-09,,,,55797.9,
2016-05-10,,,,27053.6,
2016-05-11,,,,28088.2,
2016-05-12,,,,10459.7,
2016-05-13,,,,156353.6,
2016-05-16,,,,101111.0,
2016-05-17,,,,43503.5,
2016-05-18,,,,21641.2,
2016-05-19,,,,19278.5,
2016-05-20,,,,NA,
2016-05-23,,,,13428.3,
2016-05-24,,,,20193.1,
2016-05-25,,,,14053.0,
2016-05-26,,,,10082.0,
2016-05-27,,,,16566.6,
2016-05-30,,,,26973.6,
2016-05-31,,,,107410.7,
2016-06-01,,,,134843.1,
2016-06-02,,,,28505.9,
2016-06-03,,,,89973.5,
2016-06-06,,,,170653.3,
2016-06-07,,,,21703.1,
2016-06-08,,,,42423.5,
2016-06-09,,,,47852.4,
2016-06-10,,,,37928.5,
2016-06-13,,,,121186.9,
2016-06-14,,,,604545.3,
2016-06-15,,,,371456.6,
2016-06-16,,,,115227.4,
2016-06-17,,,,135372.8,
2016-06-20,,,,32519.5,
2016-06-21,,,,98684.3,
2016-06-22,,,,87907.2,
2016-06-23,,,,119247.6,
2016-06-24,,,,104279.7,
2016-06-27,,,,40426.3,
2016-06-28,,,,33814.3,
2016-06-29,,,,67109.9,
2016-06-30,,,,150765.1,
2016-07-01,,,,NA,
2016-07-04,,,,35316.5,
2016-07-05,,,,30214.3,
2016-07-06,,,,22413.8,
2016-07-07,,,,18946.7,
2016-07-08,,,,17994.0,
2016-07-11,,,,74639.1,
2016-07-12,,,,95655.8,
2016-07-13,,,,61232.8,
2016-07-14,,,,28249.9,
2016-07-15,,,,17596.0,
2016-07-18,,,,NA,
2016-07-19,,,,NA,
2016-07-20,,,,40724.1,
2016-07-21,,,,27739.4,
2016-07-22,,,,23546.9,
2016-07-25,,,,35612.6,
2016-07-26,,,,40855.7,
2016-07-27,,,,345831.9,
2016-07-28,,,,256170.3,
2016-07-29,,,,208242.9,
2016-08-01,,,,237066.6,
2016-08-02,,,,141134.0,
2016-08-03,,,,110249.6,
2016-08-04,,,,221150.6,
2016-08-05,,,,249365.1,
2016-08-08,,,,191077.8,
2016-08-09,,,,203446.2,
2016-08-10,,,,123590.2,
2016-08-11,,,,264094.9,
2016-08-12,,,,NA,
2016-08-15,,,,188823.2,
2016-08-16,,,,178312.9,
2016-08-17,,,,138123.8,
2016-08-18,,,,130577.3,
2016-08-19,,,,76795.8,
2016-08-22,,,,64149.8,
2016-08-23,,,,135312.5,
2016-08-24,,,,100023.6,
2016-08-25,,,,75757.3,
2016-08-26,,,,88150.8,
2016-08-29,,,,87387.3,
2016-08-30,,,,40835.9,
2016-08-31,,,,48772.0,
2016-09-01,,,,120892.4,
2016-09-02,,,,142116.3,
2016-09-05,,,,184146.5,
2016-09-06,,,,84685.0,
2016-09-07,,,,112120.2,
2016-09-08,,,,129830.9,
2016-09-09,,,,67078.5,
2016-09-12,,,,54103.8,
2016-09-13,,,,36057.4,
2016-09-14,,,,43088.0,
2016-09-15,,,,39055.3,
2016-09-16,,,,52083.6,
2016-09-19,,,,106795.7,
2016-09-20,,,,95251.9,
2016-09-21,,,,39698.4,
2016-09-22,,,,39480.9,
2016-09-23,,,,62813.5,
2016-09-26,,,,40876.1,
2016-09-27,,,,30587.0,
2016-09-28,,,,44793.0,
2016-09-29,,,,8909.6,
2016-09-30,,,,30271.4,
2016-10-03,,,,15460.2,
2016-10-04,,,,50614.1,
2016-10-05,,,,15636.7,
2016-10-06,,,,18646.9,
2016-10-07,,,,24621.8,
2016-10-10,,,,78709.8,
2016-10-11,,,,89458.1,
2016-10-12,,,,205442.6,
2016-10-13,,,,133314.3,
2016-10-14,,,,163911.5,
2016-10-17,,,,60623.4,
2016-10-18,,,,25793.3,
2016-10-19,,,,107020.9,
2016-10-20,,,,67398.6,
2016-10-21,,,,114666.8,
2016-10-24,,,,NA,
2016-10-25,,,,55121.3,
2016-10-26,,,,18421.9,
2016-10-27,,,,31537.4,
2016-10-28,,,,25666.8,
2016-10-31,,,,73699.9,
2016-11-01,,,,117814.9,
2016-11-02,,,,52820.4,
2016-11-03,,,,88850.9,
2016-11-04,,,,52341.7,
2016-11-07,,,,41637.8,
2016-11-08,,,,43563.6,
2016-11-09,,,,105248.4,
2016-11-10,,,,69254.2,
2016-11-11,,,,38632.0,
2016-11-14,,,,42005.4,
2016-11-15,,,,48462.0,
2016-11-16,,,,25472.3,
2016-11-17,,,,31494.8,
2016-11-18,,,,81860.4,
2016-11-21,,,,48861.8,
2016-11-22,,,,34861.6,
2016-11-23,,,,151365.8,
2016-11-24,,,,35890.1,
2016-11-25,,,,65396.9,
2016-11-28,,,,29431.4,
2016-11-29,,,,40170.9,
2016-11-30,,,,15759.6,
2016-12-01,,,,57553.2,
2016-12-02,,,,32377.2,
2016-12-05,,,,NA,
2016-12-06,,,,28598.5,
2016-12-07,,,,21537.8,
2016-12-08,,,,16840.8,
2016-12-09,,,,15449.8,
2016-12-12,,,,NA,
2016-12-13,,,,15686.4,
2016-12-14,,,,16003.8,
2016-12-15,,,,48587.6,
2016-12-16,,,,27737.1,
2016-12-19,,,,11618.4,
2016-12-20,,,,4712.6,
2016-12-21,,,,21197.4,
2016-12-22,,,,19991.8,
2016-12-23,,,,20581.4,
2016-12-26,,,,36729.9,
2016-12-27,,,,35109.7,
2016-12-28,,,,12262.6,
2016-12-29,,,,14035.0,
2016-12-30,,,,29498.6,
2015-01-01,,,,NA,
2015-01-02,,,,NA,
2015-01-05,,,,16567.4,
2015-01-06,,,,59230.2,
2015-01-07,,,,24048.5,
2015-01-08,,,,15339.9,
2015-01-09,,,,50678.6,
2015-01-12,,,,17719.0,
2015-01-13,,,,75047.8,
2015-01-14,,,,25469.9,
2015-01-15,,,,9401.5,
2015-01-16,,,,37623.6,
2015-01-19,,,,7847.2,
2015-01-20,,,,40462.5,
2015-01-21,,,,69002.8,
2015-01-22,,,,127314.1,
2015-01-23,,,,42659.4,
2015-01-26,,,,34332.7,
2015-01-27,,,,39406.5,
2015-01-28,,,,24712.4,
2015-01-29,,,,115747.2,
2015-01-30,,,,46882.1,
2015-02-02,,,,44041.1,
2015-02-03,,,,56301.6,
2015-02-04,,,,101432.8,
2015-02-05,,,,67084.7,
2015-02-06,,,,31642.2,
2015-02-09,,,,26584.5,
2015-02-10,,,,28520.4,
2015-02-11,,,,24646.8,
2015-02-12,,,,20635.8,
2015-02-13,,,,11736.5,
2015-02-16,,,,16669.6,
2015-02-17,,,,13012.7,
2015-02-18,,,,9920.6,
2015-02-19,,,,17246.1,
2015-02-20,,,,14557.6,
2015-02-23,,,,50354.9,
2015-02-24,,,,26934.1,
2015-02-25,,,,34520.1,
2015-02-26,,,,66013.4,
2015-02-27,,,,28023.8,
2015-03-02,,,,19057.6,
2015-03-03,,,,32027.0,
2015-03-04,,,,NA,
2015-03-05,,,,25132.1,
2015-03-06,,,,7548.3,
2015-03-09,,,,8554.8,
2015-03-10,,,,31853.3,
2015-03-11,,,,28934.5,
2015-03-12,,,,72435.4,
2015-03-13,,,,32733.2,
2015-03-16,,,,29779.0,
2015-03-17,,,,24317.4,
2015-03-18,,,,14133.4,
2015-03-19,,,,32121.0,
2015-03-20,,,,40328.6,
2015-03-23,,,,15273.3,
2015-03-24,,,,27932.7,
2015-03-25,,,,13035.9,
2015-03-26,,,,49843.0,
2015-03-27,,,,20659.6,
2015-03-30,,,,107670.1,
2015-03-31,,,,231801.4,
2015-04-01,,,,87493.8,
2015-04-02,,,,51545.9,
2015-04-03,,,,31008.2,
2015-04-06,,,,NA,
2015-04-07,,,,40122.1,
2015-04-08,,,,32906.7,
2015-04-09,,,,22043.1,
2015-04-10,,,,16876.1,
2015-04-13,,,,NA,
2015-04-14,,,,NA,
2015-04-15,,,,NA,
2015-04-16,,,,27420.5,
2015-04-17,,,,52085.5,
2015-04-20,,,,43782.3,
2015-04-21,,,,41317.1,
2015-04-22,,,,38931.2,
2015-04-23,,,,21389.1,
2015-04-24,,,,5221.5,
2015-04-27,,,,19107.0,
2015-04-28,,,,22005.5,
2015-04-29,,,,17011.6,
2015-04-30,,,,7055.3,
2015-05-01,,,,NA,
2015-05-04,,,,NA,
2015-05-05,,,,NA,
2015-05-06,,,,8428.6,
2015-05-07,,,,26868.8,
2015-05-08,,,,18417.5,
2015-05-11,,,,12530.5,
2015-05-12,,,,12393.2,
2015-05-13,,,,16080.4,
2015-05-14,,,,19528.0,
2015-05-15,,,,9796.2,
2015-05-18,,,,15514.4,
2015-05-19,,,,17915.7,
2015-05-20,,,,14108.3,
2015-05-21,,,,12581.8,
2015-05-22,,,,4791.6,
2015-05-25,,,,4977.1,
2015-05-26,,,,6818.9,
2015-05-27,,,,7975.1,
2015-05-28,,,,12383.1,
2015-05-29,,,,7958.5,
2015-06-01,,,,NA,
2015-06-02,,,,6538.2,
2015-06-03,,,,13047.6,
2015-06-04,,,,10170.8,
2015-06-05,,,,16612.7,
2015-06-08,,,,8116.6,
2015-06-09,,,,18696.1,
2015-06-10,,,,8080.7,
2015-06-11,,,,48844.9,
2015-06-12,,,,116797.1,
2015-06-15,,,,28602.2,
2015-06-16,,,,59741.4,
2015-06-17,,,,103228.4,
2015-06-18,,,,50435.0,
2015-06-19,,,,167631.6,
2015-06-22,,,,72471.8,
2015-06-23,,,,59414.6,
2015-06-24,,,,59621.4,
2015-06-25,,,,24808.8,
2015-06-26,,,,58148.6,
2015-06-29,,,,33545.9,
2015-06-30,,,,20972.0,
2015-07-01,,,,NA,
2015-07-02,,,,40111.6,
2015-07-03,,,,16952.5,
2015-07-06,,,,19067.5,
2015-07-07,,,,54434.2,
2015-07-08,,,,40195.6,
2015-07-09,,,,43389.5,
2015-07-10,,,,34173.9,
2015-07-13,,,,44054.3,
2015-07-14,,,,33977.7,
2015-07-15,,,,7292.1,
2015-07-16,,,,22581.3,
2015-07-17,,,,8968.4,
2015-07-20,,,,6804.6,
2015-07-21,,,,15974.8,
2015-07-22,,,,12577.7,
2015-07-23,,,,22031.7,
2015-07-24,,,,18266.6,
2015-07-27,,,,12070.1,
2015-07-28,,,,29160.8,
2015-07-29,,,,16112.9,
2015-07-30,,,,NA,
2015-07-31,,,,22964.8,
2015-08-03,,,,28639.5,
2015-08-04,,,,17481.4,
2015-08-05,,,,24270.4,
2015-08-06,,,,26988.4,
2015-08-07,,,,9975.9,
2015-08-10,,,,15125.4,
2015-08-11,,,,41150.9,
2015-08-12,,,,NA,
2015-08-13,,,,58662.4,
2015-08-14,,,,32887.7,
2015-08-17,,,,31207.4,
2015-08-18,,,,183640.2,
2015-08-19,,,,108867.4,
2015-08-20,,,,39255.0,
2015-08-21,,,,32139.7,
2015-08-24,,,,27744.2,
2015-08-25,,,,36280.3,
2015-08-26,,,,14572.9,
2015-08-27,,,,21627.3,
2015-08-28,,,,48352.8,
2015-08-31,,,,13292.5,
2015-09-01,,,,18027.3,
2015-09-02,,,,19155.2,
2015-09-03,,,,23555.3,
2015-09-04,,,,15468.5,
2015-09-07,,,,3958.8,
2015-09-08,,,,13855.4,
2015-09-09,,,,17495.7,
2015-09-10,,,,3559.1,
2015-09-11,,,,14720.3,
2015-09-14,,,,6194.1,
2015-09-15,,,,4806.5,
2015-09-16,,,,7937.2,
2015-09-17,,,,6500.5,
2015-09-18,,,,4409.1,
2015-09-21,,,,3282.6,
2015-09-22,,,,7127.1,
2015-09-23,,,,8166.8,
2015-09-24,,,,12266.0,
2015-09-25,,,,3728.9,
2015-09-28,,,,12313.4,
2015-09-29,,,,12624.5,
2015-09-30,,,,3858.5,
2015-10-01,,,,2778.1,
2015-10-02,,,,2200.7,
2015-10-05,,,,17080.8,
2015-10-06,,,,2857.0,
2015-10-07,,,,24261.9,
2015-10-08,,,,13986.8,
2015-10-09,,,,9250.2,
2015-10-12,,,,9716.7,
2015-10-13,,,,3721.9,
2015-10-14,,,,7999.3,
2015-10-15,,,,14719.9,
2015-10-16,,,,8151.7,
2015-10-19,,,,5368.2,
2015-10-20,,,,2347.0,
2015-10-21,,,,3308.7,
2015-10-22,,,,2445.3,
2015-10-23,,,,NA,
2015-10-26,,,,13091.7,
2015-10-27,,,,5814.8,
2015-10-28,,,,11326.1,
2015-10-29,,,,8847.8,
2015-10-30,,,,5091.4,
2015-11-02,,,,2155.7,
2015-11-03,,,,2830.5,
2015-11-04,,,,7239.6,
2015-11-05,,,,15975.7,
2015-11-06,,,,3994.0,
2015-11-09,,,,5588.6,
2015-11-10,,,,19126.7,
2015-11-11,,,,3460.5,
2015-11-12,,,,11836.3,
2015-11-13,,,,9594.0,
2015-11-16,,,,9470.0,
2015-11-17,,,,7440.3,
2015-11-18,,,,7898.1,
2015-11-19,,,,2977.0,
2015-11-20,,,,4026.2,
2015-11-23,,,,11061.5,
2015-11-24,,,,18013.3,
2015-11-25,,,,3129.7,
2015-11-26,,,,6875.2,
2015-11-27,,,,3839.3,
2015-11-30,,,,10017.1,
2015-12-01,,,,12383.9,
2015-12-02,,,,20401.5,
2015-12-03,,,,11611.3,
2015-12-04,,,,4982.4,
2015-12-07,,,,NA,
2015-12-08,,,,13899.1,
2015-12-09,,,,21460.1,
2015-12-10,,,,NA,
2015-12-11,,,,42906.6,
2015-12-14,,,,11158.4,
2015-12-15,,,,7325.8,
2015-12-16,,,,24818.3,
2015-12-17,,,,54546.6,
2015-12-18,,,,24531.9,
2015-12-21,,,,11810.1,
2015-12-22,,,,8747.0,
2015-12-23,,,,9491.3,
2015-12-24,,,,2649.3,
2015-12-25,,,,4091.0,
2015-12-28,,,,8262.5,
2015-12-29,,,,32625.8,
2015-12-30,,,,15024.8,
2015-12-31,,,,NA,
2014-01-01,,,,NA,
2014-01-02,,,,19045.1,
2014-01-03,,,,10163.8,
2014-01-06,,,,11936.8,
2014-01-07,,,,25572.0,
2014-01-08,,,,15618.6,
2014-01-09,,,,12064.9,
2014-01-10,,,,2681.9,
2014-01-13,,,,9834.4,
2014-01-14,,,,25513.5,
2014-01-15,,,,20269.3,
2014-01-16,,,,40179.4,
2014-01-17,,,,17693.1,
2014-01-20,,,,3321.3,
2014-01-21,,,,8483.3,
2014-01-22,,,,9287.2,
2014-01-23,,,,11393.3,
2014-01-24,,,,7404.6,
2014-01-27,,,,3339.0,
2014-01-28,,,,10442.7,
2014-01-29,,,,4596.7,
2014-01-30,,,,3183.2,
2014-01-31,,,,6349.8,
2014-02-03,,,,13504.7,
2014-02-04,,,,9260.2,
2014-02-05,,,,48888.1,
2014-02-06,,,,42596.9,
2014-02-07,,,,19824.1,
2014-02-10,,,,7011.7,
2014-02-11,,,,10773.3,
2014-02-12,,,,31397.8,
2014-02-13,,,,20484.4,
2014-02-14,,,,NA,
2014-02-17,,,,32956.6,
2014-02-18,,,,75708.5,
2014-02-19,,,,38818.4,
2014-02-20,,,,15339.9,
2014-02-21,,,,24454.8,
2014-02-24,,,,9619.6,
2014-02-25,,,,21657.0,
2014-02-26,,,,2497.4,
2014-02-27,,,,15668.9,
2014-02-28,,,,8173.2,
2014-03-03,,,,54002.2,
2014-03-04,,,,28975.3,
2014-03-05,,,,29895.0,
2014-03-06,,,,22965.9,
2014-03-07,,,,9479.2,
2014-03-10,,,,22561.7,
2014-03-11,,,,37872.6,
2014-03-12,,,,42165.2,
2014-03-13,,,,54777.8,
2014-03-14,,,,60891.2,
2014-03-17,,,,25482.4,
2014-03-18,,,,48520.0,
2014-03-19,,,,37926.8,
2014-03-20,,,,20881.7,
2014-03-21,,,,14185.8,
2014-03-24,,,,23734.6,
2014-03-25,,,,17742.9,
2014-03-26,,,,8063.0,
2014-03-27,,,,3680.8,
2014-03-28,,,,6865.6,
2014-03-31,,,,3455.3,
2014-04-01,,,,14612.1,
2014-04-02,,,,43888.7,
2014-04-03,,,,15353.0,
2014-04-04,,,,5409.6,
2014-04-07,,,,NA,
2014-04-08,,,,20915.0,
2014-04-09,,,,7865.2,
2014-04-10,,,,9175.7,
2014-04-11,,,,4149.9,
2014-04-14,,,,NA,
2014-04-15,,,,NA,
2014-04-16,,,,3603.0,
2014-04-17,,,,8809.3,
2014-04-18,,,,8940.8,
2014-04-21,,,,6239.6,
2014-04-22,,,,6993.5,
2014-04-23,,,,14726.0,
2014-04-24,,,,9699.3,
2014-04-25,,,,12149.2,
2014-04-28,,,,18766.6,
2014-04-29,,,,21190.9,
2014-04-30,,,,3896.4,
2014-05-01,,,,NA,
2014-05-02,,,,4389.6,
2014-05-05,,,,NA,
2014-05-06,,,,7137.6,
2014-05-07,,,,8989.9,
2014-05-08,,,,17557.3,
2014-05-09,,,,5721.2,
2014-05-12,,,,3961.4,
2014-05-13,,,,NA,
2014-05-14,,,,7996.8,
2014-05-15,,,,6265.4,
2014-05-16,,,,5360.0,
2014-05-19,,,,5967.1,
2014-05-20,,,,11067.0,
2014-05-21,,,,5410.2,
2014-05-22,,,,3719.1,
2014-05-23,,,,7539.3,
2014-05-26,,,,3679.7,
2014-05-27,,,,4697.6,
2014-05-28,,,,16927.7,
2014-05-29,,,,12850.5,
2014-05-30,,,,29217.6,
2014-06-02,,,,54534.4,
2014-06-03,,,,64097.4,
2014-06-04,,,,22307.4,
2014-06-05,,,,9487.9,
2014-06-06,,,,36788.3,
2014-06-09,,,,72633.2,
2014-06-10,,,,38531.1,
2014-06-11,,,,50096.7,
2014-06-12,,,,131218.1,
2014-06-13,,,,145957.8,
2014-06-16,,,,74638.8,
2014-06-17,,,,64905.7,
2014-06-18,,,,36500.7,
2014-06-19,,,,14870.3,
2014-06-20,,,,11523.1,
2014-06-23,,,,11222.6,
2014-06-24,,,,19564.9,
2014-06-25,,,,6738.7,
2014-06-26,,,,23205.0,
2014-06-27,,,,9252.3,
2014-06-30,,,,7020.5,
2014-07-01,,,,NA,
2014-07-02,,,,49727.3,
2014-07-03,,,,36020.9,
2014-07-04,,,,36957.0,
2014-07-07,,,,17778.1,
2014-07-08,,,,11237.9,
2014-07-09,,,,120045.3,
2014-07-10,,,,97408.5,
2014-07-11,,,,NA,
2014-07-14,,,,92452.4,
2014-07-15,,,,61004.8,
2014-07-16,,,,26033.6,
2014-07-17,,,,127217.1,
2014-07-18,,,,99432.6,
2014-07-21,,,,44770.7,
2014-07-22,,,,55218.0,
2014-07-23,,,,33275.6,
2014-07-24,,,,39336.6,
2014-07-25,,,,58867.5,
2014-07-28,,,,40316.1,
2014-07-29,,,,37893.6,
2014-07-30,,,,32027.1,
2014-07-31,,,,12582.4,
2014-08-01,,,,55113.7,
2014-08-04,,,,28330.7,
2014-08-05,,,,33458.3,
2014-08-06,,,,14130.8,
2014-08-07,,,,83336.8,
2014-08-08,,,,59953.6,
2014-08-11,,,,NA,
2014-08-12,,,,NA,
2014-08-13,,,,61337.6,
2014-08-14,,,,38034.7,
2014-08-15,,,,25108.4,
2014-08-18,,,,12207.1,
2014-08-19,,,,62346.9,
2014-08-20,,,,29104.6,
2014-08-21,,,,76024.1,
2014-08-22,,,,97487.3,
2014-08-25,,,,46244.3,
2014-08-26,,,,48256.0,
2014-08-27,,,,20232.6,
2014-08-28,,,,14751.8,
2014-08-29,,,,17560.8,
2014-09-01,,,,32655.5,
2014-09-02,,,,83500.2,
2014-09-03,,,,132861.8,
2014-09-04,,,,131208.3,
2014-09-05,,,,47506.0,
2014-09-08,,,,29657.5,
2014-09-09,,,,29336.4,
2014-09-10,,,,28098.2,
2014-09-11,,,,26279.9,
2014-09-12,,,,19652.1,
2014-09-15,,,,13174.2,
2014-09-16,,,,11485.5,
2014-09-17,,,,13927.0,
2014-09-18,,,,15086.8,
2014-09-19,,,,9467.8,
2014-09-22,,,,8633.2,
2014-09-23,,,,35297.2,
2014-09-24,,,,32350.9,
2014-09-25,,,,24291.2,
2014-09-26,,,,13998.2,
2014-09-29,,,,18954.3,
2014-09-30,,,,11291.2,
2014-10-01,,,,5652.1,
2014-10-02,,,,18032.7,
2014-10-03,,,,9886.6,
2014-10-06,,,,16666.3,
2014-10-07,,,,11768.2,
2014-10-08,,,,25819.0,
2014-10-09,,,,6450.1,
2014-10-10,,,,3786.8,
2014-10-13,,,,13576.7,
2014-10-14,,,,6488.1,
2014-10-15,,,,51122.2,
2014-10-16,,,,9132.0,
2014-10-17,,,,9630.5,
2014-10-20,,,,6309.1,
2014-10-21,,,,5172.2,
2014-10-22,,,,4253.8,
2014-10-23,,,,NA,
2014-10-24,,,,5399.0,
2014-10-27,,,,3578.9,
2014-10-28,,,,9825.3,
2014-10-29,,,,8627.2,
2014-10-30,,,,4337.1,
2014-10-31,,,,6141.8,
2014-11-03,,,,5003.9,
2014-11-04,,,,2746.4,
2014-11-05,,,,4308.9,
2014-11-06,,,,6335.9,
2014-11-07,,,,8625.8,
2014-11-10,,,,6815.9,
2014-11-11,,,,16998.6,
2014-11-12,,,,10184.2,
2014-11-13,,,,6883.9,
2014-11-14,,,,19068.9,
2014-11-17,,,,7501.9,
2014-11-18,,,,19646.9,
2014-11-19,,,,17450.4,
2014-11-20,,,,5284.2,
2014-11-21,,,,7453.2,
2014-11-24,,,,3848.8,
2014-11-25,,,,3298.8,
2014-11-26,,,,29098.6,
2014-11-27,,,,56461.8,
2014-11-28,,,,95231.1,
2014-12-01,,,,67142.4,
2014-12-02,,,,26203.8,
2014-12-03,,,,21594.9,
2014-12-04,,,,6575.9,
2014-12-05,,,,NA,
2014-12-08,,,,23130.2,
2014-12-09,,,,27099.1,
2014-12-10,,,,NA,
2014-12-11,,,,169651.5,
2014-12-12,,,,153165.1,
2014-12-15,,,,142003.9,
2014-12-16,,,,82425.2,
2014-12-17,,,,71727.0,
2014-12-18,,,,96875.1,
2014-12-19,,,,35438.4,
2014-12-22,,,,37239.2,
2014-12-23,,,,22057.7,
2014-12-24,,,,15199.8,
2014-12-25,,,,23459.2,
2014-12-26,,,,33451.5,
2014-12-29,,,,69141.7,
2014-12-30,,,,32556.0,
2014-12-31,,,,NA,
2019-01-01,,20369.99,,,
2019-01-02,,19981.99,,,
2019-01-03,,19205.99,,,
2019-01-04,,19400.0,,,
2019-01-07,,19497.0,,,
2019-01-08,,19497.0,,,
2019-01-09,,19400.0,,,
2019-01-10,,19400.0,,,
2019-01-11,,19400.0,,,
2019-01-14,,19205.99,,,
2019-01-15,,19302.99,,,
2019-01-16,,19205.99,,,
2019-01-17,,19400.0,,,
2019-01-18,,19594.0,,,
2019-01-21,,19400.0,,,
2019-01-22,,19400.0,,,
2019-01-23,,19691.0,,,
2019-01-24,,19594.0,,,
2019-01-25,,19497.0,,,
2019-01-28,,19594.0,,,
2019-01-29,,19594.0,,,
2019-01-30,,20757.99,,,
2019-01-31,,20757.99,,,
2019-02-01,,20757.99,,,
2019-02-04,,21145.99,,,
2019-02-05,,21145.99,,,
2019-02-06,,21339.99,,,
2019-02-07,,20951.99,,,
2019-02-08,,20661.0,,,
2019-02-11,,20855.0,,,
2019-02-12,,20951.99,,,
2019-02-13,,21339.99,,,
2019-02-14,,21242.99,,,
2019-02-15,,20757.99,,,
2019-02-18,,20757.99,,,
2019-02-19,,20757.99,,,
2019-02-20,,21048.99,,,
2019-02-21,,21242.99,,,
2019-02-22,,21824.99,,,
2019-02-25,,22407.0,,,
2019-02-26,,22116.0,,,
2019-02-27,,21727.99,,,
2019-02-28,,22407.0,,,
2019-03-01,,21922.0,,,
2019-03-04,,21145.99,,,
2019-03-05,,21242.99,,,
2019-03-06,,20564.0,,,
2019-03-07,,20661.0,,,
2019-03-08,,20855.0,,,
2019-03-11,,20564.0,,,
2019-03-12,,20369.99,,,
2019-03-13,,20175.99,,,
2019-03-14,,20273.0,,,
2019-03-15,,20079.0,,,
2019-03-18,,19981.99,,,
2019-03-19,,19981.99,,,
2019-03-20,,20079.0,,,
2019-03-21,,20175.99,,,
2019-03-22,,20079.0,,,
2019-03-25,,19594.0,,,
2019-03-26,,19788.0,,,
2019-03-27,,19788.0,,,
2019-03-28,,19788.0,,,
2019-03-29,,19885.0,,,
2019-04-01,,19885.0,,,
2019-04-02,,19981.99,,,
2019-04-03,,19788.0,,,
2019-04-04,,19885.0,,,
2019-04-05,,19981.99,,,
2019-04-08,,19981.99,,,
2019-04-09,,19981.99,,,
2019-04-10,,19885.0,,,
2019-04-11,,19885.0,,,
2019-04-12,,20079.0,,,
2019-04-15,,20079.0,,,
2019-04-16,,20079.0,,,
2019-04-17,,20564.0,,,
2019-04-18,,20951.99,,,
2019-04-19,,20855.0,,,
2019-04-22,,20951.99,,,
2019-04-23,,20855.0,,,
2019-04-24,,20661.0,,,
2019-04-25,,20661.0,,,
2019-04-26,,20564.0,,,
2019-04-29,,20564.0,,,
2019-04-30,,20661.0,,,
2019-05-01,,20661.0,,,
2019-05-02,,20661.0,,,
2019-05-03,,21145.99,,,
2019-05-06,,21145.99,,,
2019-05-07,,20855.0,,,
2019-05-08,,20564.0,,,
2019-05-09,,20564.0,,,
2019-05-10,,20467.0,,,
2019-05-13,,19497.0,,,
2019-05-14,,19400.0,,,
2019-05-15,,19400.0,,,
2019-05-16,,19691.0,,,
2019-05-17,,19594.0,,,
2019-05-20,,19594.0,,,
2019-05-21,,19400.0,,,
2019-05-22,,19788.0,,,
2019-05-23,,19594.0,,,
2019-05-24,,19981.99,,,
2019-05-27,,19788.0,,,
2019-05-28,,19400.0,,,
2019-05-29,,19302.99,,,
2019-05-30,,19302.99,,,
2019-05-31,,19400.0,,,
2019-06-03,,19400.0,,,
2019-06-04,,19497.0,,,
2019-06-05,,19594.0,,,
2019-06-06,,19400.0,,,
2019-06-07,,19302.99,,,
2019-06-10,,19400.0,,,
2019-06-11,,19691.0,,,
2019-06-12,,19497.0,,,
2019-06-13,,19497.0,,,
2019-06-14,,19497.0,,,
2019-06-17,,19497.0,,,
2019-06-18,,19497.0,,,
2019-06-19,,19594.0,,,
2019-06-20,,20175.99,,,
2019-06-21,,19691.0,,,
2019-06-24,,19885.0,,,
2019-06-25,,20369.99,,,
2019-06-26,,20273.0,,,
2019-06-27,,19691.0,,,
2019-06-28,,19594.0,,,
2019-07-01,,19497.0,,,
2019-07-02,,19594.0,,,
2019-07-03,,19691.0,,,
2019-07-04,,19302.99,,,
2019-07-05,,19400.0,,,
2019-07-08,,19205.99,,,
2019-07-09,,19108.99,,,
2019-07-10,,19302.99,,,
2019-07-11,,19108.99,,,
2019-07-12,,19108.99,,,
2019-07-15,,19108.99,,,
2019-07-16,,19108.99,,,
2019-07-17,,19012.0,,,
2019-07-18,,19108.99,,,
2019-07-19,,19302.99,,,
2019-07-22,,19108.99,,,
2019-07-23,,19108.99,,,
2019-07-24,,19012.0,,,
2019-07-25,,19205.99,,,
2019-07-26,,18914.99,,,
2019-07-29,,18914.99,,,
2019-07-30,,18818.0,,,
2019-07-31,,18624.0,,,
2019-08-01,,18526.99,,,
2019-08-02,,18526.99,,,
2019-08-05,,18430.0,,,
2019-08-06,,18236.0,,,
2019-08-07,,17266.0,,,
2019-08-08,,17362.99,,,
2019-08-09,,17168.99,,,
2019-08-12,,17168.99,,,
2019-08-13,,16101.99,,,
2019-08-14,,15908.0,,,
2019-08-15,,15325.99,,,
2019-08-16,,15423.0,,,
2019-08-19,,15714.0,,,
2019-08-20,,15617.0,,,
2019-08-21,,15617.0,,,
2019-08-22,,15229.0,,,
2019-08-23,,15229.0,,,
2019-08-26,,14841.0,,,
2019-08-27,,14938.0,,,
2019-08-28,,14841.0,,,
2019-08-29,,15423.0,,,
2019-08-30,,15519.99,,,
2019-09-02,,15423.0,,,
2019-09-03,,15325.99,,,
2019-09-04,,15423.0,,,
2019-09-05,,15519.99,,,
2019-09-06,,15519.99,,,
2019-09-09,,15519.99,,,
2019-09-10,,15423.0,,,
2019-09-11,,15714.0,,,
2019-09-12,,15714.0,,,
2019-09-13,,15714.0,,,
2019-09-16,,15325.99,,,
2019-09-17,,14938.0,,,
2019-09-18,,15132.0,,,
2019-09-19,,14938.0,,,
2019-09-20,,14938.0,,,
2019-09-23,,14841.0,,,
2019-09-24,,14841.0,,,
2019-09-25,,14841.0,,,
2019-09-26,,14744.0,,,
2019-09-27,,14647.0,,,
2019-09-30,,14744.0,,,
2019-10-01,,14744.0,,,
2019-10-02,,14744.0,,,
2019-10-03,,14550.0,,,
2019-10-04,,14647.0,,,
2019-10-07,,14647.0,,,
2019-10-08,,14647.0,,,
2019-10-09,,14550.0,,,
2019-10-10,,14550.0,,,
2019-10-11,,14356.0,,,
2019-10-14,,14356.0,,,
2019-10-15,,13774.0,,,
2019-10-16,,13192.0,,,
2019-10-17,,13386.0,,,
2019-10-18,,13288.99,,,
2019-10-21,,12901.0,,,
2019-10-22,,12998.0,,,
2019-10-23,,12998.0,,,
2019-10-24,,12901.0,,,
2019-10-25,,12125.0,,,
2019-10-28,,12222.0,,,
2019-10-29,,12125.0,,,
2019-10-30,,12222.0,,,
2019-10-31,,12416.0,,,
2019-11-01,,12222.0,,,
2019-11-04,,12512.99,,,
2019-11-05,,12512.99,,,
2019-11-06,,12707.0,,,
2019-11-07,,12901.0,,,
2019-11-08,,13095.0,,,
2019-11-11,,12512.99,,,
2019-11-12,,12125.0,,,
2019-11-13,,11639.99,,,
2019-11-14,,11155.0,,,
2019-11-15,,10961.0,,,
2019-11-18,,10669.99,,,
2019-11-19,,10573.0,,,
2019-11-20,,10185.0,,,
2019-11-21,,10282.0,,,
2019-11-22,,10476.0,,,
2019-11-25,,10379.0,,,
2019-11-26,,10669.99,,,
2019-11-27,,11349.0,,,
2019-11-28,,10864.0,,,
2019-11-29,,10669.99,,,
2019-12-02,,10669.99,,,
2019-12-03,,11058.0,,,
2019-12-04,,11058.0,,,
2019-12-05,,11058.0,,,
2019-12-06,,11058.0,,,
2019-12-09,,10767.0,,,
2019-12-10,,10767.0,,,
2019-12-11,,10669.99,,,
2019-12-12,,10864.0,,,
2019-12-13,,10864.0,,,
2019-12-16,,10767.0,,,
2019-12-17,,10379.0,,,
2019-12-18,,10573.0,,,
2019-12-19,,10669.99,,,
2019-12-20,,10767.0,,,
2019-12-23,,10573.0,,,
2019-12-24,,10379.0,,,
2019-12-25,,10476.0,,,
2019-12-26,,10476.0,,,
2019-12-27,,10669.99,,,
2019-12-30,,10864.0,,,
2019-12-31,,10864.0,,,
2018-01-01,,29827.49,,,
2018-01-02,,29827.49,,,
2018-01-03,,29100.0,,,
2018-01-04,,29584.99,,,
2018-01-05,,29584.99,,,
2018-01-08,,29100.0,,,
2018-01-09,,29100.0,,,
2018-01-10,,28614.99,,,
2018-01-11,,28372.5,,,
2018-01-12,,28372.5,,,
2018-01-15,,27644.99,,,
2018-01-16,,27644.99,,,
2018-01-17,,27887.49,,,
2018-01-18,,27887.49,,,
2018-01-19,,28130.0,,,
2018-01-22,,28614.99,,,
2018-01-23,,28130.0,,,
2018-01-24,,28372.5,,,
2018-01-25,,28130.0,,,
2018-01-26,,27887.49,,,
2018-01-29,,27887.49,,,
2018-01-30,,27644.99,,,
2018-01-31,,27644.99,,,
2018-02-01,,27402.49,,,
2018-02-02,,27402.49,,,
2018-02-05,,26674.99,,,
2018-02-06,,26189.99,,,
2018-02-07,,26917.5,,,
2018-02-08,,28372.5,,,
2018-02-09,,28614.99,,,
2018-02-12,,28372.5,,,
2018-02-13,,28372.5,,,
2018-02-14,,28130.0,,,
2018-02-15,,27160.0,,,
2018-02-16,,27160.0,,,
2018-02-19,,26917.5,,,
2018-02-20,,27402.49,,,
2018-02-21,,27160.0,,,
2018-02-22,,26674.99,,,
2018-02-23,,27402.49,,,
2018-02-26,,26917.5,,,
2018-02-27,,26917.5,,,
2018-02-28,,26917.5,,,
2018-03-01,,26917.5,,,
2018-03-02,,26674.99,,,
2018-03-05,,25947.5,,,
2018-03-06,,26189.99,,,
2018-03-07,,25947.5,,,
2018-03-08,,26189.99,,,
2018-03-09,,25947.5,,,
2018-03-12,,25947.5,,,
2018-03-13,,25704.99,,,
2018-03-14,,26189.99,,,
2018-03-15,,26432.49,,,
2018-03-16,,25947.5,,,
2018-03-19,,25947.5,,,
2018-03-20,,26189.99,,,
2018-03-21,,26189.99,,,
2018-03-22,,25947.5,,,
2018-03-23,,25462.49,,,
2018-03-26,,25219.99,,,
2018-03-27,,25704.99,,,
2018-03-28,,25219.99,,,
2018-03-29,,24735.0,,,
2018-03-30,,24977.49,,,
2018-04-02,,27402.49,,,
2018-04-03,,27644.99,,,
2018-04-04,,27887.49,,,
2018-04-05,,27887.49,,,
2018-04-06,,27887.49,,,
2018-04-09,,29100.0,,,
2018-04-10,,29100.0,,,
2018-04-11,,28372.5,,,
2018-04-12,,28372.5,,,
2018-04-13,,28372.5,,,
2018-04-16,,28372.5,,,
2018-04-17,,27644.99,,,
2018-04-18,,27887.49,,,
2018-04-19,,27402.49,,,
2018-04-20,,26917.5,,,
2018-04-23,,26917.5,,,
2018-04-24,,27402.49,,,
2018-04-25,,27402.49,,,
2018-04-26,,26917.5,,,
2018-04-27,,26917.5,,,
2018-04-30,,28372.5,,,
2018-05-01,,28372.5,,,
2018-05-02,,29100.0,,,
2018-05-03,,28857.49,,,
2018-05-04,,28614.99,,,
2018-05-07,,28857.49,,,
2018-05-08,,28614.99,,,
2018-05-09,,28372.5,,,
2018-05-10,,27160.0,,,
2018-05-11,,27160.0,,,
2018-05-14,,28372.5,,,
2018-05-15,,28130.0,,,
2018-05-16,,27887.49,,,
2018-05-17,,28130.0,,,
2018-05-18,,28130.0,,,
2018-05-21,,28130.0,,,
2018-05-22,,28130.0,,,
2018-05-23,,28372.5,,,
2018-05-24,,27887.49,,,
2018-05-25,,27160.0,,,
2018-05-28,,27644.99,,,
2018-05-29,,27644.99,,,
2018-05-30,,27160.0,,,
2018-05-31,,26674.99,,,
2018-06-01,,26674.99,,,
2018-06-04,,27402.49,,,
2018-06-05,,27402.49,,,
2018-06-06,,27644.99,,,
2018-06-07,,27402.49,,,
2018-06-08,,27402.49,,,
2018-06-11,,27160.0,,,
2018-06-12,,26917.5,,,
2018-06-13,,26674.99,,,
2018-06-14,,26189.99,,,
2018-06-15,,26432.49,,,
2018-06-18,,26189.99,,,
2018-06-19,,25219.99,,,
2018-06-20,,25947.5,,,
2018-06-21,,25462.49,,,
2018-06-22,,25462.49,,,
2018-06-25,,25219.99,,,
2018-06-26,,24977.49,,,
2018-06-27,,25219.99,,,
2018-06-28,,24492.49,,,
2018-06-29,,24250.0,,,
2018-07-02,,23474.0,,,
2018-07-03,,23861.99,,,
2018-07-04,,23764.99,,,
2018-07-05,,23474.0,,,
2018-07-06,,23668.0,,,
2018-07-09,,23474.0,,,
2018-07-10,,22504.0,,,
2018-07-11,,22504.0,,,
2018-07-12,,22600.99,,,
2018-07-13,,23182.99,,,
2018-07-16,,22600.99,,,
2018-07-17,,22600.99,,,
2018-07-18,,22698.0,,,
2018-07-19,,22892.0,,,
2018-07-20,,22794.99,,,
2018-07-23,,22600.99,,,
2018-07-24,,22212.99,,,
2018-07-25,,22310.0,,,
2018-07-26,,22310.0,,,
2018-07-27,,22310.0,,,
2018-07-30,,22310.0,,,
2018-07-31,,22212.99,,,
2018-08-01,,22407.0,,,
2018-08-02,,22212.99,,,
2018-08-03,,21922.0,,,
2018-08-06,,21824.99,,,
2018-08-07,,21631.0,,,
2018-08-08,,21727.99,,,
2018-08-09,,21242.99,,,
2018-08-10,,20564.0,,,
2018-08-13,,20564.0,,,
2018-08-14,,20564.0,,,
2018-08-15,,20369.99,,,
2018-08-16,,20369.99,,,
2018-08-17,,20757.99,,,
2018-08-20,,20951.99,,,
2018-08-21,,21048.99,,,
2018-08-22,,20855.0,,,
2018-08-23,,21145.99,,,
2018-08-24,,21145.99,,,
2018-08-27,,20951.99,,,
2018-08-28,,21437.0,,,
2018-08-29,,21533.99,,,
2018-08-30,,21242.99,,,
2018-08-31,,21631.0,,,
2018-09-03,,21339.99,,,
2018-09-04,,21339.99,,,
2018-09-05,,20855.0,,,
2018-09-06,,21048.99,,,
2018-09-07,,21048.99,,,
2018-09-10,,20855.0,,,
2018-09-11,,20757.99,,,
2018-09-12,,20369.99,,,
2018-09-13,,20757.99,,,
2018-09-14,,20661.0,,,
2018-09-17,,21242.99,,,
2018-09-18,,21437.0,,,
2018-09-19,,21437.0,,,
2018-09-20,,21339.99,,,
2018-09-21,,21437.0,,,
2018-09-24,,21533.99,,,
2018-09-25,,20757.99,,,
2018-09-26,,20757.99,,,
2018-09-27,,20757.99,,,
2018-09-28,,20757.99,,,
2018-10-01,,20757.99,,,
2018-10-02,,20661.0,,,
2018-10-03,,20951.99,,,
2018-10-04,,20855.0,,,
2018-10-05,,20855.0,,,
2018-10-08,,20564.0,,,
2018-10-09,,20661.0,,,
2018-10-10,,20757.99,,,
2018-10-11,,20467.0,,,
2018-10-12,,20467.0,,,
2018-10-15,,20467.0,,,
2018-10-16,,20369.99,,,
2018-10-17,,20369.99,,,
2018-10-18,,20273.0,,,
2018-10-19,,19981.99,,,
2018-10-22,,19302.99,,,
2018-10-23,,19302.99,,,
2018-10-24,,19108.99,,,
2018-10-25,,19012.0,,,
2018-10-26,,19302.99,,,
2018-10-29,,19400.0,,,
2018-10-30,,19400.0,,,
2018-10-31,,19400.0,,,
2018-11-01,,19400.0,,,
2018-11-02,,19497.0,,,
2018-11-05,,19594.0,,,
2018-11-06,,19497.0,,,
2018-11-07,,19497.0,,,
2018-11-08,,19497.0,,,
2018-11-09,,19400.0,,,
2018-11-12,,19108.99,,,
2018-11-13,,19012.0,,,
2018-11-14,,20079.0,,,
2018-11-15,,19885.0,,,
2018-11-16,,19691.0,,,
2018-11-19,,19691.0,,,
2018-11-20,,19108.99,,,
2018-11-21,,19497.0,,,
2018-11-22,,19302.99,,,
2018-11-23,,19400.0,,,
2018-11-26,,19691.0,,,
2018-11-27,,20369.99,,,
2018-11-28,,21048.99,,,
2018-11-29,,21145.99,,,
2018-11-30,,21048.99,,,
2018-12-03,,20757.99,,,
2018-12-04,,20855.0,,,
2018-12-05,,20855.0,,,
2018-12-06,,20757.99,,,
2018-12-07,,21242.99,,,
2018-12-10,,21242.99,,,
2018-12-11,,21339.99,,,
2018-12-12,,21242.99,,,
2018-12-13,,20951.99,,,
2018-12-14,,20855.0,,,
2018-12-17,,20661.0,,,
2018-12-18,,20079.0,,,
2018-12-19,,20661.0,,,
2018-12-20,,20661.0,,,
2018-12-21,,20564.0,,,
2018-12-24,,20467.0,,,
2018-12-25,,20273.0,,,
2018-12-26,,20175.99,,,
2018-12-27,,20079.0,,,
2018-12-28,,20369.99,,,
2018-12-31,,20369.99,,,
2016-12-30,,29342.49,,,
2017-01-02,,29342.49,,,
2017-01-03,,29342.49,,,
2017-01-04,,29584.99,,,
2017-01-05,,29827.49,,,
2017-01-06,,31282.49,,,
2017-01-09,,31767.49,,,
2017-01-10,,31767.49,,,
2017-01-11,,31282.49,,,
2017-01-12,,31039.99,,,
2017-01-13,,31039.99,,,
2017-01-16,,31524.99,,,
2017-01-17,,31282.49,,,
2017-01-18,,31282.49,,,
2017-01-19,,31282.49,,,
2017-01-20,,31524.99,,,
2017-01-23,,31524.99,,,
2017-01-24,,32494.99,,,
2017-01-25,,32010.0,,,
2017-01-26,,31524.99,,,
2017-01-27,,30069.99,,,
2017-01-30,,29827.49,,,
2017-01-31,,29584.99,,,
2017-02-01,,31039.99,,,
2017-02-02,,30554.99,,,
2017-02-03,,30312.49,,,
2017-02-06,,30069.99,,,
2017-02-07,,29584.99,,,
2017-02-08,,29584.99,,,
2017-02-09,,30069.99,,,
2017-02-10,,30069.99,,,
2017-02-13,,30069.99,,,
2017-02-14,,29827.49,,,
2017-02-15,,30069.99,,,
2017-02-16,,29827.49,,,
2017-02-17,,30069.99,,,
2017-02-20,,29827.49,,,
2017-02-21,,29827.49,,,
2017-02-22,,29584.99,,,
2017-02-23,,29827.49,,,
2017-02-24,,29584.99,,,
2017-02-27,,29100.0,,,
2017-02-28,,29342.49,,,
2017-03-01,,29342.49,,,
2017-03-02,,29100.0,,,
2017-03-03,,29342.49,,,
2017-03-06,,29342.49,,,
2017-03-07,,29584.99,,,
2017-03-08,,29827.49,,,
2017-03-09,,29584.99,,,
2017-03-10,,29584.99,,,
2017-03-13,,29342.49,,,
2017-03-14,,29584.99,,,
2017-03-15,,29342.49,,,
2017-03-16,,29827.49,,,
2017-03-17,,30312.49,,,
2017-03-20,,30312.49,,,
2017-03-21,,30797.5,,,
2017-03-22,,31282.49,,,
2017-03-23,,31039.99,,,
2017-03-24,,30554.99,,,
2017-03-27,,30554.99,,,
2017-03-28,,31524.99,,,
2017-03-29,,31282.49,,,
2017-03-30,,31524.99,,,
2017-03-31,,31282.49,,,
2017-04-03,,31524.99,,,
2017-04-04,,31524.99,,,
2017-04-05,,31039.99,,,
2017-04-06,,31039.99,,,
2017-04-07,,30797.5,,,
2017-04-10,,30797.5,,,
2017-04-11,,30797.5,,,
2017-04-12,,30554.99,,,
2017-04-13,,30554.99,,,
2017-04-14,,30554.99,,,
2017-04-17,,29827.49,,,
2017-04-18,,30069.99,,,
2017-04-19,,30069.99,,,
2017-04-20,,29584.99,,,
2017-04-21,,29827.49,,,
2017-04-24,,29827.49,,,
2017-04-25,,29584.99,,,
2017-04-26,,29584.99,,,
2017-04-27,,29827.49,,,
2017-04-28,,30069.99,,,
2017-05-01,,30069.99,,,
2017-05-02,,29827.49,,,
2017-05-03,,30312.49,,,
2017-05-04,,31039.99,,,
2017-05-05,,30554.99,,,
2017-05-08,,30554.99,,,
2017-05-09,,29584.99,,,
2017-05-10,,29584.99,,,
2017-05-11,,28614.99,,,
2017-05-12,,29342.49,,,
2017-05-15,,29100.0,,,
2017-05-16,,29100.0,,,
2017-05-17,,29100.0,,,
2017-05-18,,29100.0,,,
2017-05-19,,29342.49,,,
2017-05-22,,29342.49,,,
2017-05-23,,29342.49,,,
2017-05-24,,29342.49,,,
2017-05-25,,29584.99,,,
2017-05-26,,29827.49,,,
2017-05-29,,30554.99,,,
2017-05-30,,30554.99,,,
2017-05-31,,30069.99,,,
2017-06-01,,30069.99,,,
2017-06-02,,30069.99,,,
2017-06-05,,30312.49,,,
2017-06-06,,30312.49,,,
2017-06-07,,29827.49,,,
2017-06-08,,30069.99,,,
2017-06-09,,30312.49,,,
2017-06-12,,30069.99,,,
2017-06-13,,30069.99,,,
2017-06-14,,30069.99,,,
2017-06-15,,30554.99,,,
2017-06-16,,30797.5,,,
2017-06-19,,31039.99,,,
2017-06-20,,30554.99,,,
2017-06-21,,31039.99,,,
2017-06-22,,31282.49,,,
2017-06-23,,30797.5,,,
2017-06-26,,30797.5,,,
2017-06-27,,30797.5,,,
2017-06-28,,29827.49,,,
2017-06-29,,29827.49,,,
2017-06-30,,30312.49,,,
2017-07-03,,30312.49,,,
2017-07-04,,30069.99,,,
2017-07-05,,30069.99,,,
2017-07-06,,30069.99,,,
2017-07-07,,29827.49,,,
2017-07-10,,29827.49,,,
2017-07-11,,30069.99,,,
2017-07-12,,30312.49,,,
2017-07-13,,30069.99,,,
2017-07-14,,30069.99,,,
2017-07-17,,30069.99,,,
2017-07-18,,30069.99,,,
2017-07-19,,30554.99,,,
2017-07-20,,30312.49,,,
2017-07-21,,30312.49,,,
2017-07-24,,30312.49,,,
2017-07-25,,30312.49,,,
2017-07-26,,30554.99,,,
2017-07-27,,30069.99,,,
2017-07-28,,30069.99,,,
2017-07-31,,30797.5,,,
2017-08-01,,31282.49,,,
2017-08-02,,30797.5,,,
2017-08-03,,31039.99,,,
2017-08-04,,30554.99,,,
2017-08-07,,30312.49,,,
2017-08-08,,30312.49,,,
2017-08-09,,30554.99,,,
2017-08-10,,29827.49,,,
2017-08-11,,29827.49,,,
2017-08-14,,29827.49,,,
2017-08-15,,29827.49,,,
2017-08-16,,29584.99,,,
2017-08-17,,29342.49,,,
2017-08-18,,29342.49,,,
2017-08-21,,29584.99,,,
2017-08-22,,29584.99,,,
2017-08-23,,29342.49,,,
2017-08-24,,29584.99,,,
2017-08-25,,29342.49,,,
2017-08-28,,29584.99,,,
2017-08-29,,29584.99,,,
2017-08-30,,30069.99,,,
2017-08-31,,30069.99,,,
2017-09-01,,30069.99,,,
2017-09-04,,29827.49,,,
2017-09-05,,29827.49,,,
2017-09-06,,30069.99,,,
2017-09-07,,30069.99,,,
2017-09-08,,29827.49,,,
2017-09-11,,30069.99,,,
2017-09-12,,29827.49,,,
2017-09-13,,30069.99,,,
2017-09-14,,30312.49,,,
2017-09-15,,30554.99,,,
2017-09-18,,31039.99,,,
2017-09-19,,31039.99,,,
2017-09-20,,30797.5,,,
2017-09-21,,32010.0,,,
2017-09-22,,31767.49,,,
2017-09-25,,32252.49,,,
2017-09-26,,30797.5,,,
2017-09-27,,31524.99,,,
2017-09-28,,31039.99,,,
2017-09-29,,31767.49,,,
2017-10-02,,32252.49,,,
2017-10-03,,32010.0,,,
2017-10-04,,31767.49,,,
2017-10-05,,31767.49,,,
2017-10-06,,31524.99,,,
2017-10-09,,32494.99,,,
2017-10-10,,32252.49,,,
2017-10-11,,32252.49,,,
2017-10-12,,32252.49,,,
2017-10-13,,32252.49,,,
2017-10-16,,32010.0,,,
2017-10-17,,31282.49,,,
2017-10-18,,31282.49,,,
2017-10-19,,30797.5,,,
2017-10-20,,31039.99,,,
2017-10-23,,31039.99,,,
2017-10-24,,31039.99,,,
2017-10-25,,31039.99,,,
2017-10-26,,31039.99,,,
2017-10-27,,30797.5,,,
2017-10-30,,30554.99,,,
2017-10-31,,31039.99,,,
2017-11-01,,30554.99,,,
2017-11-02,,30554.99,,,
2017-11-03,,29584.99,,,
2017-11-06,,30069.99,,,
2017-11-07,,29584.99,,,
2017-11-08,,30069.99,,,
2017-11-09,,30554.99,,,
2017-11-10,,30312.49,,,
2017-11-13,,30312.49,,,
2017-11-14,,30554.99,,,
2017-11-15,,30554.99,,,
2017-11-16,,30554.99,,,
2017-11-17,,31039.99,,,
2017-11-20,,31039.99,,,
2017-11-21,,31039.99,,,
2017-11-22,,30312.49,,,
2017-11-23,,30069.99,,,
2017-11-24,,30069.99,,,
2017-11-27,,30069.99,,,
2017-11-28,,30554.99,,,
2017-11-29,,30554.99,,,
2017-11-30,,30069.99,,,
2017-12-01,,30069.99,,,
2017-12-04,,30797.5,,,
2017-12-05,,30797.5,,,
2017-12-06,,30069.99,,,
2017-12-07,,30312.49,,,
2017-12-08,,30069.99,,,
2017-12-11,,30069.99,,,
2017-12-12,,30069.99,,,
2017-12-13,,30312.49,,,
2017-12-14,,30554.99,,,
2017-12-15,,30312.49,,,
2017-12-18,,30312.49,,,
2017-12-19,,29827.49,,,
2017-12-20,,29827.49,,,
2017-12-21,,30069.99,,,
2017-12-22,,30312.49,,,
2017-12-25,,29827.49,,,
2017-12-26,,29827.49,,,
2017-12-27,,29827.49,,,
2017-12-28,,29584.99,,,
2017-12-29,,29827.49,,,
2016-01-01,,25462.49,,,
2016-01-04,,24977.49,,,
2016-01-05,,25219.99,,,
2016-01-06,,25947.5,,,
2016-01-07,,26674.99,,,
2016-01-08,,26674.99,,,
2016-01-11,,27402.49,,,
2016-01-12,,28372.5,,,
2016-01-13,,28857.49,,,
2016-01-14,,28614.99,,,
2016-01-15,,29100.0,,,
2016-01-18,,27887.49,,,
2016-01-19,,27160.0,,,
2016-01-20,,26189.99,,,
2016-01-21,,26432.49,,,
2016-01-22,,26189.99,,,
2016-01-25,,26674.99,,,
2016-01-26,,26674.99,,,
2016-01-27,,28857.49,,,
2016-01-28,,27644.99,,,
2016-01-29,,27644.99,,,
2016-02-01,,26917.5,,,
2016-02-02,,27402.49,,,
2016-02-03,,26432.49,,,
2016-02-04,,25704.99,,,
2016-02-05,,26432.49,,,
2016-02-08,,26917.5,,,
2016-02-09,,26674.99,,,
2016-02-10,,26189.99,,,
2016-02-11,,26189.99,,,
2016-02-12,,25704.99,,,
2016-02-15,,25704.99,,,
2016-02-16,,25947.5,,,
2016-02-17,,27160.0,,,
2016-02-18,,26189.99,,,
2016-02-19,,26432.49,,,
2016-02-22,,26432.49,,,
2016-02-23,,27644.99,,,
2016-02-24,,27402.49,,,
2016-02-25,,28130.0,,,
2016-02-26,,25947.5,,,
2016-02-29,,24735.0,,,
2016-03-01,,24152.99,,,
2016-03-02,,24492.49,,,
2016-03-03,,24152.99,,,
2016-03-04,,24055.99,,,
2016-03-07,,24055.99,,,
2016-03-08,,23668.0,,,
2016-03-09,,23861.99,,,
2016-03-10,,24735.0,,,
2016-03-11,,25219.99,,,
2016-03-14,,25219.99,,,
2016-03-15,,25462.49,,,
2016-03-16,,25219.99,,,
2016-03-17,,25704.99,,,
2016-03-18,,25462.49,,,
2016-03-21,,25947.5,,,
2016-03-22,,25462.49,,,
2016-03-23,,25704.99,,,
2016-03-24,,25947.5,,,
2016-03-25,,25704.99,,,
2016-03-28,,25947.5,,,
2016-03-29,,27160.0,,,
2016-03-30,,27402.49,,,
2016-03-31,,28130.0,,,
2016-04-01,,28857.49,,,
2016-04-04,,29100.0,,,
2016-04-05,,29100.0,,,
2016-04-06,,29100.0,,,
2016-04-07,,28614.99,,,
2016-04-08,,28130.0,,,
2016-04-11,,29342.49,,,
2016-04-12,,29100.0,,,
2016-04-13,,29100.0,,,
2016-04-14,,29100.0,,,
2016-04-15,,29100.0,,,
2016-04-18,,29584.99,,,
2016-04-19,,29342.49,,,
2016-04-20,,29100.0,,,
2016-04-21,,28857.49,,,
2016-04-22,,28614.99,,,
2016-04-25,,28857.49,,,
2016-04-26,,28130.0,,,
2016-04-27,,28614.99,,,
2016-04-28,,28372.5,,,
2016-04-29,,28130.0,,,
2016-05-02,,28130.0,,,
2016-05-03,,28372.5,,,
2016-05-04,,28130.0,,,
2016-05-05,,28130.0,,,
2016-05-06,,28130.0,,,
2016-05-09,,27402.49,,,
2016-05-10,,27644.99,,,
2016-05-11,,28614.99,,,
2016-05-12,,28372.5,,,
2016-05-13,,29827.49,,,
2016-05-16,,29827.49,,,
2016-05-17,,29100.0,,,
2016-05-18,,29100.0,,,
2016-05-19,,29100.0,,,
2016-05-20,,29100.0,,,
2016-05-23,,28614.99,,,
2016-05-24,,29342.49,,,
2016-05-25,,29100.0,,,
2016-05-26,,28614.99,,,
2016-05-27,,28614.99,,,
2016-05-30,,29100.0,,,
2016-05-31,,30554.99,,,
2016-06-01,,30312.49,,,
2016-06-02,,29827.49,,,
2016-06-03,,30554.99,,,
2016-06-06,,29100.0,,,
2016-06-07,,29342.49,,,
2016-06-08,,29342.49,,,
2016-06-09,,28614.99,,,
2016-06-10,,28614.99,,,
2016-06-13,,29100.0,,,
2016-06-14,,30312.49,,,
2016-06-15,,29827.49,,,
2016-06-16,,29584.99,,,
2016-06-17,,30069.99,,,
2016-06-20,,30069.99,,,
2016-06-21,,29100.0,,,
2016-06-22,,30069.99,,,
2016-06-23,,30069.99,,,
2016-06-24,,29342.49,,,
2016-06-27,,29827.49,,,
2016-06-28,,29827.49,,,
2016-06-29,,29100.0,,,
2016-06-30,,30312.49,,,
2016-07-01,,30312.49,,,
2016-07-04,,30069.99,,,
2016-07-05,,29584.99,,,
2016-07-06,,29827.49,,,
2016-07-07,,29584.99,,,
2016-07-08,,29584.99,,,
2016-07-11,,30069.99,,,
2016-07-12,,29342.49,,,
2016-07-13,,29100.0,,,
2016-07-14,,29100.0,,,
2016-07-15,,29100.0,,,
2016-07-18,,29100.0,,,
2016-07-19,,29100.0,,,
2016-07-20,,29100.0,,,
2016-07-21,,29100.0,,,
2016-07-22,,28857.49,,,
2016-07-25,,29100.0,,,
2016-07-26,,29584.99,,,
2016-07-27,,32010.0,,,
2016-07-28,,31524.99,,,
2016-07-29,,32494.99,,,
2016-08-01,,32010.0,,,
2016-08-02,,32252.49,,,
2016-08-03,,32252.49,,,
2016-08-04,,33949.99,,,
2016-08-05,,34192.49,,,
2016-08-08,,34434.99,,,
2016-08-09,,35404.99,,,
2016-08-10,,34677.49,,,
2016-08-11,,36374.99,,,
2016-08-12,,36374.99,,,
2016-08-15,,37102.49,,,
2016-08-16,,36374.99,,,
2016-08-17,,35647.49,,,
2016-08-18,,36860.0,,,
2016-08-19,,36860.0,,,
2016-08-22,,36374.99,,,
2016-08-23,,36860.0,,,
2016-08-24,,36374.99,,,
2016-08-25,,36374.99,,,
2016-08-26,,36617.49,,,
2016-08-29,,36617.49,,,
2016-08-30,,36617.49,,,
2016-08-31,,36374.99,,,
2016-09-01,,35889.99,,,
2016-09-02,,34919.99,,,
2016-09-05,,34434.99,,,
2016-09-06,,35889.99,,,
2016-09-07,,35404.99,,,
2016-09-08,,33949.99,,,
2016-09-09,,34434.99,,,
2016-09-12,,33464.99,,,
2016-09-13,,34434.99,,,
2016-09-14,,34192.49,,,
2016-09-15,,33949.99,,,
2016-09-16,,33949.99,,,
2016-09-19,,35647.49,,,
2016-09-20,,34677.49,,,
2016-09-21,,34434.99,,,
2016-09-22,,34919.99,,,
2016-09-23,,34434.99,,,
2016-09-26,,34192.49,,,
2016-09-27,,34434.99,,,
2016-09-28,,34677.49,,,
2016-09-29,,34677.49,,,
2016-09-30,,34677.49,,,
2016-10-03,,34192.49,,,
2016-10-04,,34192.49,,,
2016-10-05,,33949.99,,,
2016-10-06,,34192.49,,,
2016-10-07,,34192.49,,,
2016-10-10,,32494.99,,,
2016-10-11,,31039.99,,,
2016-10-12,,29342.49,,,
2016-10-13,,29584.99,,,
2016-10-14,,32737.49,,,
2016-10-17,,32737.49,,,
2016-10-18,,32494.99,,,
2016-10-19,,33707.49,,,
2016-10-20,,32980.0,,,
2016-10-21,,34192.49,,,
2016-10-24,,34192.49,,,
2016-10-25,,33707.49,,,
2016-10-26,,33464.99,,,
2016-10-27,,32980.0,,,
2016-10-28,,33464.99,,,
2016-10-31,,34192.49,,,
2016-11-01,,34434.99,,,
2016-11-02,,35404.99,,,
2016-11-03,,34919.99,,,
2016-11-04,,34677.49,,,
2016-11-07,,34434.99,,,
2016-11-08,,34192.49,,,
2016-11-09,,34434.99,,,
2016-11-10,,34677.49,,,
2016-11-11,,34192.49,,,
2016-11-14,,33464.99,,,
2016-11-15,,33464.99,,,
2016-11-16,,33464.99,,,
2016-11-17,,33707.49,,,
2016-11-18,,32980.0,,,
2016-11-21,,32494.99,,,
2016-11-22,,32737.49,,,
2016-11-23,,31524.99,,,
2016-11-24,,31282.49,,,
2016-11-25,,32010.0,,,
2016-11-28,,31767.49,,,
2016-11-29,,31767.49,,,
2016-11-30,,31767.49,,,
2016-12-01,,31039.99,,,
2016-12-02,,30312.49,,,
2016-12-05,,30312.49,,,
2016-12-06,,30554.99,,,
2016-12-07,,31039.99,,,
2016-12-08,,31039.99,,,
2016-12-09,,30554.99,,,
2016-12-12,,30554.99,,,
2016-12-13,,30312.49,,,
2016-12-14,,30312.49,,,
2016-12-15,,29827.49,,,
2016-12-16,,30069.99,,,
2016-12-19,,30069.99,,,
2016-12-20,,29827.49,,,
2016-12-21,,29584.99,,,
2016-12-22,,29100.0,,,
2016-12-23,,29342.49,,,
2016-12-26,,29342.49,,,
2016-12-27,,29342.49,,,
2016-12-28,,29827.49,,,
2016-12-29,,29584.99,,,
2016-12-30,,29342.49,,,
2015-01-01,,20855.0,,,
2015-01-02,,20855.0,,,
2015-01-05,,20855.0,,,
2015-01-06,,22018.99,,,
2015-01-07,,22212.99,,,
2015-01-08,,22407.0,,,
2015-01-09,,22892.0,,,
2015-01-12,,22600.99,,,
2015-01-13,,22988.99,,,
2015-01-14,,22504.0,,,
2015-01-15,,22407.0,,,
2015-01-16,,22794.99,,,
2015-01-19,,22698.0,,,
2015-01-20,,23085.99,,,
2015-01-21,,23570.99,,,
2015-01-22,,24492.49,,,
2015-01-23,,24735.0,,,
2015-01-26,,25219.99,,,
2015-01-27,,24250.0,,,
2015-01-28,,24735.0,,,
2015-01-29,,26189.99,,,
2015-01-30,,26432.49,,,
2015-02-02,,24977.49,,,
2015-02-03,,24735.0,,,
2015-02-04,,23764.99,,,
2015-02-05,,24735.0,,,
2015-02-06,,24250.0,,,
2015-02-09,,23958.99,,,
2015-02-10,,23668.0,,,
2015-02-11,,24055.99,,,
2015-02-12,,24250.0,,,
2015-02-13,,23958.99,,,
2015-02-16,,23764.99,,,
2015-02-17,,23668.0,,,
2015-02-18,,23764.99,,,
2015-02-19,,24055.99,,,
2015-02-20,,23958.99,,,
2015-02-23,,24977.49,,,
2015-02-24,,24492.49,,,
2015-02-25,,24977.49,,,
2015-02-26,,25947.5,,,
2015-02-27,,25947.5,,,
2015-03-02,,25219.99,,,
2015-03-03,,25219.99,,,
2015-03-04,,25219.99,,,
2015-03-05,,24735.0,,,
2015-03-06,,24977.49,,,
2015-03-09,,24977.49,,,
2015-03-10,,24977.49,,,
2015-03-11,,25704.99,,,
2015-03-12,,26674.99,,,
2015-03-13,,26189.99,,,
2015-03-16,,25704.99,,,
2015-03-17,,25219.99,,,
2015-03-18,,26189.99,,,
2015-03-19,,26432.49,,,
2015-03-20,,27887.49,,,
2015-03-23,,27887.49,,,
2015-03-24,,28372.5,,,
2015-03-25,,27644.99,,,
2015-03-26,,26917.5,,,
2015-03-27,,26917.5,,,
2015-03-30,,24977.49,,,
2015-03-31,,24250.0,,,
2015-04-01,,24735.0,,,
2015-04-02,,24250.0,,,
2015-04-03,,24735.0,,,
2015-04-06,,24735.0,,,
2015-04-07,,24055.99,,,
2015-04-08,,23861.99,,,
2015-04-09,,24055.99,,,
2015-04-10,,24492.49,,,
2015-04-13,,24492.49,,,
2015-04-14,,24492.49,,,
2015-04-15,,24492.49,,,
2015-04-16,,24055.99,,,
2015-04-17,,23668.0,,,
2015-04-20,,22892.0,,,
2015-04-21,,23570.99,,,
2015-04-22,,24055.99,,,
2015-04-23,,23570.99,,,
2015-04-24,,23764.99,,,
2015-04-27,,23182.99,,,
2015-04-28,,22892.0,,,
2015-04-29,,23085.99,,,
2015-04-30,,23280.0,,,
2015-05-01,,23280.0,,,
2015-05-04,,23280.0,,,
2015-05-05,,23280.0,,,
2015-05-06,,22988.99,,,
2015-05-07,,22116.0,,,
2015-05-08,,22988.99,,,
2015-05-11,,22988.99,,,
2015-05-12,,22988.99,,,
2015-05-13,,22794.99,,,
2015-05-14,,22794.99,,,
2015-05-15,,23085.99,,,
2015-05-18,,23085.99,,,
2015-05-19,,23570.99,,,
2015-05-20,,23764.99,,,
2015-05-21,,23376.99,,,
2015-05-22,,23376.99,,,
2015-05-25,,23182.99,,,
2015-05-26,,22794.99,,,
2015-05-27,,22892.0,,,
2015-05-28,,22892.0,,,
2015-05-29,,22794.99,,,
2015-06-01,,22794.99,,,
2015-06-02,,22794.99,,,
2015-06-03,,22892.0,,,
2015-06-04,,22794.99,,,
2015-06-05,,22892.0,,,
2015-06-08,,22794.99,,,
2015-06-09,,22407.0,,,
2015-06-10,,22504.0,,,
2015-06-11,,21922.0,,,
2015-06-12,,21048.99,,,
2015-06-15,,20951.99,,,
2015-06-16,,21631.0,,,
2015-06-17,,22698.0,,,
2015-06-18,,22116.0,,,
2015-06-19,,20467.0,,,
2015-06-22,,21048.99,,,
2015-06-23,,20757.99,,,
2015-06-24,,21339.99,,,
2015-06-25,,21048.99,,,
2015-06-26,,21437.0,,,
2015-06-29,,21145.99,,,
2015-06-30,,21339.99,,,
2015-07-01,,21339.99,,,
2015-07-02,,21727.99,,,
2015-07-03,,21824.99,,,
2015-07-06,,21727.99,,,
2015-07-07,,22600.99,,,
2015-07-08,,22600.99,,,
2015-07-09,,22600.99,,,
2015-07-10,,23085.99,,,
2015-07-13,,23182.99,,,
2015-07-14,,23085.99,,,
2015-07-15,,23085.99,,,
2015-07-16,,22698.0,,,
2015-07-17,,22988.99,,,
2015-07-20,,22794.99,,,
2015-07-21,,22698.0,,,
2015-07-22,,22504.0,,,
2015-07-23,,23182.99,,,
2015-07-24,,23182.99,,,
2015-07-27,,22988.99,,,
2015-07-28,,23474.0,,,
2015-07-29,,23668.0,,,
2015-07-30,,23668.0,,,
2015-07-31,,23668.0,,,
2015-08-03,,23861.99,,,
2015-08-04,,24152.99,,,
2015-08-05,,24250.0,,,
2015-08-06,,24250.0,,,
2015-08-07,,24492.49,,,
2015-08-10,,24492.49,,,
2015-08-11,,23182.99,,,
2015-08-12,,23182.99,,,
2015-08-13,,22116.0,,,
2015-08-14,,22600.99,,,
2015-08-17,,22212.99,,,
2015-08-18,,20175.99,,,
2015-08-19,,20757.99,,,
2015-08-20,,20855.0,,,
2015-08-21,,20467.0,,,
2015-08-24,,19788.0,,,
2015-08-25,,20273.0,,,
2015-08-26,,20079.0,,,
2015-08-27,,20757.99,,,
2015-08-28,,21339.99,,,
2015-08-31,,21048.99,,,
2015-09-01,,20855.0,,,
2015-09-02,,21145.99,,,
2015-09-03,,21631.0,,,
2015-09-04,,21824.99,,,
2015-09-07,,21631.0,,,
2015-09-08,,21727.99,,,
2015-09-09,,21922.0,,,
2015-09-10,,21922.0,,,
2015-09-11,,21922.0,,,
2015-09-14,,21437.0,,,
2015-09-15,,21437.0,,,
2015-09-16,,21631.0,,,
2015-09-17,,21631.0,,,
2015-09-18,,21824.99,,,
2015-09-21,,21727.99,,,
2015-09-22,,21727.99,,,
2015-09-23,,21533.99,,,
2015-09-24,,21631.0,,,
2015-09-25,,21631.0,,,
2015-09-28,,21048.99,,,
2015-09-29,,20855.0,,,
2015-09-30,,20951.99,,,
2015-10-01,,20757.99,,,
2015-10-02,,20855.0,,,
2015-10-05,,21727.99,,,
2015-10-06,,21727.99,,,
2015-10-07,,21824.99,,,
2015-10-08,,21824.99,,,
2015-10-09,,22018.99,,,
2015-10-12,,22116.0,,,
2015-10-13,,22018.99,,,
2015-10-14,,22116.0,,,
2015-10-15,,22407.0,,,
2015-10-16,,22407.0,,,
2015-10-19,,22504.0,,,
2015-10-20,,22407.0,,,
2015-10-21,,22600.99,,,
2015-10-22,,22600.99,,,
2015-10-23,,22600.99,,,
2015-10-26,,22988.99,,,
2015-10-27,,23085.99,,,
2015-10-28,,22407.0,,,
2015-10-29,,22116.0,,,
2015-10-30,,22407.0,,,
2015-11-02,,22698.0,,,
2015-11-03,,22698.0,,,
2015-11-04,,22794.99,,,
2015-11-05,,23085.99,,,
2015-11-06,,23280.0,,,
2015-11-09,,23085.99,,,
2015-11-10,,23280.0,,,
2015-11-11,,23182.99,,,
2015-11-12,,23182.99,,,
2015-11-13,,22892.0,,,
2015-11-16,,23474.0,,,
2015-11-17,,23474.0,,,
2015-11-18,,23182.99,,,
2015-11-19,,22988.99,,,
2015-11-20,,23182.99,,,
2015-11-23,,23085.99,,,
2015-11-24,,22600.99,,,
2015-11-25,,22698.0,,,
2015-11-26,,22600.99,,,
2015-11-27,,22212.99,,,
2015-11-30,,22116.0,,,
2015-12-01,,22600.99,,,
2015-12-02,,21242.99,,,
2015-12-03,,21922.0,,,
2015-12-04,,21727.99,,,
2015-12-07,,21727.99,,,
2015-12-08,,21824.99,,,
2015-12-09,,22018.99,,,
2015-12-10,,22018.99,,,
2015-12-11,,22600.99,,,
2015-12-14,,22698.0,,,
2015-12-15,,22988.99,,,
2015-12-16,,23376.99,,,
2015-12-17,,24152.99,,,
2015-12-18,,24152.99,,,
2015-12-21,,23958.99,,,
2015-12-22,,23570.99,,,
2015-12-23,,23861.99,,,
2015-12-24,,23764.99,,,
2015-12-25,,23958.99,,,
2015-12-28,,24250.0,,,
2015-12-29,,24977.49,,,
2015-12-30,,25462.49,,,
2015-12-31,,25462.49,,,
2014-01-01,,17751.0,,,
2014-01-02,,16683.99,,,
2014-01-03,,16586.99,,,
2014-01-06,,17168.99,,,
2014-01-07,,18041.99,,,
2014-01-08,,17653.99,,,
2014-01-09,,17362.99,,,
2014-01-10,,17168.99,,,
2014-01-13,,17168.99,,,
2014-01-14,,18235.99,,,
2014-01-15,,18526.99,,,
2014-01-16,,19788.0,,,
2014-01-17,,18817.99,,,
2014-01-20,,18429.99,,,
2014-01-21,,18526.99,,,
2014-01-22,,17944.99,,,
2014-01-23,,18041.99,,,
2014-01-24,,18138.99,,,
2014-01-27,,17847.99,,,
2014-01-28,,17168.99,,,
2014-01-29,,17265.99,,,
2014-01-30,,17168.99,,,
2014-01-31,,17265.99,,,
2014-02-03,,17653.99,,,
2014-02-04,,17847.99,,,
2014-02-05,,18526.99,,,
2014-02-06,,18914.99,,,
2014-02-07,,18332.99,,,
2014-02-10,,18041.99,,,
2014-02-11,,18138.99,,,
2014-02-12,,18914.99,,,
2014-02-13,,18817.99,,,
2014-02-14,,18817.99,,,
2014-02-17,,19011.99,,,
2014-02-18,,19594.0,,,
2014-02-19,,19205.99,,,
2014-02-20,,18720.99,,,
2014-02-21,,18526.99,,,
2014-02-24,,18138.99,,,
2014-02-25,,18332.99,,,
2014-02-26,,18429.99,,,
2014-02-27,,18332.99,,,
2014-02-28,,18526.99,,,
2014-03-03,,19108.99,,,
2014-03-04,,19400.0,,,
2014-03-05,,19400.0,,,
2014-03-06,,19400.0,,,
2014-03-07,,19594.0,,,
2014-03-10,,19302.99,,,
2014-03-11,,20369.99,,,
2014-03-12,,19884.99,,,
2014-03-13,,20564.0,,,
2014-03-14,,20854.99,,,
2014-03-17,,20757.99,,,
2014-03-18,,20078.99,,,
2014-03-19,,19788.0,,,
2014-03-20,,19594.0,,,
2014-03-21,,19884.99,,,
2014-03-24,,19108.99,,,
2014-03-25,,19205.99,,,
2014-03-26,,19400.0,,,
2014-03-27,,19108.99,,,
2014-03-28,,19205.99,,,
2014-03-31,,19205.99,,,
2014-04-01,,19594.0,,,
2014-04-02,,20175.99,,,
2014-04-03,,19788.0,,,
2014-04-04,,19690.99,,,
2014-04-07,,19690.99,,,
2014-04-08,,19108.99,,,
2014-04-09,,19108.99,,,
2014-04-10,,19496.99,,,
2014-04-11,,19400.0,,,
2014-04-14,,19400.0,,,
2014-04-15,,19400.0,,,
2014-04-16,,19400.0,,,
2014-04-17,,19302.99,,,
2014-04-18,,19108.99,,,
2014-04-21,,19205.99,,,
2014-04-22,,19108.99,,,
2014-04-23,,19302.99,,,
2014-04-24,,19205.99,,,
2014-04-25,,19108.99,,,
2014-04-28,,19594.0,,,
2014-04-29,,19594.0,,,
2014-04-30,,19496.99,,,
2014-05-01,,19496.99,,,
2014-05-02,,19302.99,,,
2014-05-05,,19302.99,,,
2014-05-06,,19108.99,,,
2014-05-07,,19011.99,,,
2014-05-08,,18720.99,,,
2014-05-09,,18720.99,,,
2014-05-12,,18720.99,,,
2014-05-13,,18720.99,,,
2014-05-14,,18623.99,,,
2014-05-15,,18429.99,,,
2014-05-16,,18526.99,,,
2014-05-19,,18526.99,,,
2014-05-20,,18720.99,,,
2014-05-21,,19011.99,,,
2014-05-22,,19011.99,,,
2014-05-23,,18817.99,,,
2014-05-26,,18526.99,,,
2014-05-27,,18623.99,,,
2014-05-28,,18623.99,,,
2014-05-29,,18817.99,,,
2014-05-30,,19205.99,,,
2014-06-02,,19690.99,,,
2014-06-03,,19981.99,,,
2014-06-04,,19690.99,,,
2014-06-05,,19788.0,,,
2014-06-06,,19981.99,,,
2014-06-09,,19981.99,,,
2014-06-10,,20272.99,,,
2014-06-11,,20369.99,,,
2014-06-12,,20854.99,,,
2014-06-13,,20854.99,,,
2014-06-16,,20951.99,,,
2014-06-17,,20369.99,,,
2014-06-18,,19884.99,,,
2014-06-19,,20175.99,,,
2014-06-20,,20078.99,,,
2014-06-23,,20078.99,,,
2014-06-24,,19884.99,,,
2014-06-25,,19788.0,,,
2014-06-26,,20272.99,,,
2014-06-27,,20175.99,,,
2014-06-30,,19981.99,,,
2014-07-01,,19981.99,,,
2014-07-02,,20660.99,,,
2014-07-03,,20660.99,,,
2014-07-04,,20660.99,,,
2014-07-07,,20660.99,,,
2014-07-08,,20660.99,,,
2014-07-09,,21921.99,,,
2014-07-10,,22115.99,,,
2014-07-11,,22115.99,,,
2014-07-14,,22600.99,,,
2014-07-15,,22600.99,,,
2014-07-16,,22309.99,,,
2014-07-17,,23764.99,,,
2014-07-18,,23764.99,,,
2014-07-21,,23861.99,,,
2014-07-22,,23085.99,,,
2014-07-23,,23182.99,,,
2014-07-24,,22891.99,,,
2014-07-25,,22309.99,,,
2014-07-28,,22794.99,,,
2014-07-29,,22309.99,,,
2014-07-30,,22115.99,,,
2014-07-31,,21533.99,,,
2014-08-01,,21048.99,,,
2014-08-04,,21630.99,,,
2014-08-05,,21339.99,,,
2014-08-06,,20951.99,,,
2014-08-07,,22115.99,,,
2014-08-08,,22309.99,,,
2014-08-11,,22309.99,,,
2014-08-12,,22309.99,,,
2014-08-13,,22407.0,,,
2014-08-14,,22309.99,,,
2014-08-15,,22309.99,,,
2014-08-18,,22309.99,,,
2014-08-19,,22600.99,,,
2014-08-20,,22697.99,,,
2014-08-21,,23085.99,,,
2014-08-22,,22212.99,,,
2014-08-25,,22600.99,,,
2014-08-26,,22309.99,,,
2014-08-27,,22309.99,,,
2014-08-28,,22309.99,,,
2014-08-29,,22115.99,,,
2014-09-01,,22407.0,,,
2014-09-02,,22891.99,,,
2014-09-03,,23376.99,,,
2014-09-04,,23376.99,,,
2014-09-05,,23376.99,,,
2014-09-08,,22988.99,,,
2014-09-09,,23085.99,,,
2014-09-10,,23182.99,,,
2014-09-11,,22988.99,,,
2014-09-12,,22891.99,,,
2014-09-15,,22891.99,,,
2014-09-16,,22697.99,,,
2014-09-17,,22600.99,,,
2014-09-18,,22891.99,,,
2014-09-19,,22697.99,,,
2014-09-22,,22794.99,,,
2014-09-23,,23279.99,,,
2014-09-24,,23279.99,,,
2014-09-25,,22988.99,,,
2014-09-26,,23279.99,,,
2014-09-29,,22697.99,,,
2014-09-30,,22503.99,,,
2014-10-01,,22503.99,,,
2014-10-02,,22309.99,,,
2014-10-03,,22407.0,,,
2014-10-06,,21533.99,,,
2014-10-07,,21339.99,,,
2014-10-08,,21339.99,,,
2014-10-09,,21436.99,,,
2014-10-10,,21436.99,,,
2014-10-13,,21145.99,,,
2014-10-14,,21145.99,,,
2014-10-15,,21727.99,,,
2014-10-16,,21436.99,,,
2014-10-17,,21339.99,,,
2014-10-20,,21145.99,,,
2014-10-21,,21048.99,,,
2014-10-22,,21339.99,,,
2014-10-23,,21339.99,,,
2014-10-24,,21242.99,,,
2014-10-27,,21242.99,,,
2014-10-28,,21436.99,,,
2014-10-29,,21436.99,,,
2014-10-30,,21339.99,,,
2014-10-31,,21436.99,,,
2014-11-03,,21242.99,,,
2014-11-04,,21145.99,,,
2014-11-05,,21145.99,,,
2014-11-06,,21242.99,,,
2014-11-07,,20951.99,,,
2014-11-10,,20757.99,,,
2014-11-11,,20467.0,,,
2014-11-12,,20175.99,,,
2014-11-13,,20273.0,,,
2014-11-14,,20564.0,,,
2014-11-17,,20175.99,,,
2014-11-18,,20564.0,,,
2014-11-19,,20467.0,,,
2014-11-20,,20467.0,,,
2014-11-21,,20467.0,,,
2014-11-24,,20273.0,,,
2014-11-25,,20273.0,,,
2014-11-26,,21048.99,,,
2014-11-27,,21824.99,,,
2014-11-28,,22698.0,,,
2014-12-01,,22698.0,,,
2014-12-02,,22212.99,,,
2014-12-03,,22310.0,,,
2014-12-04,,22407.0,,,
2014-12-05,,22407.0,,,
2014-12-08,,22310.0,,,
2014-12-09,,22600.99,,,
2014-12-10,,22600.99,,,
2014-12-11,,22988.99,,,
2014-12-12,,23376.99,,,
2014-12-15,,22600.99,,,
2014-12-16,,22407.0,,,
2014-12-17,,22018.99,,,
2014-12-18,,22698.0,,,
2014-12-19,,22310.0,,,
2014-12-22,,22116.0,,,
2014-12-23,,22116.0,,,
2014-12-24,,22018.99,,,
2014-12-25,,21631.0,,,
2014-12-26,,21437.0,,,
2014-12-29,,20951.99,,,
2014-12-30,,20855.0,,,
2014-12-31,,20855.0,,,
2019-01-01,,,,,8.69
2019-01-02,,,,,8.86
2019-01-03,,,,,9.22
2019-01-04,,,,,9.12
2019-01-07,,,,,9.08
2019-01-08,,,,,9.08
2019-01-09,,,,,9.12
2019-01-10,,,,,9.12
2019-01-11,,,,,9.12
2019-01-14,,,,,9.22
2019-01-15,,,,,9.17
2019-01-16,,,,,9.22
2019-01-17,,,,,9.12
2019-01-18,,,,,9.03
2019-01-21,,,,,9.12
2019-01-22,,,,,9.12
2019-01-23,,,,,8.99
2019-01-24,,,,,9.03
2019-01-25,,,,,9.08
2019-01-28,,,,,9.03
2019-01-29,,,,,9.03
2019-01-30,,,,,8.53
2019-01-31,,,,,8.53
2019-02-01,,,,,8.53
2019-02-04,,,,,8.37
2019-02-05,,,,,8.37
2019-02-06,,,,,8.3
2019-02-07,,,,,8.45
2019-02-08,,,,,8.57
2019-02-11,,,,,8.49
2019-02-12,,,,,8.45
2019-02-13,,,,,8.3
2019-02-14,,,,,8.33
2019-02-15,,,,,8.53
2019-02-18,,,,,8.53
2019-02-19,,,,,8.53
2019-02-20,,,,,8.41
2019-02-21,,,,,8.33
2019-02-22,,,,,8.11
2019-02-25,,,,,7.9
2019-02-26,,,,,8.0
2019-02-27,,,,,7.48
2019-02-28,,,,,7.25
2019-03-01,,,,,7.41
2019-03-04,,,,,7.68
2019-03-05,,,,,7.65
2019-03-06,,,,,7.9
2019-03-07,,,,,7.86
2019-03-08,,,,,7.79
2019-03-11,,,,,7.9
2019-03-12,,,,,7.98
2019-03-13,,,,,8.05
2019-03-14,,,,,8.01
2019-03-15,,,,,8.09
2019-03-18,,,,,8.13
2019-03-19,,,,,8.13
2019-03-20,,,,,8.09
2019-03-21,,,,,8.05
2019-03-22,,,,,8.09
2019-03-25,,,,,8.29
2019-03-26,,,,,8.21
2019-03-27,,,,,8.21
2019-03-28,,,,,8.21
2019-03-29,,,,,8.17
2019-04-01,,,,,8.17
2019-04-02,,,,,8.13
2019-04-03,,,,,8.21
2019-04-04,,,,,8.17
2019-04-05,,,,,8.13
2019-04-08,,,,,8.13
2019-04-09,,,,,8.13
2019-04-10,,,,,8.17
2019-04-11,,,,,8.17
2019-04-12,,,,,8.09
2019-04-15,,,,,8.09
2019-04-16,,,,,8.09
2019-04-17,,,,,7.9
2019-04-18,,,,,7.75
2019-04-19,,,,,7.79
2019-04-22,,,,,7.75
2019-04-23,,,,,7.79
2019-04-24,,,,,7.86
2019-04-25,,,,,7.86
2019-04-26,,,,,7.9
2019-04-29,,,,,7.9
2019-04-30,,,,,7.86
2019-05-01,,,,,7.86
2019-05-02,,,,,7.86
2019-05-03,,,,,7.68
2019-05-06,,,,,7.68
2019-05-07,,,,,7.79
2019-05-08,,,,,7.9
2019-05-09,,,,,7.9
2019-05-10,,,,,7.94
2019-05-13,,,,,8.33
2019-05-14,,,,,8.37
2019-05-15,,,,,8.37
2019-05-16,,,,,8.25
2019-05-17,,,,,8.29
2019-05-20,,,,,8.29
2019-05-21,,,,,8.37
2019-05-22,,,,,8.21
2019-05-23,,,,,8.29
2019-05-24,,,,,8.13
2019-05-27,,,,,8.21
2019-05-28,,,,,8.37
2019-05-29,,,,,8.42
2019-05-30,,,,,8.42
2019-05-31,,,,,8.37
2019-06-03,,,,,8.37
2019-06-04,,,,,8.33
2019-06-05,,,,,8.29
2019-06-06,,,,,8.37
2019-06-07,,,,,8.42
2019-06-10,,,,,8.37
2019-06-11,,,,,8.25
2019-06-12,,,,,8.33
2019-06-13,,,,,8.33
2019-06-14,,,,,8.33
2019-06-17,,,,,8.33
2019-06-18,,,,,8.33
2019-06-19,,,,,8.29
2019-06-20,,,,,8.05
2019-06-21,,,,,8.25
2019-06-24,,,,,8.17
2019-06-25,,,,,7.98
2019-06-26,,,,,8.01
2019-06-27,,,,,8.25
2019-06-28,,,,,8.29
2019-07-01,,,,,8.33
2019-07-02,,,,,8.29
2019-07-03,,,,,8.25
2019-07-04,,,,,8.42
2019-07-05,,,,,8.37
2019-07-08,,,,,8.46
2019-07-09,,,,,8.5
2019-07-10,,,,,8.42
2019-07-11,,,,,8.5
2019-07-12,,,,,8.5
2019-07-15,,,,,8.5
2019-07-16,,,,,8.5
2019-07-17,,,,,8.55
2019-07-18,,,,,8.5
2019-07-19,,,,,8.42
2019-07-22,,,,,8.5
2019-07-23,,,,,8.5
2019-07-24,,,,,8.55
2019-07-25,,,,,8.46
2019-07-26,,,,,8.59
2019-07-29,,,,,8.59
2019-07-30,,,,,8.63
2019-07-31,,,,,8.72
2019-08-01,,,,,8.77
2019-08-02,,,,,8.77
2019-08-05,,,,,8.82
2019-08-06,,,,,8.91
2019-08-07,,,,,9.41
2019-08-08,,,,,9.36
2019-08-09,,,,,9.46
2019-08-12,,,,,9.46
2019-08-13,,,,,10.09
2019-08-14,,,,,10.21
2019-08-15,,,,,10.6
2019-08-16,,,,,10.53
2019-08-19,,,,,10.34
2019-08-20,,,,,10.4
2019-08-21,,,,,10.4
2019-08-22,,,,,10.67
2019-08-23,,,,,10.67
2019-08-26,,,,,10.95
2019-08-27,,,,,10.88
2019-08-28,,,,,10.95
2019-08-29,,,,,10.53
2019-08-30,,,,,10.47
2019-09-02,,,,,10.53
2019-09-03,,,,,10.6
2019-09-04,,,,,10.53
2019-09-05,,,,,10.47
2019-09-06,,,,,10.47
2019-09-09,,,,,10.47
2019-09-10,,,,,10.53
2019-09-11,,,,,10.34
2019-09-12,,,,,10.34
2019-09-13,,,,,10.34
2019-09-16,,,,,10.6
2019-09-17,,,,,10.88
2019-09-18,,,,,10.74
2019-09-19,,,,,10.88
2019-09-20,,,,,10.88
2019-09-23,,,,,10.95
2019-09-24,,,,,10.95
2019-09-25,,,,,10.95
2019-09-26,,,,,11.02
2019-09-27,,,,,11.09
2019-09-30,,,,,11.02
2019-10-01,,,,,11.02
2019-10-02,,,,,11.02
2019-10-03,,,,,11.17
2019-10-04,,,,,11.09
2019-10-07,,,,,11.09
2019-10-08,,,,,11.09
2019-10-09,,,,,11.17
2019-10-10,,,,,11.17
2019-10-11,,,,,11.32
2019-10-14,,,,,11.32
2019-10-15,,,,,11.8
2019-10-16,,,,,12.32
2019-10-17,,,,,12.14
2019-10-18,,,,,12.23
2019-10-21,,,,,12.59
2019-10-22,,,,,12.5
2019-10-23,,,,,12.5
2019-10-24,,,,,12.59
2019-10-25,,,,,13.4
2019-10-28,,,,,13.29
2019-10-29,,,,,13.4
2019-10-30,,,,,13.29
2019-10-31,,,,,13.09
2019-11-01,,,,,13.29
2019-11-04,,,,,12.98
2019-11-05,,,,,12.98
2019-11-06,,,,,12.79
2019-11-07,,,,,12.59
2019-11-08,,,,,12.41
2019-11-11,,,,,12.98
2019-11-12,,,,,13.4
2019-11-13,,,,,13.96
2019-11-14,,,,,14.57
2019-11-15,,,,,14.82
2019-11-18,,,,,15.23
2019-11-19,,,,,15.37
2019-11-20,,,,,15.95
2019-11-21,,,,,15.8
2019-11-22,,,,,15.51
2019-11-25,,,,,15.65
2019-11-26,,,,,15.23
2019-11-27,,,,,14.32
2019-11-28,,,,,14.96
2019-11-29,,,,,15.23
2019-12-02,,,,,15.23
2019-12-03,,,,,14.69
2019-12-04,,,,,14.69
2019-12-05,,,,,14.69
2019-12-06,,,,,14.69
2019-12-09,,,,,15.09
2019-12-10,,,,,15.09
2019-12-11,,,,,15.23
2019-12-12,,,,,14.96
2019-12-13,,,,,14.96
2019-12-16,,,,,15.09
2019-12-17,,,,,15.65
2019-12-18,,,,,15.37
2019-12-19,,,,,15.23
2019-12-20,,,,,15.09
2019-12-23,,,,,15.37
2019-12-24,,,,,15.65
2019-12-25,,,,,15.51
2019-12-26,,,,,15.51
2019-12-27,,,,,15.23
2019-12-30,,,,,14.96
2019-12-31,,,,,14.96
2018-01-01,,,,,2.44
2018-01-02,,,,,2.44
2018-01-03,,,,,2.5
2018-01-04,,,,,2.46
2018-01-05,,,,,2.46
2018-01-08,,,,,2.5
2018-01-09,,,,,2.5
2018-01-10,,,,,2.54
2018-01-11,,,,,2.56
2018-01-12,,,,,2.56
2018-01-15,,,,,2.63
2018-01-16,,,,,2.63
2018-01-17,,,,,2.61
2018-01-18,,,,,2.61
2018-01-19,,,,,2.59
2018-01-22,,,,,2.54
2018-01-23,,,,,2.59
2018-01-24,,,,,2.56
2018-01-25,,,,,2.59
2018-01-26,,,,,2.61
2018-01-29,,,,,2.61
2018-01-30,,,,,2.63
2018-01-31,,,,,2.63
2018-02-01,,,,,2.65
2018-02-02,,,,,2.65
2018-02-05,,,,,2.73
2018-02-06,,,,,2.78
2018-02-07,,,,,2.7
2018-02-08,,,,,2.56
2018-02-09,,,,,2.54
2018-02-12,,,,,2.56
2018-02-13,,,,,2.56
2018-02-14,,,,,2.59
2018-02-15,,,,,2.68
2018-02-16,,,,,2.68
2018-02-19,,,,,2.7
2018-02-20,,,,,2.65
2018-02-21,,,,,2.68
2018-02-22,,,,,2.73
2018-02-23,,,,,2.65
2018-02-26,,,,,2.7
2018-02-27,,,,,2.7
2018-02-28,,,,,2.7
2018-03-01,,,,,2.7
2018-03-02,,,,,2.73
2018-03-05,,,,,2.8
2018-03-06,,,,,2.78
2018-03-07,,,,,2.8
2018-03-08,,,,,2.78
2018-03-09,,,,,2.8
2018-03-12,,,,,2.8
2018-03-13,,,,,2.83
2018-03-14,,,,,2.78
2018-03-15,,,,,2.75
2018-03-16,,,,,2.8
2018-03-19,,,,,2.8
2018-03-20,,,,,2.78
2018-03-21,,,,,2.78
2018-03-22,,,,,2.8
2018-03-23,,,,,2.86
2018-03-26,,,,,2.88
2018-03-27,,,,,2.83
2018-03-28,,,,,2.88
2018-03-29,,,,,2.94
2018-03-30,,,,,2.91
2018-04-02,,,,,2.65
2018-04-03,,,,,2.63
2018-04-04,,,,,2.61
2018-04-05,,,,,2.61
2018-04-06,,,,,2.61
2018-04-09,,,,,2.5
2018-04-10,,,,,2.5
2018-04-11,,,,,2.56
2018-04-12,,,,,2.56
2018-04-13,,,,,2.56
2018-04-16,,,,,2.56
2018-04-17,,,,,2.63
2018-04-18,,,,,2.61
2018-04-19,,,,,2.65
2018-04-20,,,,,2.7
2018-04-23,,,,,2.7
2018-04-24,,,,,2.65
2018-04-25,,,,,2.65
2018-04-26,,,,,2.7
2018-04-27,,,,,2.7
2018-04-30,,,,,2.56
2018-05-01,,,,,2.56
2018-05-02,,,,,2.5
2018-05-03,,,,,2.52
2018-05-04,,,,,2.54
2018-05-07,,,,,2.52
2018-05-08,,,,,2.54
2018-05-09,,,,,2.56
2018-05-10,,,,,2.68
2018-05-11,,,,,5.18
2018-05-14,,,,,4.96
2018-05-15,,,,,5.0
2018-05-16,,,,,5.04
2018-05-17,,,,,5.0
2018-05-18,,,,,5.0
2018-05-21,,,,,5.0
2018-05-22,,,,,5.0
2018-05-23,,,,,4.96
2018-05-24,,,,,5.04
2018-05-25,,,,,5.18
2018-05-28,,,,,5.09
2018-05-29,,,,,5.09
2018-05-30,,,,,5.18
2018-05-31,,,,,5.27
2018-06-01,,,,,5.27
2018-06-04,,,,,5.13
2018-06-05,,,,,5.13
2018-06-06,,,,,5.09
2018-06-07,,,,,5.13
2018-06-08,,,,,5.13
2018-06-11,,,,,5.18
2018-06-12,,,,,5.23
2018-06-13,,,,,5.27
2018-06-14,,,,,5.37
2018-06-15,,,,,5.32
2018-06-18,,,,,5.37
2018-06-19,,,,,5.58
2018-06-20,,,,,5.42
2018-06-21,,,,,5.52
2018-06-22,,,,,5.52
2018-06-25,,,,,5.58
2018-06-26,,,,,5.63
2018-06-27,,,,,5.58
2018-06-28,,,,,5.74
2018-06-29,,,,,5.8
2018-07-02,,,,,5.99
2018-07-03,,,,,5.89
2018-07-04,,,,,5.92
2018-07-05,,,,,5.99
2018-07-06,,,,,5.94
2018-07-09,,,,,5.99
2018-07-10,,,,,6.25
2018-07-11,,,,,6.25
2018-07-12,,,,,6.22
2018-07-13,,,,,6.07
2018-07-16,,,,,6.22
2018-07-17,,,,,6.22
2018-07-18,,,,,6.2
2018-07-19,,,,,6.14
2018-07-20,,,,,6.17
2018-07-23,,,,,6.22
2018-07-24,,,,,6.33
2018-07-25,,,,,6.3
2018-07-26,,,,,6.3
2018-07-27,,,,,6.3
2018-07-30,,,,,6.3
2018-07-31,,,,,6.33
2018-08-01,,,,,6.28
2018-08-02,,,,,6.33
2018-08-03,,,,,6.42
2018-08-06,,,,,6.44
2018-08-07,,,,,6.5
2018-08-08,,,,,6.47
2018-08-09,,,,,6.62
2018-08-10,,,,,6.84
2018-08-13,,,,,6.84
2018-08-14,,,,,6.84
2018-08-15,,,,,6.9
2018-08-16,,,,,6.9
2018-08-17,,,,,6.78
2018-08-20,,,,,6.71
2018-08-21,,,,,6.68
2018-08-22,,,,,6.74
2018-08-23,,,,,6.65
2018-08-24,,,,,6.65
2018-08-27,,,,,6.71
2018-08-28,,,,,6.56
2018-08-29,,,,,6.53
2018-08-30,,,,,6.62
2018-08-31,,,,,6.5
2018-09-03,,,,,6.59
2018-09-04,,,,,6.59
2018-09-05,,,,,6.74
2018-09-06,,,,,6.68
2018-09-07,,,,,6.68
2018-09-10,,,,,6.74
2018-09-11,,,,,6.78
2018-09-12,,,,,8.69
2018-09-13,,,,,8.53
2018-09-14,,,,,8.57
2018-09-17,,,,,8.33
2018-09-18,,,,,8.26
2018-09-19,,,,,8.26
2018-09-20,,,,,8.3
2018-09-21,,,,,8.26
2018-09-24,,,,,8.22
2018-09-25,,,,,8.53
2018-09-26,,,,,8.53
2018-09-27,,,,,8.53
2018-09-28,,,,,8.53
2018-10-01,,,,,8.53
2018-10-02,,,,,8.57
2018-10-03,,,,,8.45
2018-10-04,,,,,8.49
2018-10-05,,,,,8.49
2018-10-08,,,,,8.61
2018-10-09,,,,,8.57
2018-10-10,,,,,8.53
2018-10-11,,,,,8.65
2018-10-12,,,,,8.65
2018-10-15,,,,,8.65
2018-10-16,,,,,8.69
2018-10-17,,,,,8.69
2018-10-18,,,,,8.73
2018-10-19,,,,,8.86
2018-10-22,,,,,9.17
2018-10-23,,,,,9.17
2018-10-24,,,,,9.26
2018-10-25,,,,,9.31
2018-10-26,,,,,9.17
2018-10-29,,,,,9.12
2018-10-30,,,,,9.12
2018-10-31,,,,,9.12
2018-11-01,,,,,9.12
2018-11-02,,,,,9.08
2018-11-05,,,,,9.03
2018-11-06,,,,,9.08
2018-11-07,,,,,9.08
2018-11-08,,,,,9.08
2018-11-09,,,,,9.12
2018-11-12,,,,,9.26
2018-11-13,,,,,9.31
2018-11-14,,,,,8.82
2018-11-15,,,,,8.9
2018-11-16,,,,,8.99
2018-11-19,,,,,8.99
2018-11-20,,,,,9.26
2018-11-21,,,,,9.08
2018-11-22,,,,,9.17
2018-11-23,,,,,9.12
2018-11-26,,,,,8.99
2018-11-27,,,,,8.69
2018-11-28,,,,,8.41
2018-11-29,,,,,8.37
2018-11-30,,,,,8.41
2018-12-03,,,,,8.53
2018-12-04,,,,,8.49
2018-12-05,,,,,8.49
2018-12-06,,,,,8.53
2018-12-07,,,,,8.33
2018-12-10,,,,,8.33
2018-12-11,,,,,8.3
2018-12-12,,,,,8.33
2018-12-13,,,,,8.45
2018-12-14,,,,,8.49
2018-12-17,,,,,8.57
2018-12-18,,,,,8.82
2018-12-19,,,,,8.57
2018-12-20,,,,,8.57
2018-12-21,,,,,8.61
2018-12-24,,,,,8.65
2018-12-25,,,,,8.73
2018-12-26,,,,,8.77
2018-12-27,,,,,8.82
2018-12-28,,,,,8.69
2018-12-31,,,,,8.69
2016-12-30,,,,,2.48
2017-01-02,,,,,2.48
2017-01-03,,,,,2.48
2017-01-04,,,,,2.46
2017-01-05,,,,,2.44
2017-01-06,,,,,2.33
2017-01-09,,,,,2.29
2017-01-10,,,,,2.29
2017-01-11,,,,,2.33
2017-01-12,,,,,2.34
2017-01-13,,,,,2.34
2017-01-16,,,,,2.31
2017-01-17,,,,,2.33
2017-01-18,,,,,2.33
2017-01-19,,,,,2.33
2017-01-20,,,,,2.31
2017-01-23,,,,,2.31
2017-01-24,,,,,2.24
2017-01-25,,,,,2.27
2017-01-26,,,,,2.31
2017-01-27,,,,,2.42
2017-01-30,,,,,2.44
2017-01-31,,,,,2.46
2017-02-01,,,,,2.34
2017-02-02,,,,,2.38
2017-02-03,,,,,2.4
2017-02-06,,,,,2.42
2017-02-07,,,,,2.46
2017-02-08,,,,,2.46
2017-02-09,,,,,2.42
2017-02-10,,,,,2.42
2017-02-13,,,,,2.42
2017-02-14,,,,,2.44
2017-02-15,,,,,2.42
2017-02-16,,,,,2.44
2017-02-17,,,,,2.42
2017-02-20,,,,,2.44
2017-02-21,,,,,2.44
2017-02-22,,,,,2.46
2017-02-23,,,,,2.44
2017-02-24,,,,,2.46
2017-02-27,,,,,2.5
2017-02-28,,,,,2.48
2017-03-01,,,,,2.48
2017-03-02,,,,,2.5
2017-03-03,,,,,2.48
2017-03-06,,,,,2.48
2017-03-07,,,,,2.46
2017-03-08,,,,,2.44
2017-03-09,,,,,2.46
2017-03-10,,,,,2.46
2017-03-13,,,,,2.48
2017-03-14,,,,,2.46
2017-03-15,,,,,2.48
2017-03-16,,,,,2.44
2017-03-17,,,,,2.4
2017-03-20,,,,,2.4
2017-03-21,,,,,2.36
2017-03-22,,,,,2.33
2017-03-23,,,,,2.34
2017-03-24,,,,,2.38
2017-03-27,,,,,2.38
2017-03-28,,,,,2.31
2017-03-29,,,,,2.33
2017-03-30,,,,,2.31
2017-03-31,,,,,2.33
2017-04-03,,,,,2.31
2017-04-04,,,,,2.31
2017-04-05,,,,,2.34
2017-04-06,,,,,2.34
2017-04-07,,,,,2.36
2017-04-10,,,,,2.36
2017-04-11,,,,,2.36
2017-04-12,,,,,2.38
2017-04-13,,,,,2.38
2017-04-14,,,,,2.38
2017-04-17,,,,,2.44
2017-04-18,,,,,2.42
2017-04-19,,,,,2.42
2017-04-20,,,,,2.46
2017-04-21,,,,,2.44
2017-04-24,,,,,2.44
2017-04-25,,,,,2.46
2017-04-26,,,,,2.46
2017-04-27,,,,,2.44
2017-04-28,,,,,2.42
2017-05-01,,,,,2.42
2017-05-02,,,,,2.44
2017-05-03,,,,,2.4
2017-05-04,,,,,2.34
2017-05-05,,,,,2.38
2017-05-08,,,,,2.38
2017-05-09,,,,,2.46
2017-05-10,,,,,2.46
2017-05-11,,,,,2.54
2017-05-12,,,,,2.48
2017-05-15,,,,,2.5
2017-05-16,,,,,2.5
2017-05-17,,,,,2.5
2017-05-18,,,,,2.5
2017-05-19,,,,,2.48
2017-05-22,,,,,2.48
2017-05-23,,,,,2.48
2017-05-24,,,,,2.48
2017-05-25,,,,,2.46
2017-05-26,,,,,2.44
2017-05-29,,,,,2.38
2017-05-30,,,,,2.38
2017-05-31,,,,,2.42
2017-06-01,,,,,2.42
2017-06-02,,,,,2.42
2017-06-05,,,,,2.4
2017-06-06,,,,,2.4
2017-06-07,,,,,2.44
2017-06-08,,,,,2.42
2017-06-09,,,,,2.4
2017-06-12,,,,,2.42
2017-06-13,,,,,2.42
2017-06-14,,,,,2.42
2017-06-15,,,,,2.38
2017-06-16,,,,,2.36
2017-06-19,,,,,2.34
2017-06-20,,,,,2.38
2017-06-21,,,,,2.34
2017-06-22,,,,,2.33
2017-06-23,,,,,2.36
2017-06-26,,,,,2.36
2017-06-27,,,,,2.36
2017-06-28,,,,,2.44
2017-06-29,,,,,2.44
2017-06-30,,,,,2.4
2017-07-03,,,,,2.4
2017-07-04,,,,,2.42
2017-07-05,,,,,2.42
2017-07-06,,,,,2.42
2017-07-07,,,,,2.44
2017-07-10,,,,,2.44
2017-07-11,,,,,2.42
2017-07-12,,,,,2.4
2017-07-13,,,,,2.42
2017-07-14,,,,,2.42
2017-07-17,,,,,2.42
2017-07-18,,,,,2.42
2017-07-19,,,,,2.38
2017-07-20,,,,,2.4
2017-07-21,,,,,2.4
2017-07-24,,,,,2.4
2017-07-25,,,,,2.4
2017-07-26,,,,,2.38
2017-07-27,,,,,2.42
2017-07-28,,,,,2.42
2017-07-31,,,,,2.36
2017-08-01,,,,,2.33
2017-08-02,,,,,2.36
2017-08-03,,,,,2.34
2017-08-04,,,,,2.38
2017-08-07,,,,,2.4
2017-08-08,,,,,2.4
2017-08-09,,,,,2.38
2017-08-10,,,,,2.44
2017-08-11,,,,,2.44
2017-08-14,,,,,2.44
2017-08-15,,,,,2.44
2017-08-16,,,,,2.46
2017-08-17,,,,,2.48
2017-08-18,,,,,2.48
2017-08-21,,,,,2.46
2017-08-22,,,,,2.46
2017-08-23,,,,,2.48
2017-08-24,,,,,2.46
2017-08-25,,,,,2.48
2017-08-28,,,,,2.46
2017-08-29,,,,,2.46
2017-08-30,,,,,2.42
2017-08-31,,,,,2.42
2017-09-01,,,,,2.42
2017-09-04,,,,,2.44
2017-09-05,,,,,2.44
2017-09-06,,,,,2.42
2017-09-07,,,,,2.42
2017-09-08,,,,,2.44
2017-09-11,,,,,2.42
2017-09-12,,,,,2.44
2017-09-13,,,,,2.42
2017-09-14,,,,,2.4
2017-09-15,,,,,2.38
2017-09-18,,,,,2.34
2017-09-19,,,,,2.34
2017-09-20,,,,,2.36
2017-09-21,,,,,2.27
2017-09-22,,,,,2.29
2017-09-25,,,,,2.26
2017-09-26,,,,,2.36
2017-09-27,,,,,2.31
2017-09-28,,,,,2.34
2017-09-29,,,,,2.29
2017-10-02,,,,,2.26
2017-10-03,,,,,2.27
2017-10-04,,,,,2.29
2017-10-05,,,,,2.29
2017-10-06,,,,,2.31
2017-10-09,,,,,2.24
2017-10-10,,,,,2.26
2017-10-11,,,,,2.26
2017-10-12,,,,,2.26
2017-10-13,,,,,2.26
2017-10-16,,,,,2.27
2017-10-17,,,,,2.33
2017-10-18,,,,,2.33
2017-10-19,,,,,2.36
2017-10-20,,,,,2.34
2017-10-23,,,,,2.34
2017-10-24,,,,,2.34
2017-10-25,,,,,2.34
2017-10-26,,,,,2.34
2017-10-27,,,,,2.36
2017-10-30,,,,,2.38
2017-10-31,,,,,2.34
2017-11-01,,,,,2.38
2017-11-02,,,,,2.38
2017-11-03,,,,,2.46
2017-11-06,,,,,2.42
2017-11-07,,,,,2.46
2017-11-08,,,,,2.42
2017-11-09,,,,,2.38
2017-11-10,,,,,2.4
2017-11-13,,,,,2.4
2017-11-14,,,,,2.38
2017-11-15,,,,,2.38
2017-11-16,,,,,2.38
2017-11-17,,,,,2.34
2017-11-20,,,,,2.34
2017-11-21,,,,,2.34
2017-11-22,,,,,2.4
2017-11-23,,,,,2.42
2017-11-24,,,,,2.42
2017-11-27,,,,,2.42
2017-11-28,,,,,2.38
2017-11-29,,,,,2.38
2017-11-30,,,,,2.42
2017-12-01,,,,,2.42
2017-12-04,,,,,2.36
2017-12-05,,,,,2.36
2017-12-06,,,,,2.42
2017-12-07,,,,,2.4
2017-12-08,,,,,2.42
2017-12-11,,,,,2.42
2017-12-12,,,,,2.42
2017-12-13,,,,,2.4
2017-12-14,,,,,2.38
2017-12-15,,,,,2.4
2017-12-18,,,,,2.4
2017-12-19,,,,,2.44
2017-12-20,,,,,2.44
2017-12-21,,,,,2.42
2017-12-22,,,,,2.4
2017-12-25,,,,,2.44
2017-12-26,,,,,2.44
2017-12-27,,,,,2.44
2017-12-28,,,,,2.46
2017-12-29,,,,,2.44
2016-01-01,,,,,1.9
2016-01-04,,,,,1.94
2016-01-05,,,,,1.92
2016-01-06,,,,,1.87
2016-01-07,,,,,1.82
2016-01-08,,,,,1.82
2016-01-11,,,,,1.77
2016-01-12,,,,,1.71
2016-01-13,,,,,1.68
2016-01-14,,,,,1.69
2016-01-15,,,,,1.67
2016-01-18,,,,,1.74
2016-01-19,,,,,1.79
2016-01-20,,,,,1.85
2016-01-21,,,,,1.83
2016-01-22,,,,,1.85
2016-01-25,,,,,1.82
2016-01-26,,,,,1.82
2016-01-27,,,,,1.68
2016-01-28,,,,,1.75
2016-01-29,,,,,1.75
2016-02-01,,,,,1.8
2016-02-02,,,,,1.77
2016-02-03,,,,,1.83
2016-02-04,,,,,1.89
2016-02-05,,,,,1.83
2016-02-08,,,,,1.8
2016-02-09,,,,,1.82
2016-02-10,,,,,1.85
2016-02-11,,,,,1.85
2016-02-12,,,,,1.89
2016-02-15,,,,,1.89
2016-02-16,,,,,1.87
2016-02-17,,,,,1.79
2016-02-18,,,,,1.85
2016-02-19,,,,,1.83
2016-02-22,,,,,1.83
2016-02-23,,,,,1.75
2016-02-24,,,,,1.77
2016-02-25,,,,,1.72
2016-02-26,,,,,1.87
2016-02-29,,,,,1.96
2016-03-01,,,,,2.01
2016-03-02,,,,,1.98
2016-03-03,,,,,2.01
2016-03-04,,,,,2.02
2016-03-07,,,,,2.02
2016-03-08,,,,,2.05
2016-03-09,,,,,2.03
2016-03-10,,,,,1.96
2016-03-11,,,,,1.92
2016-03-14,,,,,1.92
2016-03-15,,,,,1.9
2016-03-16,,,,,1.92
2016-03-17,,,,,1.89
2016-03-18,,,,,1.9
2016-03-21,,,,,1.87
2016-03-22,,,,,1.9
2016-03-23,,,,,1.89
2016-03-24,,,,,1.87
2016-03-25,,,,,1.89
2016-03-28,,,,,1.87
2016-03-29,,,,,1.79
2016-03-30,,,,,1.77
2016-03-31,,,,,1.72
2016-04-01,,,,,1.68
2016-04-04,,,,,1.67
2016-04-05,,,,,1.67
2016-04-06,,,,,1.67
2016-04-07,,,,,1.69
2016-04-08,,,,,1.72
2016-04-11,,,,,1.65
2016-04-12,,,,,1.67
2016-04-13,,,,,1.67
2016-04-14,,,,,1.67
2016-04-15,,,,,1.67
2016-04-18,,,,,1.64
2016-04-19,,,,,1.65
2016-04-20,,,,,1.67
2016-04-21,,,,,1.68
2016-04-22,,,,,1.69
2016-04-25,,,,,1.68
2016-04-26,,,,,1.72
2016-04-27,,,,,1.69
2016-04-28,,,,,1.71
2016-04-29,,,,,1.72
2016-05-02,,,,,1.72
2016-05-03,,,,,1.71
2016-05-04,,,,,1.72
2016-05-05,,,,,1.72
2016-05-06,,,,,1.72
2016-05-09,,,,,1.77
2016-05-10,,,,,1.75
2016-05-11,,,,,1.69
2016-05-12,,,,,1.71
2016-05-13,,,,,1.63
2016-05-16,,,,,1.63
2016-05-17,,,,,1.67
2016-05-18,,,,,1.67
2016-05-19,,,,,1.67
2016-05-20,,,,,1.67
2016-05-23,,,,,1.69
2016-05-24,,,,,1.65
2016-05-25,,,,,1.67
2016-05-26,,,,,1.69
2016-05-27,,,,,1.69
2016-05-30,,,,,1.67
2016-05-31,,,,,1.59
2016-06-01,,,,,1.6
2016-06-02,,,,,1.63
2016-06-03,,,,,1.59
2016-06-06,,,,,1.67
2016-06-07,,,,,1.65
2016-06-08,,,,,1.65
2016-06-09,,,,,1.69
2016-06-10,,,,,1.69
2016-06-13,,,,,1.67
2016-06-14,,,,,1.6
2016-06-15,,,,,1.63
2016-06-16,,,,,1.64
2016-06-17,,,,,1.61
2016-06-20,,,,,1.61
2016-06-21,,,,,1.67
2016-06-22,,,,,1.61
2016-06-23,,,,,1.61
2016-06-24,,,,,1.65
2016-06-27,,,,,1.63
2016-06-28,,,,,1.63
2016-06-29,,,,,1.67
2016-06-30,,,,,1.6
2016-07-01,,,,,1.6
2016-07-04,,,,,1.61
2016-07-05,,,,,1.64
2016-07-06,,,,,1.63
2016-07-07,,,,,1.64
2016-07-08,,,,,1.64
2016-07-11,,,,,1.61
2016-07-12,,,,,1.65
2016-07-13,,,,,1.67
2016-07-14,,,,,1.67
2016-07-15,,,,,1.67
2016-07-18,,,,,1.67
2016-07-19,,,,,1.67
2016-07-20,,,,,1.67
2016-07-21,,,,,1.67
2016-07-22,,,,,1.68
2016-07-25,,,,,1.67
2016-07-26,,,,,1.64
2016-07-27,,,,,1.52
2016-07-28,,,,,1.54
2016-07-29,,,,,1.49
2016-08-01,,,,,1.52
2016-08-02,,,,,1.5
2016-08-03,,,,,1.5
2016-08-04,,,,,1.43
2016-08-05,,,,,1.42
2016-08-08,,,,,1.41
2016-08-09,,,,,1.37
2016-08-10,,,,,1.4
2016-08-11,,,,,1.33
2016-08-12,,,,,1.33
2016-08-15,,,,,1.31
2016-08-16,,,,,1.33
2016-08-17,,,,,1.36
2016-08-18,,,,,1.32
2016-08-19,,,,,1.32
2016-08-22,,,,,1.33
2016-08-23,,,,,1.32
2016-08-24,,,,,1.33
2016-08-25,,,,,1.33
2016-08-26,,,,,1.32
2016-08-29,,,,,1.32
2016-08-30,,,,,1.32
2016-08-31,,,,,1.33
2016-09-01,,,,,1.35
2016-09-02,,,,,1.39
2016-09-05,,,,,1.41
2016-09-06,,,,,1.35
2016-09-07,,,,,1.37
2016-09-08,,,,,1.43
2016-09-09,,,,,1.41
2016-09-12,,,,,1.45
2016-09-13,,,,,1.41
2016-09-14,,,,,1.42
2016-09-15,,,,,1.43
2016-09-16,,,,,1.43
2016-09-19,,,,,1.36
2016-09-20,,,,,1.4
2016-09-21,,,,,1.41
2016-09-22,,,,,1.39
2016-09-23,,,,,1.41
2016-09-26,,,,,1.42
2016-09-27,,,,,1.41
2016-09-28,,,,,1.4
2016-09-29,,,,,1.4
2016-09-30,,,,,1.4
2016-10-03,,,,,1.42
2016-10-04,,,,,1.42
2016-10-05,,,,,1.43
2016-10-06,,,,,1.42
2016-10-07,,,,,1.42
2016-10-10,,,,,1.49
2016-10-11,,,,,1.56
2016-10-12,,,,,1.65
2016-10-13,,,,,1.64
2016-10-14,,,,,1.48
2016-10-17,,,,,1.48
2016-10-18,,,,,1.49
2016-10-19,,,,,1.44
2016-10-20,,,,,1.47
2016-10-21,,,,,1.42
2016-10-24,,,,,1.42
2016-10-25,,,,,1.44
2016-10-26,,,,,1.45
2016-10-27,,,,,1.47
2016-10-28,,,,,1.45
2016-10-31,,,,,1.42
2016-11-01,,,,,1.41
2016-11-02,,,,,1.37
2016-11-03,,,,,1.39
2016-11-04,,,,,1.4
2016-11-07,,,,,1.41
2016-11-08,,,,,1.42
2016-11-09,,,,,1.41
2016-11-10,,,,,2.1
2016-11-11,,,,,2.13
2016-11-14,,,,,2.17
2016-11-15,,,,,2.17
2016-11-16,,,,,2.17
2016-11-17,,,,,2.16
2016-11-18,,,,,2.21
2016-11-21,,,,,2.24
2016-11-22,,,,,2.22
2016-11-23,,,,,2.31
2016-11-24,,,,,2.33
2016-11-25,,,,,2.27
2016-11-28,,,,,2.29
2016-11-29,,,,,2.29
2016-11-30,,,,,2.29
2016-12-01,,,,,2.34
2016-12-02,,,,,2.4
2016-12-05,,,,,2.4
2016-12-06,,,,,2.38
2016-12-07,,,,,2.34
2016-12-08,,,,,2.34
2016-12-09,,,,,2.38
2016-12-12,,,,,2.38
2016-12-13,,,,,2.4
2016-12-14,,,,,2.4
2016-12-15,,,,,2.44
2016-12-16,,,,,2.42
2016-12-19,,,,,2.42
2016-12-20,,,,,2.44
2016-12-21,,,,,2.46
2016-12-22,,,,,2.5
2016-12-23,,,,,2.48
2016-12-26,,,,,2.48
2016-12-27,,,,,2.48
2016-12-28,,,,,2.44
2016-12-29,,,,,2.46
2016-12-30,,,,,2.48
2015-01-01,,,,,0.0
2015-01-02,,,,,0.0
2015-01-05,,,,,0.0
2015-01-06,,,,,0.0
2015-01-07,,,,,0.0
2015-01-08,,,,,0.0
2015-01-09,,,,,0.0
2015-01-12,,,,,0.0
2015-01-13,,,,,0.0
2015-01-14,,,,,0.0
2015-01-15,,,,,0.0
2015-01-16,,,,,0.0
2015-01-19,,,,,0.0
2015-01-20,,,,,0.0
2015-01-21,,,,,0.0
2015-01-22,,,,,0.0
2015-01-23,,,,,0.0
2015-01-26,,,,,0.0
2015-01-27,,,,,0.0
2015-01-28,,,,,0.0
2015-01-29,,,,,0.0
2015-01-30,,,,,0.0
2015-02-02,,,,,0.0
2015-02-03,,,,,0.0
2015-02-04,,,,,0.0
2015-02-05,,,,,0.0
2015-02-06,,,,,0.0
2015-02-09,,,,,0.0
2015-02-10,,,,,0.0
2015-02-11,,,,,0.0
2015-02-12,,,,,0.0
2015-02-13,,,,,0.0
2015-02-16,,,,,0.0
2015-02-17,,,,,0.0
2015-02-18,,,,,0.0
2015-02-19,,,,,0.0
2015-02-20,,,,,0.0
2015-02-23,,,,,0.0
2015-02-24,,,,,0.0
2015-02-25,,,,,0.0
2015-02-26,,,,,0.0
2015-02-27,,,,,0.0
2015-03-02,,,,,0.0
2015-03-03,,,,,0.0
2015-03-04,,,,,0.0
2015-03-05,,,,,0.0
2015-03-06,,,,,0.0
2015-03-09,,,,,0.0
2015-03-10,,,,,0.0
2015-03-11,,,,,0.0
2015-03-12,,,,,0.0
2015-03-13,,,,,0.0
2015-03-16,,,,,0.0
2015-03-17,,,,,0.0
2015-03-18,,,,,0.0
2015-03-19,,,,,0.0
2015-03-20,,,,,0.0
2015-03-23,,,,,0.0
2015-03-24,,,,,0.0
2015-03-25,,,,,0.0
2015-03-26,,,,,0.0
2015-03-27,,,,,0.0
2015-03-30,,,,,0.0
2015-03-31,,,,,0.0
2015-04-01,,,,,0.0
2015-04-02,,,,,0.0
2015-04-03,,,,,0.0
2015-04-06,,,,,0.0
2015-04-07,,,,,0.0
2015-04-08,,,,,0.0
2015-04-09,,,,,0.0
2015-04-10,,,,,0.0
2015-04-13,,,,,0.0
2015-04-14,,,,,0.0
2015-04-15,,,,,0.0
2015-04-16,,,,,0.0
2015-04-17,,,,,0.0
2015-04-20,,,,,0.0
2015-04-21,,,,,0.0
2015-04-22,,,,,0.0
2015-04-23,,,,,0.0
2015-04-24,,,,,0.0
2015-04-27,,,,,0.0
2015-04-28,,,,,0.0
2015-04-29,,,,,0.0
2015-04-30,,,,,0.0
2015-05-01,,,,,0.0
2015-05-04,,,,,0.0
2015-05-05,,,,,0.0
2015-05-06,,,,,0.0
2015-05-07,,,,,0.0
2015-05-08,,,,,0.0
2015-05-11,,,,,0.0
2015-05-12,,,,,0.0
2015-05-13,,,,,0.0
2015-05-14,,,,,0.0
2015-05-15,,,,,0.0
2015-05-18,,,,,0.0
2015-05-19,,,,,0.0
2015-05-20,,,,,0.0
2015-05-21,,,,,0.0
2015-05-22,,,,,0.0
2015-05-25,,,,,0.0
2015-05-26,,,,,0.0
2015-05-27,,,,,0.0
2015-05-28,,,,,0.0
2015-05-29,,,,,0.0
2015-06-01,,,,,0.0
2015-06-02,,,,,0.0
2015-06-03,,,,,0.0
2015-06-04,,,,,0.0
2015-06-05,,,,,0.0
2015-06-08,,,,,0.0
2015-06-09,,,,,0.0
2015-06-10,,,,,0.0
2015-06-11,,,,,0.0
2015-06-12,,,,,0.0
2015-06-15,,,,,0.0
2015-06-16,,,,,0.0
2015-06-17,,,,,0.0
2015-06-18,,,,,0.0
2015-06-19,,,,,0.0
2015-06-22,,,,,0.0
2015-06-23,,,,,0.0
2015-06-24,,,,,0.0
2015-06-25,,,,,0.0
2015-06-26,,,,,0.0
2015-06-29,,,,,0.0
2015-06-30,,,,,0.0
2015-07-01,,,,,0.0
2015-07-02,,,,,0.0
2015-07-03,,,,,0.0
2015-07-06,,,,,0.0
2015-07-07,,,,,0.0
2015-07-08,,,,,0.0
2015-07-09,,,,,0.0
2015-07-10,,,,,0.0
2015-07-13,,,,,0.0
2015-07-14,,,,,0.0
2015-07-15,,,,,0.0
2015-07-16,,,,,0.0
2015-07-17,,,,,0.0
2015-07-20,,,,,0.0
2015-07-21,,,,,0.0
2015-07-22,,,,,0.0
2015-07-23,,,,,0.0
2015-07-24,,,,,0.0
2015-07-27,,,,,0.0
2015-07-28,,,,,0.0
2015-07-29,,,,,0.0
2015-07-30,,,,,0.0
2015-07-31,,,,,0.0
2015-08-03,,,,,0.0
2015-08-04,,,,,0.0
2015-08-05,,,,,0.0
2015-08-06,,,,,0.0
2015-08-07,,,,,0.0
2015-08-10,,,,,0.0
2015-08-11,,,,,0.0
2015-08-12,,,,,0.0
2015-08-13,,,,,0.0
2015-08-14,,,,,0.0
2015-08-17,,,,,0.0
2015-08-18,,,,,0.0
2015-08-19,,,,,0.0
2015-08-20,,,,,0.0
2015-08-21,,,,,0.0
2015-08-24,,,,,0.0
2015-08-25,,,,,0.0
2015-08-26,,,,,0.0
2015-08-27,,,,,0.0
2015-08-28,,,,,0.0
2015-08-31,,,,,0.0
2015-09-01,,,,,2.33
2015-09-02,,,,,2.29
2015-09-03,,,,,2.24
2015-09-04,,,,,2.22
2015-09-07,,,,,2.24
2015-09-08,,,,,2.23
2015-09-09,,,,,2.21
2015-09-10,,,,,2.21
2015-09-11,,,,,2.21
2015-09-14,,,,,2.26
2015-09-15,,,,,2.26
2015-09-16,,,,,2.24
2015-09-17,,,,,2.24
2015-09-18,,,,,2.22
2015-09-21,,,,,2.23
2015-09-22,,,,,2.23
2015-09-23,,,,,2.25
2015-09-24,,,,,2.24
2015-09-25,,,,,2.24
2015-09-28,,,,,2.3
2015-09-29,,,,,2.33
2015-09-30,,,,,2.31
2015-10-01,,,,,2.34
2015-10-02,,,,,2.33
2015-10-05,,,,,2.23
2015-10-06,,,,,2.23
2015-10-07,,,,,2.22
2015-10-08,,,,,2.22
2015-10-09,,,,,2.2
2015-10-12,,,,,2.19
2015-10-13,,,,,2.2
2015-10-14,,,,,2.19
2015-10-15,,,,,2.16
2015-10-16,,,,,2.16
2015-10-19,,,,,2.16
2015-10-20,,,,,2.16
2015-10-21,,,,,2.15
2015-10-22,,,,,2.15
2015-10-23,,,,,2.15
2015-10-26,,,,,2.11
2015-10-27,,,,,2.1
2015-10-28,,,,,2.16
2015-10-29,,,,,2.19
2015-10-30,,,,,2.16
2015-11-02,,,,,2.14
2015-11-03,,,,,2.14
2015-11-04,,,,,2.13
2015-11-05,,,,,2.1
2015-11-06,,,,,2.08
2015-11-09,,,,,2.1
2015-11-10,,,,,2.08
2015-11-11,,,,,2.09
2015-11-12,,,,,2.09
2015-11-13,,,,,2.12
2015-11-16,,,,,2.07
2015-11-17,,,,,2.07
2015-11-18,,,,,2.09
2015-11-19,,,,,2.11
2015-11-20,,,,,2.09
2015-11-23,,,,,2.1
2015-11-24,,,,,2.15
2015-11-25,,,,,2.14
2015-11-26,,,,,2.15
2015-11-27,,,,,2.18
2015-11-30,,,,,2.19
2015-12-01,,,,,2.15
2015-12-02,,,,,2.28
2015-12-03,,,,,2.21
2015-12-04,,,,,2.23
2015-12-07,,,,,2.23
2015-12-08,,,,,2.22
2015-12-09,,,,,2.2
2015-12-10,,,,,2.2
2015-12-11,,,,,2.15
2015-12-14,,,,,2.14
2015-12-15,,,,,2.11
2015-12-16,,,,,2.07
2015-12-17,,,,,2.01
2015-12-18,,,,,2.01
2015-12-21,,,,,2.02
2015-12-22,,,,,2.06
2015-12-23,,,,,2.03
2015-12-24,,,,,2.04
2015-12-25,,,,,2.02
2015-12-28,,,,,2.0
2015-12-29,,,,,1.94
2015-12-30,,,,,1.9
2015-12-31,,,,,1.9
2014-01-01,,,,,0.0
2014-01-02,,,,,0.0
2014-01-03,,,,,0.0
2014-01-06,,,,,0.0
2014-01-07,,,,,0.0
2014-01-08,,,,,0.0
2014-01-09,,,,,0.0
2014-01-10,,,,,0.0
2014-01-13,,,,,0.0
2014-01-14,,,,,0.0
2014-01-15,,,,,0.0
2014-01-16,,,,,0.0
2014-01-17,,,,,0.0
2014-01-20,,,,,0.0
2014-01-21,,,,,0.0
2014-01-22,,,,,0.0
2014-01-23,,,,,0.0
2014-01-24,,,,,0.0
2014-01-27,,,,,0.0
2014-01-28,,,,,0.0
2014-01-29,,,,,0.0
2014-01-30,,,,,0.0
2014-01-31,,,,,0.0
2014-02-03,,,,,0.0
2014-02-04,,,,,0.0
2014-02-05,,,,,0.0
2014-02-06,,,,,0.0
2014-02-07,,,,,0.0
2014-02-10,,,,,0.0
2014-02-11,,,,,0.0
2014-02-12,,,,,0.0
2014-02-13,,,,,0.0
2014-02-14,,,,,0.0
2014-02-17,,,,,0.0
2014-02-18,,,,,0.0
2014-02-19,,,,,0.0
2014-02-20,,,,,0.0
2014-02-21,,,,,0.0
2014-02-24,,,,,0.0
2014-02-25,,,,,0.0
2014-02-26,,,,,0.0
2014-02-27,,,,,0.0
2014-02-28,,,,,0.0
2014-03-03,,,,,0.0
2014-03-04,,,,,0.0
2014-03-05,,,,,0.0
2014-03-06,,,,,0.0
2014-03-07,,,,,0.0
2014-03-10,,,,,0.0
2014-03-11,,,,,0.0
2014-03-12,,,,,0.0
2014-03-13,,,,,0.0
2014-03-14,,,,,0.0
2014-03-17,,,,,0.0
2014-03-18,,,,,0.0
2014-03-19,,,,,0.0
2014-03-20,,,,,0.0
2014-03-21,,,,,0.0
2014-03-24,,,,,0.0
2014-03-25,,,,,0.0
2014-03-26,,,,,0.0
2014-03-27,,,,,0.0
2014-03-28,,,,,0.0
2014-03-31,,,,,0.0
2014-04-01,,,,,0.0
2014-04-02,,,,,0.0
2014-04-03,,,,,0.0
2014-04-04,,,,,0.0
2014-04-07,,,,,0.0
2014-04-08,,,,,0.0
2014-04-09,,,,,0.0
2014-04-10,,,,,0.0
2014-04-11,,,,,0.0
2014-04-14,,,,,0.0
2014-04-15,,,,,0.0
2014-04-16,,,,,0.0
2014-04-17,,,,,0.0
2014-04-18,,,,,0.0
2014-04-21,,,,,0.0
2014-04-22,,,,,0.0
2014-04-23,,,,,0.0
2014-04-24,,,,,0.0
2014-04-25,,,,,0.0
2014-04-28,,,,,0.0
2014-04-29,,,,,0.0
2014-04-30,,,,,0.0
2014-05-01,,,,,0.0
2014-05-02,,,,,0.0
2014-05-05,,,,,0.0
2014-05-06,,,,,0.0
2014-05-07,,,,,0.0
2014-05-08,,,,,0.0
2014-05-09,,,,,0.0
2014-05-12,,,,,0.0
2014-05-13,,,,,0.0
2014-05-14,,,,,0.0
2014-05-15,,,,,0.0
2014-05-16,,,,,0.0
2014-05-19,,,,,0.0
2014-05-20,,,,,0.0
2014-05-21,,,,,0.0
2014-05-22,,,,,0.0
2014-05-23,,,,,0.0
2014-05-26,,,,,0.0
2014-05-27,,,,,0.0
2014-05-28,,,,,0.0
2014-05-29,,,,,0.0
2014-05-30,,,,,0.0
2014-06-02,,,,,0.0
2014-06-03,,,,,0.0
2014-06-04,,,,,0.0
2014-06-05,,,,,0.0
2014-06-06,,,,,0.0
2014-06-09,,,,,0.0
2014-06-10,,,,,0.0
2014-06-11,,,,,0.0
2014-06-12,,,,,0.0
2014-06-13,,,,,0.0
2014-06-16,,,,,0.0
2014-06-17,,,,,0.0
2014-06-18,,,,,0.0
2014-06-19,,,,,0.0
2014-06-20,,,,,0.0
2014-06-23,,,,,0.0
2014-06-24,,,,,0.0
2014-06-25,,,,,0.0
2014-06-26,,,,,0.0
2014-06-27,,,,,0.0
2014-06-30,,,,,0.0
2014-07-01,,,,,0.0
2014-07-02,,,,,0.0
2014-07-03,,,,,0.0
2014-07-04,,,,,0.0
2014-07-07,,,,,0.0
2014-07-08,,,,,0.0
2014-07-09,,,,,0.0
2014-07-10,,,,,0.0
2014-07-11,,,,,0.0
2014-07-14,,,,,0.0
2014-07-15,,,,,0.0
2014-07-16,,,,,0.0
2014-07-17,,,,,0.0
2014-07-18,,,,,0.0
2014-07-21,,,,,0.0
2014-07-22,,,,,0.0
2014-07-23,,,,,0.0
2014-07-24,,,,,0.0
2014-07-25,,,,,0.0
2014-07-28,,,,,0.0
2014-07-29,,,,,0.0
2014-07-30,,,,,0.0
2014-07-31,,,,,0.0
2014-08-01,,,,,0.0
2014-08-04,,,,,0.0
2014-08-05,,,,,0.0
2014-08-06,,,,,0.0
2014-08-07,,,,,0.0
2014-08-08,,,,,0.0
2014-08-11,,,,,0.0
2014-08-12,,,,,0.0
2014-08-13,,,,,0.0
2014-08-14,,,,,0.0
2014-08-15,,,,,0.0
2014-08-18,,,,,0.0
2014-08-19,,,,,0.0
2014-08-20,,,,,0.0
2014-08-21,,,,,0.0
2014-08-22,,,,,0.0
2014-08-25,,,,,0.0
2014-08-26,,,,,0.0
2014-08-27,,,,,0.0
2014-08-28,,,,,0.0
2014-08-29,,,,,0.0
2014-09-01,,,,,0.0
2014-09-02,,,,,0.0
2014-09-03,,,,,0.0
2014-09-04,,,,,0.0
2014-09-05,,,,,0.0
2014-09-08,,,,,0.0
2014-09-09,,,,,0.0
2014-09-10,,,,,0.0
2014-09-11,,,,,0.0
2014-09-12,,,,,0.0
2014-09-15,,,,,0.0
2014-09-16,,,,,0.0
2014-09-17,,,,,0.0
2014-09-18,,,,,0.0
2014-09-19,,,,,0.0
2014-09-22,,,,,0.0
2014-09-23,,,,,0.0
2014-09-24,,,,,0.0
2014-09-25,,,,,0.0
2014-09-26,,,,,0.0
2014-09-29,,,,,0.0
2014-09-30,,,,,0.0
2014-10-01,,,,,0.0
2014-10-02,,,,,0.0
2014-10-03,,,,,0.0
2014-10-06,,,,,0.0
2014-10-07,,,,,0.0
2014-10-08,,,,,0.0
2014-10-09,,,,,0.0
2014-10-10,,,,,0.0
2014-10-13,,,,,0.0
2014-10-14,,,,,0.0
2014-10-15,,,,,0.0
2014-10-16,,,,,0.0
2014-10-17,,,,,0.0
2014-10-20,,,,,0.0
2014-10-21,,,,,0.0
2014-10-22,,,,,0.0
2014-10-23,,,,,0.0
2014-10-24,,,,,0.0
2014-10-27,,,,,0.0
2014-10-28,,,,,0.0
2014-10-29,,,,,0.0
2014-10-30,,,,,0.0
2014-10-31,,,,,0.0
2014-11-03,,,,,0.0
2014-11-04,,,,,0.0
2014-11-05,,,,,0.0
2014-11-06,,,,,0.0
2014-11-07,,,,,0.0
2014-11-10,,,,,0.0
2014-11-11,,,,,0.0
2014-11-12,,,,,0.0
2014-11-13,,,,,0.0
2014-11-14,,,,,0.0
2014-11-17,,,,,0.0
2014-11-18,,,,,0.0
2014-11-19,,,,,0.0
2014-11-20,,,,,0.0
2014-11-21,,,,,0.0
2014-11-24,,,,,0.0
2014-11-25,,,,,0.0
2014-11-26,,,,,0.0
2014-11-27,,,,,0.0
2014-11-28,,,,,0.0
2014-12-01,,,,,0.0
2014-12-02,,,,,0.0
2014-12-03,,,,,0.0
2014-12-04,,,,,0.0
2014-12-05,,,,,0.0
2014-12-08,,,,,0.0
2014-12-09,,,,,0.0
2014-12-10,,,,,0.0
2014-12-11,,,,,0.0
2014-12-12,,,,,0.0
2014-12-15,,,,,0.0
2014-12-16,,,,,0.0
2014-12-17,,,,,0.0
2014-12-18,,,,,0.0
2014-12-19,,,,,0.0
2014-12-22,,,,,0.0
2014-12-23,,,,,0.0
2014-12-24,,,,,0.0
2014-12-25,,,,,0.0
2014-12-26,,,,,0.0
2014-12-29,,,,,0.0
2014-12-30,,,,,0.0
2014-12-31,,,,,0.0
