Date,High,Low,Open,Close,Volume,Adj Close
2014-01-02,119.0,119.0,119.0,119.0,0.0,99.64398193359375
2014-01-03,119.0,119.0,119.0,119.0,0.0,99.64398193359375
2014-01-06,119.0,119.0,119.0,119.0,0.0,99.64398193359375
2014-01-07,119.0,119.0,119.0,119.0,0.0,99.64398193359375
2014-01-08,119.0,119.0,119.0,119.0,0.0,99.64398193359375
2014-01-09,119.0,119.0,119.0,119.0,0.0,99.64398193359375
2014-01-10,119.0,119.0,119.0,119.0,0.0,99.64398193359375
2014-01-13,119.0,119.0,119.0,119.0,0.0,99.64398193359375
2014-01-14,119.0,119.0,119.0,119.0,0.0,99.64398193359375
2014-01-15,119.0,119.0,119.0,119.0,0.0,99.64398193359375
2014-01-16,119.0,119.0,119.0,119.0,0.0,99.64398193359375
2014-01-17,119.0,119.0,119.0,119.0,0.0,99.64398193359375
2014-01-20,119.0,119.0,119.0,119.0,0.0,99.64398193359375
2014-01-21,119.0,119.0,119.0,119.0,0.0,99.64398193359375
2014-01-22,119.0,119.0,119.0,119.0,0.0,99.64398193359375
2014-01-23,119.0,119.0,119.0,119.0,0.0,99.64398193359375
2014-01-24,119.0,119.0,119.0,119.0,0.0,99.64398193359375
2014-01-27,110.0,110.0,110.0,110.0,100.0,92.1078872680664
2014-01-28,110.0,110.0,110.0,110.0,0.0,92.1078872680664
2014-01-29,110.0,110.0,110.0,110.0,0.0,92.1078872680664
2014-01-30,110.0,110.0,110.0,110.0,0.0,92.1078872680664
2014-01-31,110.0,110.0,110.0,110.0,0.0,92.1078872680664
2014-02-03,110.0,110.0,110.0,110.0,0.0,92.1078872680664
2014-02-04,114.5,114.5,114.5,114.5,100.0,95.87592315673828
2014-02-05,114.5,114.5,114.5,114.5,0.0,95.87592315673828
2014-02-06,137.5,130.0,137.5,130.0,400.0,108.85477447509766
2014-02-07,130.0,130.0,130.0,130.0,0.0,108.85477447509766
2014-02-10,130.0,130.0,130.0,130.0,0.0,108.85477447509766
2014-02-11,115.0,113.0,115.0,113.0,200.0,94.61991882324219
2014-02-12,113.0,113.0,113.0,113.0,0.0,94.61991882324219
2014-02-13,115.0,114.0,115.0,114.0,200.0,95.45726013183594
2014-02-17,114.0,114.0,114.0,114.0,0.0,95.45726013183594
2014-02-18,114.0,114.0,114.0,114.0,0.0,95.45726013183594
2014-02-19,114.0,114.0,114.0,114.0,0.0,95.45726013183594
2014-02-20,114.0,114.0,114.0,114.0,0.0,95.45726013183594
2014-02-21,116.0,116.0,116.0,116.0,100.0,97.13194274902344
2014-02-24,116.0,116.0,116.0,116.0,0.0,97.13194274902344
2014-02-25,116.0,116.0,116.0,116.0,0.0,97.13194274902344
2014-02-26,122.0,122.0,122.0,122.0,100.0,102.15601348876953
2014-02-27,118.0,118.0,118.0,118.0,100.0,98.80664825439453
2014-02-28,125.0,120.0,122.0,120.0,900.0,100.4813232421875
2014-03-03,120.0,120.0,120.0,120.0,0.0,100.4813232421875
2014-03-04,120.0,120.0,120.0,120.0,300.0,100.4813232421875
2014-03-05,120.0,120.0,120.0,120.0,0.0,100.4813232421875
2014-03-06,120.0,120.0,120.0,120.0,0.0,100.4813232421875
2014-03-07,118.0,118.0,118.0,118.0,100.0,98.80664825439453
2014-03-10,118.0,118.0,118.0,118.0,100.0,98.80664825439453
2014-03-11,118.0,118.0,118.0,118.0,0.0,98.80664825439453
2014-03-12,118.0,118.0,118.0,118.0,0.0,98.80664825439453
2014-03-13,118.0,118.0,118.0,118.0,0.0,98.80664825439453
2014-03-14,118.0,118.0,118.0,118.0,0.0,98.80664825439453
2014-03-17,118.0,118.0,118.0,118.0,0.0,98.80664825439453
2014-03-18,118.0,118.0,118.0,118.0,0.0,98.80664825439453
2014-03-19,118.0,118.0,118.0,118.0,0.0,98.80664825439453
2014-03-20,118.0,118.0,118.0,118.0,0.0,98.80664825439453
2014-03-21,118.0,118.0,118.0,118.0,0.0,98.80664825439453
2014-03-24,118.0,118.0,118.0,118.0,0.0,98.80664825439453
2014-03-25,118.0,118.0,118.0,118.0,0.0,98.80664825439453
2014-03-26,118.0,118.0,118.0,118.0,0.0,98.80664825439453
2014-03-27,118.0,118.0,118.0,118.0,0.0,98.80664825439453
2014-03-28,118.0,118.0,118.0,118.0,0.0,98.80664825439453
2014-03-31,118.0,118.0,118.0,118.0,0.0,98.80664825439453
2014-04-01,118.0,118.0,118.0,118.0,0.0,98.80664825439453
2014-04-02,118.0,118.0,118.0,118.0,0.0,98.80664825439453
2014-04-03,118.0,118.0,118.0,118.0,0.0,98.80664825439453
2014-04-04,123.0,122.0,123.0,122.0,200.0,102.15601348876953
2014-04-08,122.0,122.0,122.0,122.0,0.0,102.15601348876953
2014-04-09,122.0,122.0,122.0,122.0,0.0,102.15601348876953
2014-04-10,122.0,122.0,122.0,122.0,0.0,102.15601348876953
2014-04-11,122.0,122.0,122.0,122.0,0.0,102.15601348876953
2014-04-16,122.5,122.5,122.5,122.5,1400.0,102.57469177246094
2014-04-17,122.5,122.5,122.5,122.5,0.0,102.57469177246094
2014-04-18,123.0,123.0,123.0,123.0,800.0,102.99336242675781
2014-04-21,123.0,123.0,123.0,123.0,100.0,102.99336242675781
2014-04-22,123.0,123.0,123.0,123.0,0.0,102.99336242675781
2014-04-23,123.0,123.0,123.0,123.0,0.0,102.99336242675781
2014-04-24,123.0,123.0,123.0,123.0,0.0,102.99336242675781
2014-04-25,123.0,123.0,123.0,123.0,500.0,102.99336242675781
2014-04-28,121.0,121.0,121.0,121.0,100.0,101.31867218017578
2014-04-29,121.0,121.0,121.0,121.0,0.0,101.31867218017578
2014-04-30,115.0,115.0,115.0,115.0,300.0,100.10006713867188
2014-05-02,115.0,115.0,115.0,115.0,100.0,100.10006713867188
2014-05-06,118.0,118.0,118.0,118.0,100.0,102.71138000488281
2014-05-07,118.0,118.0,118.0,118.0,100.0,102.71138000488281
2014-05-08,118.0,118.0,118.0,118.0,0.0,102.71138000488281
2014-05-09,118.0,118.0,118.0,118.0,0.0,102.71138000488281
2014-05-12,118.0,118.0,118.0,118.0,0.0,102.71138000488281
2014-05-14,121.0,120.0,120.0,120.0,400.0,104.45223999023438
2014-05-15,122.0,121.0,121.0,122.0,1300.0,106.19310760498047
2014-05-16,123.5,123.5,123.5,123.5,600.0,107.49876403808594
2014-05-19,123.5,123.5,123.5,123.5,0.0,107.49876403808594
2014-05-20,123.5,123.5,123.5,123.5,0.0,107.49876403808594
2014-05-21,123.5,123.5,123.5,123.5,0.0,107.49876403808594
2014-05-22,123.0,123.0,123.0,123.0,300.0,107.06355285644531
2014-05-23,123.0,123.0,123.0,123.0,100.0,107.06355285644531
2014-05-26,123.0,123.0,123.0,123.0,0.0,107.06355285644531
2014-05-27,123.0,123.0,123.0,123.0,0.0,107.06355285644531
2014-05-28,123.0,123.0,123.0,123.0,0.0,107.06355285644531
2014-05-29,123.0,123.0,123.0,123.0,500.0,107.06355285644531
2014-05-30,123.0,123.0,123.0,123.0,0.0,107.06355285644531
2014-06-02,130.0,130.0,130.0,130.0,100.0,113.1565933227539
2014-06-03,130.0,130.0,130.0,130.0,0.0,113.1565933227539
2014-06-04,130.0,130.0,130.0,130.0,0.0,113.1565933227539
2014-06-05,130.0,130.0,130.0,130.0,0.0,113.1565933227539
2014-06-06,130.0,130.0,130.0,130.0,0.0,113.1565933227539
2014-06-09,130.0,130.0,130.0,130.0,0.0,113.1565933227539
2014-06-10,130.0,130.0,130.0,130.0,0.0,113.1565933227539
2014-06-11,130.0,130.0,130.0,130.0,0.0,113.1565933227539
2014-06-12,130.0,130.0,130.0,130.0,0.0,113.1565933227539
2014-06-13,130.0,130.0,130.0,130.0,0.0,113.1565933227539
2014-06-16,130.0,130.0,130.0,130.0,0.0,113.1565933227539
2014-06-17,130.0,130.0,130.0,130.0,0.0,113.1565933227539
2014-06-18,130.0,130.0,130.0,130.0,0.0,113.1565933227539
2014-06-19,130.0,130.0,130.0,130.0,0.0,113.1565933227539
2014-06-20,130.0,130.0,130.0,130.0,0.0,113.1565933227539
2014-06-23,130.0,130.0,130.0,130.0,0.0,113.1565933227539
2014-06-24,130.0,130.0,130.0,130.0,0.0,113.1565933227539
2014-06-25,130.0,130.0,130.0,130.0,0.0,113.1565933227539
2014-06-26,116.5,116.5,116.5,116.5,100.0,101.40572357177734
2014-06-27,116.5,116.5,116.5,116.5,0.0,101.40572357177734
2014-06-30,125.0,117.0,125.0,117.0,900.0,101.84093475341797
2014-07-02,117.0,116.0,117.0,116.0,200.0,100.97048950195312
2014-07-03,116.0,116.0,116.0,116.0,0.0,100.97048950195312
2014-07-04,118.0,118.0,118.0,118.0,200.0,102.71138000488281
2014-07-07,118.0,118.0,118.0,118.0,0.0,102.71138000488281
2014-07-08,118.0,118.0,118.0,118.0,0.0,102.71138000488281
2014-07-09,118.0,118.0,118.0,118.0,0.0,102.71138000488281
2014-07-10,118.0,118.0,118.0,118.0,0.0,102.71138000488281
2014-07-14,120.0,120.0,120.0,120.0,1200.0,104.45223999023438
2014-07-15,121.0,121.0,121.0,121.0,200.0,105.32267761230469
2014-07-16,120.0,119.0,119.0,120.0,500.0,104.45223999023438
2014-07-17,120.0,120.0,120.0,120.0,0.0,104.45223999023438
2014-07-18,120.0,120.0,120.0,120.0,0.0,104.45223999023438
2014-07-21,120.0,120.0,120.0,120.0,0.0,104.45223999023438
2014-07-22,120.0,120.0,120.0,120.0,0.0,104.45223999023438
2014-07-23,121.0,121.0,121.0,121.0,1200.0,105.32267761230469
2014-07-24,121.0,121.0,121.0,121.0,0.0,105.32267761230469
2014-07-25,121.0,121.0,121.0,121.0,0.0,105.32267761230469
2014-07-28,119.5,119.5,119.5,119.5,100.0,104.01702880859375
2014-07-29,125.0,125.0,125.0,125.0,100.0,108.80441284179688
2014-07-30,125.0,125.0,125.0,125.0,0.0,108.80441284179688
2014-07-31,124.0,124.0,124.0,124.0,100.0,107.9339828491211
2014-08-01,124.0,124.0,124.0,124.0,0.0,107.9339828491211
2014-08-04,124.0,124.0,124.0,124.0,0.0,107.9339828491211
2014-08-05,124.0,124.0,124.0,124.0,0.0,107.9339828491211
2014-08-06,124.0,124.0,124.0,124.0,0.0,107.9339828491211
2014-08-07,120.0,120.0,120.0,120.0,1500.0,104.45223999023438
2014-08-08,120.0,120.0,120.0,120.0,0.0,104.45223999023438
2014-08-13,120.0,120.0,120.0,120.0,0.0,104.45223999023438
2014-08-14,124.0,124.0,124.0,124.0,1400.0,107.9339828491211
2014-08-15,124.0,124.0,124.0,124.0,0.0,107.9339828491211
2014-08-18,127.0,124.0,127.0,127.0,2400.0,110.5452880859375
2014-08-19,127.0,127.0,127.0,127.0,0.0,110.5452880859375
2014-08-20,129.5,129.5,129.5,129.5,200.0,112.72137451171875
2014-08-21,125.0,125.0,125.0,125.0,200.0,108.80441284179688
2014-08-22,126.0,125.0,125.0,126.0,500.0,109.67485809326172
2014-08-25,125.0,124.5,125.0,124.5,1300.0,108.36920166015625
2014-08-26,124.5,124.5,124.5,124.5,0.0,108.36920166015625
2014-08-27,132.0,128.0,128.0,132.0,2000.0,114.89746856689453
2014-08-28,127.5,127.0,127.0,127.5,200.0,110.98050689697266
2014-08-29,128.0,128.0,128.0,128.0,100.0,111.41572570800781
2014-09-01,128.0,128.0,128.0,128.0,300.0,111.41572570800781
2014-09-02,128.0,128.0,128.0,128.0,100.0,111.41572570800781
2014-09-03,126.0,126.0,126.0,126.0,2000.0,109.67485809326172
2014-09-04,132.0,125.0,125.0,132.0,3500.0,114.89746856689453
2014-09-05,129.5,129.5,129.5,129.5,1200.0,112.72137451171875
2014-09-08,131.0,128.5,129.5,131.0,1700.0,114.02703094482422
2014-09-09,132.0,132.0,132.0,132.0,100.0,114.89746856689453
2014-09-10,130.0,128.0,130.0,128.0,700.0,111.41572570800781
2014-09-11,132.0,132.0,132.0,132.0,200.0,114.89746856689453
2014-09-12,131.0,128.5,128.5,131.0,800.0,114.02703094482422
2014-09-15,131.0,128.0,131.0,128.0,600.0,111.41572570800781
2014-09-16,128.0,128.0,128.0,128.0,0.0,111.41572570800781
2014-09-17,128.0,128.0,128.0,128.0,200.0,111.41572570800781
2014-09-18,128.0,128.0,128.0,128.0,0.0,111.41572570800781
2014-09-19,128.5,128.0,128.5,128.5,1000.0,111.85094451904297
2014-09-22,128.5,128.5,128.5,128.5,0.0,111.85094451904297
2014-09-23,128.5,128.0,128.5,128.5,3200.0,111.85094451904297
2014-09-24,129.0,129.0,129.0,129.0,1100.0,112.28616333007812
2014-09-25,131.5,130.5,130.5,131.0,400.0,114.02703094482422
2014-09-26,131.0,130.5,130.5,131.0,200.0,114.02703094482422
2014-09-29,131.0,131.0,131.0,131.0,0.0,114.02703094482422
2014-09-30,131.0,131.0,131.0,131.0,200.0,114.02703094482422
2014-10-01,128.0,128.0,128.0,128.0,200.0,111.41572570800781
2014-10-02,128.0,128.0,128.0,128.0,0.0,111.41572570800781
2014-10-03,132.0,127.0,127.0,132.0,1700.0,114.89746856689453
2014-10-06,132.0,132.0,132.0,132.0,0.0,114.89746856689453
2014-10-07,132.0,131.0,131.0,132.0,200.0,114.89746856689453
2014-10-08,132.0,132.0,132.0,132.0,0.0,114.89746856689453
2014-10-09,132.0,132.0,132.0,132.0,0.0,114.89746856689453
2014-10-10,133.0,133.0,133.0,133.0,700.0,115.76789855957031
2014-10-13,133.0,133.0,133.0,133.0,100.0,115.76789855957031
2014-10-14,133.0,133.0,133.0,133.0,200.0,115.76789855957031
2014-10-15,133.0,133.0,133.0,133.0,0.0,115.76789855957031
2014-10-16,133.0,133.0,133.0,133.0,0.0,115.76789855957031
2014-10-17,133.0,133.0,133.0,133.0,0.0,115.76789855957031
2014-10-20,133.0,133.0,133.0,133.0,0.0,115.76789855957031
2014-10-21,133.0,133.0,133.0,133.0,0.0,115.76789855957031
2014-10-22,134.0,134.0,134.0,134.0,100.0,116.63833618164062
2014-10-24,134.0,134.0,134.0,134.0,0.0,116.63833618164062
2014-10-27,132.0,129.5,132.0,129.5,400.0,112.72137451171875
2014-10-28,125.5,125.5,125.5,125.5,100.0,109.2396469116211
2014-10-29,125.5,125.5,125.5,125.5,0.0,109.2396469116211
2014-10-30,135.0,121.5,121.5,135.0,6200.0,117.50877380371094
2014-10-31,135.0,135.0,135.0,135.0,0.0,117.50877380371094
2014-11-03,136.0,131.5,131.5,136.0,400.0,118.37920379638672
2014-11-04,137.0,136.0,136.0,137.0,2000.0,119.2496337890625
2014-11-05,137.0,137.0,137.0,137.0,100.0,119.2496337890625
2014-11-06,137.0,137.0,137.0,137.0,100.0,119.2496337890625
2014-11-07,137.5,137.5,137.5,137.5,1000.0,119.68486022949219
2014-11-10,137.5,137.5,137.5,137.5,0.0,119.68486022949219
2014-11-11,137.5,137.5,137.5,137.5,0.0,119.68486022949219
2014-11-12,133.5,133.0,133.5,133.0,200.0,115.76789855957031
2014-11-13,133.0,133.0,133.0,133.0,0.0,115.76789855957031
2014-11-14,140.0,136.0,136.0,140.0,1100.0,121.86095428466797
2014-11-17,140.0,120.0,140.0,136.0,1000.0,118.37920379638672
2014-11-18,139.0,133.0,133.0,139.0,1100.0,120.99050903320312
2014-11-19,139.0,139.0,139.0,139.0,0.0,120.99050903320312
2014-11-20,140.0,138.0,138.0,140.0,300.0,121.86095428466797
2014-11-21,140.0,140.0,140.0,140.0,100.0,121.86095428466797
2014-11-24,139.5,139.0,139.5,139.0,200.0,120.99050903320312
2014-11-25,142.5,142.5,142.5,142.5,200.0,124.03703308105469
2014-11-26,142.5,142.5,142.5,142.5,0.0,124.03703308105469
2014-11-27,142.5,142.5,142.5,142.5,0.0,124.03703308105469
2014-11-28,142.5,142.5,142.5,142.5,0.0,124.03703308105469
2014-12-01,142.5,142.5,142.5,142.5,0.0,124.03703308105469
2014-12-02,142.5,142.5,142.5,142.5,0.0,124.03703308105469
2014-12-03,142.5,142.5,142.5,142.5,0.0,124.03703308105469
2014-12-04,142.5,142.5,142.5,142.5,0.0,124.03703308105469
2014-12-08,142.5,142.5,142.5,142.5,0.0,124.03703308105469
2014-12-09,142.5,142.5,142.5,142.5,0.0,124.03703308105469
2014-12-11,146.0,145.0,145.5,145.0,2000.0,126.21311950683594
2014-12-12,145.0,144.5,144.5,145.0,3400.0,126.21311950683594
2014-12-15,142.0,140.0,142.0,140.0,800.0,121.86095428466797
2014-12-16,140.0,140.0,140.0,140.0,0.0,121.86095428466797
2014-12-17,145.0,143.0,143.0,145.0,400.0,126.21311950683594
2014-12-18,145.0,145.0,145.0,145.0,0.0,126.21311950683594
2014-12-19,145.0,145.0,145.0,145.0,200.0,126.21311950683594
2014-12-22,145.0,145.0,145.0,145.0,0.0,126.21311950683594
2014-12-23,140.0,140.0,140.0,140.0,100.0,121.86095428466797
2014-12-24,141.0,137.0,137.0,141.0,200.0,122.73138427734375
2014-12-25,141.0,141.0,141.0,141.0,0.0,122.73138427734375
2014-12-26,145.5,138.5,138.5,145.5,200.0,126.64833068847656
2014-12-29,145.5,145.5,145.5,145.5,0.0,126.64833068847656
2014-12-30,145.5,145.5,145.5,145.5,0.0,126.64833068847656
2015-01-05,145.5,145.5,145.5,145.5,0.0,126.64833068847656
2015-01-06,145.5,145.5,145.5,145.5,0.0,126.64833068847656
2015-01-07,145.5,145.5,145.5,145.5,0.0,126.64833068847656
2015-01-08,145.5,145.5,145.5,145.5,0.0,126.64833068847656
2015-01-09,145.5,145.5,145.5,145.5,0.0,126.64833068847656
2015-01-12,143.5,143.5,143.5,143.5,100.0,124.9074935913086
2015-01-13,143.5,143.5,143.5,143.5,0.0,124.9074935913086
2015-01-14,143.5,143.5,143.5,143.5,0.0,124.9074935913086
2015-01-15,143.5,143.5,143.5,143.5,0.0,124.9074935913086
2015-01-16,143.5,143.5,143.5,143.5,0.0,124.9074935913086
2015-01-19,143.5,143.5,143.5,143.5,0.0,124.9074935913086
2015-01-20,143.5,143.5,143.5,143.5,0.0,124.9074935913086
2015-01-21,143.5,143.5,143.5,143.5,0.0,124.9074935913086
2015-01-22,143.5,143.5,143.5,143.5,0.0,124.9074935913086
2015-01-23,143.5,143.5,143.5,143.5,0.0,124.9074935913086
2015-01-26,143.5,143.5,143.5,143.5,0.0,124.9074935913086
2015-01-27,139.0,139.0,139.0,139.0,100.0,120.99050903320312
2015-01-28,139.0,139.0,139.0,139.0,0.0,120.99050903320312
2015-01-29,139.0,139.0,139.0,139.0,0.0,120.99050903320312
2015-01-30,139.0,139.0,139.0,139.0,0.0,120.99050903320312
2015-02-02,142.0,142.0,142.0,142.0,200.0,123.60179901123047
2015-02-03,142.0,142.0,142.0,142.0,0.0,123.60179901123047
2015-02-04,142.0,142.0,142.0,142.0,0.0,123.60179901123047
2015-02-05,142.0,142.0,142.0,142.0,0.0,123.60179901123047
2015-02-06,142.0,142.0,142.0,142.0,0.0,123.60179901123047
2015-02-09,142.0,142.0,142.0,142.0,0.0,123.60179901123047
2015-02-10,142.0,142.0,142.0,142.0,0.0,123.60179901123047
2015-02-11,143.0,142.5,142.5,143.0,1400.0,124.4722671508789
2015-02-12,143.0,143.0,143.0,143.0,0.0,124.4722671508789
2015-02-13,143.0,143.0,143.0,143.0,0.0,124.4722671508789
2015-02-16,142.0,142.0,142.0,142.0,500.0,123.60179901123047
2015-02-17,146.5,146.5,146.5,146.5,200.0,127.51878356933594
2015-02-18,146.5,146.5,146.5,146.5,0.0,127.51878356933594
2015-02-19,146.5,146.5,146.5,146.5,0.0,127.51878356933594
2015-02-20,142.0,140.0,142.0,140.0,200.0,121.86095428466797
2015-02-23,140.0,140.0,140.0,140.0,0.0,121.86095428466797
2015-02-24,141.0,139.5,139.5,141.0,1100.0,122.73138427734375
2015-02-25,141.0,141.0,141.0,141.0,0.0,122.73138427734375
2015-02-26,141.0,141.0,141.0,141.0,0.0,122.73138427734375
2015-02-27,142.0,142.0,142.0,142.0,800.0,123.60179901123047
2015-03-02,151.0,142.0,151.0,142.0,400.0,123.60179901123047
2015-03-03,149.0,145.0,145.0,149.0,400.0,129.6948699951172
2015-03-05,149.0,149.0,149.0,149.0,100.0,129.6948699951172
2015-03-06,149.0,149.0,149.0,149.0,0.0,129.6948699951172
2015-03-09,151.0,151.0,151.0,151.0,100.0,131.43572998046875
2015-03-10,150.5,150.5,150.5,150.5,100.0,131.00051879882812
2015-03-11,150.5,150.5,150.5,150.5,0.0,131.00051879882812
2015-03-12,150.0,150.0,150.0,150.0,100.0,130.56529235839844
2015-03-13,150.0,150.0,150.0,150.0,0.0,130.56529235839844
2015-03-16,150.0,150.0,150.0,150.0,0.0,130.56529235839844
2015-03-17,150.0,150.0,150.0,150.0,100.0,130.56529235839844
2015-03-18,150.0,150.0,150.0,150.0,100.0,130.56529235839844
2015-03-19,150.0,150.0,150.0,150.0,0.0,130.56529235839844
2015-03-20,150.0,150.0,150.0,150.0,0.0,130.56529235839844
2015-03-23,150.0,135.0,141.5,150.0,600.0,130.56529235839844
2015-03-24,149.0,149.0,149.0,149.0,200.0,129.6948699951172
2015-03-25,150.0,150.0,150.0,150.0,100.0,130.56529235839844
2015-03-26,151.0,151.0,151.0,151.0,100.0,131.43572998046875
2015-03-27,151.0,151.0,151.0,151.0,1000.0,131.43572998046875
2015-03-30,151.0,150.0,150.0,151.0,1000.0,131.43572998046875
2015-03-31,151.0,150.0,151.0,150.0,600.0,130.56529235839844
2015-04-01,150.0,150.0,150.0,150.0,900.0,130.56529235839844
2015-04-02,150.0,150.0,150.0,150.0,0.0,130.56529235839844
2015-04-03,150.0,150.0,150.0,150.0,0.0,130.56529235839844
2015-04-07,150.0,150.0,150.0,150.0,0.0,130.56529235839844
2015-04-08,150.0,150.0,150.0,150.0,0.0,130.56529235839844
2015-04-09,150.0,150.0,150.0,150.0,0.0,130.56529235839844
2015-04-10,148.0,148.0,148.0,148.0,4000.0,128.82443237304688
2015-04-16,148.0,148.0,148.0,148.0,0.0,128.82443237304688
2015-04-17,148.0,148.0,148.0,148.0,0.0,128.82443237304688
2015-04-20,148.0,148.0,148.0,148.0,0.0,128.82443237304688
2015-04-21,149.0,149.0,149.0,149.0,1100.0,129.6948699951172
2015-04-22,148.5,148.5,148.5,148.5,1300.0,129.25962829589844
2015-04-23,148.5,148.5,148.5,148.5,0.0,129.25962829589844
2015-04-24,148.5,148.5,148.5,148.5,0.0,133.39163208007812
2015-04-27,148.5,148.5,148.5,148.5,0.0,133.39163208007812
2015-04-28,145.0,145.0,145.0,145.0,500.0,130.24774169921875
2015-04-29,145.0,145.0,145.0,145.0,0.0,130.24774169921875
2015-04-30,145.0,145.0,145.0,145.0,0.0,130.24774169921875
2015-05-04,145.0,145.0,145.0,145.0,0.0,130.24774169921875
2015-05-06,145.0,145.0,145.0,145.0,3700.0,130.24774169921875
2015-05-07,145.0,145.0,145.0,145.0,0.0,130.24774169921875
2015-05-08,145.0,145.0,145.0,145.0,0.0,130.24774169921875
2015-05-11,145.0,145.0,145.0,145.0,0.0,130.24774169921875
2015-05-12,145.0,145.0,145.0,145.0,0.0,130.24774169921875
2015-05-13,140.0,140.0,140.0,140.0,800.0,125.7564468383789
2015-05-14,151.0,150.0,151.0,150.0,500.0,134.73902893066406
2015-05-15,150.0,150.0,150.0,150.0,0.0,134.73902893066406
2015-05-18,150.0,150.0,150.0,150.0,0.0,134.73902893066406
2015-05-19,150.0,150.0,150.0,150.0,0.0,134.73902893066406
2015-05-20,150.0,150.0,150.0,150.0,300.0,134.73902893066406
2015-05-21,150.0,150.0,150.0,150.0,0.0,134.73902893066406
2015-05-22,150.0,150.0,150.0,150.0,0.0,134.73902893066406
2015-05-25,149.0,149.0,149.0,149.0,100.0,133.8407745361328
2015-05-26,150.0,147.0,150.0,147.0,1700.0,132.0442352294922
2015-05-27,147.0,146.0,147.0,146.0,3500.0,131.14599609375
2015-05-28,148.0,146.0,148.0,147.0,3300.0,132.0442352294922
2015-05-29,146.0,146.0,146.0,146.0,100.0,131.14599609375
2015-06-02,148.0,147.0,147.0,148.0,700.0,132.94253540039062
2015-06-03,148.0,148.0,148.0,148.0,0.0,132.94253540039062
2015-06-04,148.0,148.0,148.0,148.0,400.0,132.94253540039062
2015-06-05,148.0,148.0,148.0,148.0,0.0,132.94253540039062
2015-06-08,148.0,148.0,148.0,148.0,0.0,132.94253540039062
2015-06-09,148.0,148.0,148.0,148.0,500.0,132.94253540039062
2015-06-10,148.0,148.0,148.0,148.0,400.0,132.94253540039062
2015-06-11,148.0,145.0,148.0,145.0,600.0,130.24774169921875
2015-06-12,148.5,147.0,147.0,148.5,800.0,133.39163208007812
2015-06-15,148.5,148.5,148.5,148.5,0.0,133.39163208007812
2015-06-16,148.5,148.5,148.5,148.5,0.0,133.39163208007812
2015-06-17,148.5,148.5,148.5,148.5,0.0,133.39163208007812
2015-06-18,148.5,148.5,148.5,148.5,0.0,133.39163208007812
2015-06-19,146.0,146.0,146.0,146.0,500.0,131.14599609375
2015-06-22,147.0,147.0,147.0,147.0,300.0,132.0442352294922
2015-06-23,147.5,144.0,147.0,144.0,600.0,129.3494873046875
2015-06-24,144.0,144.0,144.0,144.0,0.0,129.3494873046875
2015-06-25,146.5,146.5,146.5,146.5,100.0,131.59512329101562
2015-06-26,146.5,146.0,146.5,146.0,2400.0,131.14599609375
2015-06-29,146.0,146.0,146.0,146.0,0.0,131.14599609375
2015-06-30,146.0,146.0,146.0,146.0,0.0,131.14599609375
2015-07-02,146.5,146.5,146.5,146.5,500.0,131.59512329101562
2015-07-03,147.0,147.0,147.0,147.0,300.0,132.0442352294922
2015-07-06,145.0,145.0,145.0,145.0,600.0,130.24774169921875
2015-07-07,145.0,145.0,145.0,145.0,300.0,130.24774169921875
2015-07-08,145.0,145.0,145.0,145.0,0.0,130.24774169921875
2015-07-09,145.0,145.0,145.0,145.0,0.0,130.24774169921875
2015-07-10,145.0,145.0,145.0,145.0,0.0,130.24774169921875
2015-07-13,145.0,145.0,145.0,145.0,0.0,130.24774169921875
2015-07-14,145.0,145.0,145.0,145.0,0.0,130.24774169921875
2015-07-15,145.0,145.0,145.0,145.0,0.0,130.24774169921875
2015-07-16,145.0,145.0,145.0,145.0,0.0,130.24774169921875
2015-07-17,146.0,146.0,146.0,146.0,300.0,131.14599609375
2015-07-20,145.0,145.0,145.0,145.0,400.0,130.24774169921875
2015-07-21,145.0,145.0,145.0,145.0,0.0,130.24774169921875
2015-07-22,145.0,145.0,145.0,145.0,0.0,130.24774169921875
2015-07-23,145.0,145.0,145.0,145.0,0.0,130.24774169921875
2015-07-24,140.0,140.0,140.0,140.0,100.0,125.7564468383789
2015-07-27,140.0,140.0,140.0,140.0,0.0,125.7564468383789
2015-07-28,140.0,140.0,140.0,140.0,100.0,125.7564468383789
2015-07-29,143.0,143.0,143.0,143.0,100.0,128.45120239257812
2015-07-31,143.0,143.0,143.0,143.0,0.0,128.45120239257812
2015-08-03,143.0,143.0,143.0,143.0,0.0,128.45120239257812
2015-08-04,143.0,143.0,143.0,143.0,0.0,128.45120239257812
2015-08-05,145.0,144.0,144.0,144.0,1000.0,129.3494873046875
2015-08-06,144.0,144.0,144.0,144.0,0.0,129.3494873046875
2015-08-07,144.0,144.0,144.0,144.0,0.0,129.3494873046875
2015-08-10,144.0,144.0,144.0,144.0,0.0,129.3494873046875
2015-08-11,144.0,144.0,144.0,144.0,0.0,129.3494873046875
2015-08-13,144.0,144.0,144.0,144.0,200.0,129.3494873046875
2015-08-14,144.0,144.0,144.0,144.0,0.0,129.3494873046875
2015-08-17,144.0,144.0,144.0,144.0,0.0,129.3494873046875
2015-08-18,143.0,142.0,143.0,142.0,300.0,127.55294799804688
2015-08-19,142.0,142.0,142.0,142.0,0.0,127.55294799804688
2015-08-20,142.0,142.0,142.0,142.0,0.0,127.55294799804688
2015-08-21,142.0,142.0,142.0,142.0,0.0,127.55294799804688
2015-08-24,142.0,142.0,142.0,142.0,0.0,127.55294799804688
2015-08-25,138.5,138.5,138.5,138.5,100.0,124.40904235839844
2015-08-26,138.5,138.5,138.5,138.5,0.0,124.40904235839844
2015-08-27,140.0,138.0,138.0,139.0,2400.0,124.85816192626953
2015-08-28,139.0,139.0,139.0,139.0,0.0,124.85816192626953
2015-08-31,139.0,139.0,139.0,139.0,0.0,124.85816192626953
2015-09-01,140.0,140.0,140.0,140.0,800.0,125.7564468383789
2015-09-02,142.5,142.5,142.5,142.5,100.0,128.0020751953125
2015-09-03,142.5,142.5,142.5,142.5,0.0,128.0020751953125
2015-09-04,142.5,142.5,142.5,142.5,0.0,128.0020751953125
2015-09-07,142.5,142.5,142.5,142.5,0.0,128.0020751953125
2015-09-08,143.0,140.0,143.0,140.0,600.0,125.7564468383789
2015-09-09,140.0,140.0,140.0,140.0,0.0,125.7564468383789
2015-09-10,140.0,140.0,140.0,140.0,0.0,125.7564468383789
2015-09-11,141.5,140.5,140.5,141.5,2100.0,127.10382080078125
2015-09-14,141.0,140.0,141.0,140.0,600.0,125.7564468383789
2015-09-15,140.0,140.0,140.0,140.0,0.0,125.7564468383789
2015-09-16,140.5,140.5,140.5,140.5,500.0,126.20555114746094
2015-09-17,140.5,140.5,140.5,140.5,0.0,126.20555114746094
2015-09-18,141.0,141.0,141.0,141.0,100.0,126.65469360351562
2015-09-21,141.0,141.0,141.0,141.0,0.0,126.65469360351562
2015-09-22,141.0,141.0,141.0,141.0,0.0,126.65469360351562
2015-09-23,141.0,141.0,141.0,141.0,0.0,126.65469360351562
2015-09-24,141.0,141.0,141.0,141.0,0.0,126.65469360351562
2015-09-25,141.0,141.0,141.0,141.0,0.0,126.65469360351562
2015-09-28,141.0,141.0,141.0,141.0,0.0,126.65469360351562
2015-09-29,141.0,141.0,141.0,141.0,0.0,126.65469360351562
2015-09-30,141.0,141.0,141.0,141.0,0.0,126.65469360351562
2015-10-01,141.0,141.0,141.0,141.0,300.0,126.65469360351562
2015-10-02,141.0,141.0,141.0,141.0,0.0,126.65469360351562
2015-10-05,141.0,141.0,141.0,141.0,0.0,126.65469360351562
2015-10-06,141.0,141.0,141.0,141.0,0.0,126.65469360351562
2015-10-07,150.5,150.5,150.5,150.5,100.0,135.1881561279297
2015-10-08,150.5,150.5,150.5,150.5,0.0,135.1881561279297
2015-10-09,145.0,145.0,145.0,145.0,100.0,130.24774169921875
2015-10-12,145.0,145.0,145.0,145.0,0.0,130.24774169921875
2015-10-13,145.0,145.0,145.0,145.0,100.0,130.24774169921875
2015-10-14,142.0,142.0,142.0,142.0,100.0,127.55294799804688
2015-10-15,142.0,142.0,142.0,142.0,0.0,127.55294799804688
2015-10-16,142.0,142.0,142.0,142.0,0.0,127.55294799804688
2015-10-19,142.0,142.0,142.0,142.0,0.0,127.55294799804688
2015-10-20,142.0,142.0,142.0,142.0,0.0,127.55294799804688
2015-10-21,142.0,142.0,142.0,142.0,0.0,127.55294799804688
2015-10-22,141.5,140.0,140.0,141.5,400.0,127.10382080078125
2015-10-26,140.0,140.0,140.0,140.0,100.0,125.7564468383789
2015-10-27,140.5,140.5,140.5,140.5,500.0,126.20555114746094
2015-10-28,140.5,140.5,140.5,140.5,0.0,126.20555114746094
2015-10-29,140.5,140.5,140.5,140.5,500.0,126.20555114746094
2015-10-30,140.5,140.5,140.5,140.5,300.0,126.20555114746094
2015-11-02,140.5,140.5,140.5,140.5,0.0,126.20555114746094
2015-11-03,144.0,141.0,141.0,144.0,2300.0,129.3494873046875
2015-11-04,144.0,141.0,144.0,141.0,300.0,126.65469360351562
2015-11-05,141.0,140.0,141.0,140.0,800.0,125.7564468383789
2015-11-06,140.0,140.0,140.0,140.0,500.0,125.7564468383789
2015-11-09,140.5,140.0,140.0,140.5,1100.0,126.20555114746094
2015-11-10,140.5,140.5,140.5,140.5,2000.0,126.20555114746094
2015-11-11,140.5,140.5,140.5,140.5,1000.0,126.20555114746094
2015-11-12,140.5,140.5,140.5,140.5,0.0,126.20555114746094
2015-11-13,140.5,140.5,140.5,140.5,900.0,126.20555114746094
2015-11-16,140.5,140.5,140.5,140.5,2600.0,126.20555114746094
2015-11-17,141.0,140.5,140.5,141.0,2400.0,126.65469360351562
2015-11-18,141.0,140.5,141.0,141.0,5700.0,126.65469360351562
2015-11-19,141.0,141.0,141.0,141.0,1000.0,126.65469360351562
2015-11-20,141.0,141.0,141.0,141.0,0.0,126.65469360351562
2015-11-23,141.0,141.0,141.0,141.0,0.0,126.65469360351562
2015-11-24,141.0,141.0,141.0,141.0,0.0,126.65469360351562
2015-11-25,141.0,141.0,141.0,141.0,0.0,126.65469360351562
2015-11-26,141.0,141.0,141.0,141.0,0.0,126.65469360351562
2015-11-27,141.0,141.0,141.0,141.0,0.0,126.65469360351562
2015-11-30,141.0,141.0,141.0,141.0,0.0,126.65469360351562
2015-12-01,141.0,141.0,141.0,141.0,0.0,126.65469360351562
2015-12-02,141.0,141.0,141.0,141.0,0.0,126.65469360351562
2015-12-03,141.0,141.0,141.0,141.0,0.0,126.65469360351562
2015-12-04,141.0,141.0,141.0,141.0,0.0,126.65469360351562
2015-12-08,141.0,141.0,141.0,141.0,0.0,126.65469360351562
2015-12-09,141.0,141.0,141.0,141.0,0.0,126.65469360351562
2015-12-11,141.0,141.0,141.0,141.0,100.0,126.65469360351562
2015-12-14,141.0,141.0,141.0,141.0,0.0,126.65469360351562
2015-12-15,141.0,141.0,141.0,141.0,0.0,126.65469360351562
2015-12-16,141.0,141.0,141.0,141.0,0.0,126.65469360351562
2015-12-17,141.0,141.0,141.0,141.0,0.0,126.65469360351562
2015-12-18,141.0,141.0,141.0,141.0,0.0,126.65469360351562
2015-12-21,141.0,141.0,141.0,141.0,0.0,126.65469360351562
2015-12-22,141.0,141.0,141.0,141.0,0.0,126.65469360351562
2015-12-23,141.0,141.0,141.0,141.0,0.0,126.65469360351562
2015-12-24,141.0,141.0,141.0,141.0,0.0,126.65469360351562
2015-12-25,140.0,139.5,140.0,139.5,300.0,125.30730438232422
2015-12-28,149.5,149.5,149.5,149.5,500.0,134.28990173339844
2015-12-29,149.5,149.5,149.5,149.5,0.0,134.28990173339844
2015-12-30,149.5,149.5,149.5,149.5,0.0,134.28990173339844
2016-01-04,149.5,149.5,149.5,149.5,0.0,134.28990173339844
2016-01-05,149.5,149.5,149.5,149.5,0.0,134.28990173339844
2016-01-06,149.5,149.5,149.5,149.5,0.0,134.28990173339844
2016-01-07,149.5,149.5,149.5,149.5,0.0,134.28990173339844
2016-01-08,149.5,149.5,149.5,149.5,0.0,134.28990173339844
2016-01-11,149.5,149.5,149.5,149.5,0.0,134.28990173339844
2016-01-12,149.5,149.5,149.5,149.5,0.0,134.28990173339844
2016-01-13,149.5,149.5,149.5,149.5,0.0,134.28990173339844
2016-01-14,149.5,149.5,149.5,149.5,0.0,134.28990173339844
2016-01-15,149.5,149.5,149.5,149.5,0.0,134.28990173339844
2016-01-18,149.5,149.5,149.5,149.5,0.0,134.28990173339844
2016-01-19,149.5,149.5,149.5,149.5,0.0,134.28990173339844
2016-01-20,149.5,149.5,149.5,149.5,0.0,134.28990173339844
2016-01-21,149.5,149.5,149.5,149.5,0.0,134.28990173339844
2016-01-22,149.5,149.5,149.5,149.5,0.0,134.28990173339844
2016-01-25,149.5,149.5,149.5,149.5,0.0,134.28990173339844
2016-01-26,149.5,149.5,149.5,149.5,0.0,134.28990173339844
2016-01-27,149.5,149.5,149.5,149.5,0.0,134.28990173339844
2016-01-28,149.5,149.5,149.5,149.5,0.0,134.28990173339844
2016-01-29,149.5,149.5,149.5,149.5,0.0,134.28990173339844
2016-02-01,149.5,149.5,149.5,149.5,0.0,134.28990173339844
2016-02-02,149.5,149.5,149.5,149.5,0.0,134.28990173339844
2016-02-03,149.5,149.5,149.5,149.5,0.0,134.28990173339844
2016-02-04,149.5,149.5,149.5,149.5,0.0,134.28990173339844
2016-02-05,149.5,149.5,149.5,149.5,0.0,134.28990173339844
2016-02-08,149.5,149.5,149.5,149.5,0.0,134.28990173339844
2016-02-09,149.5,149.5,149.5,149.5,0.0,134.28990173339844
2016-02-10,149.5,149.5,149.5,149.5,0.0,134.28990173339844
2016-02-11,149.5,149.5,149.5,149.5,0.0,134.28990173339844
2016-02-12,149.5,149.5,149.5,149.5,0.0,134.28990173339844
2016-02-15,189.0,189.0,189.0,189.0,100.0,169.7711639404297
2016-02-16,189.0,189.0,189.0,189.0,0.0,169.7711639404297
2016-02-17,189.0,189.0,189.0,189.0,0.0,169.7711639404297
2016-02-18,189.0,189.0,189.0,189.0,0.0,169.7711639404297
2016-02-19,189.0,189.0,189.0,189.0,0.0,169.7711639404297
2016-02-23,189.0,189.0,189.0,189.0,0.0,169.7711639404297
2016-02-24,189.0,189.0,189.0,189.0,0.0,169.7711639404297
2016-02-25,189.0,189.0,189.0,189.0,0.0,169.7711639404297
2016-02-26,189.0,189.0,189.0,189.0,0.0,169.7711639404297
2016-02-29,159.0,147.0,159.0,150.0,900.0,134.73902893066406
2016-03-01,150.0,150.0,150.0,150.0,0.0,134.73902893066406
2016-03-02,150.0,150.0,150.0,150.0,0.0,134.73902893066406
2016-03-03,150.0,150.0,150.0,150.0,0.0,134.73902893066406
2016-03-04,150.0,150.0,150.0,150.0,0.0,134.73902893066406
2016-03-07,150.0,150.0,150.0,150.0,0.0,134.73902893066406
2016-03-08,150.0,150.0,150.0,150.0,0.0,134.73902893066406
2016-03-09,150.0,150.0,150.0,150.0,0.0,134.73902893066406
2016-03-10,150.0,150.0,150.0,150.0,0.0,134.73902893066406
2016-03-11,150.0,150.0,150.0,150.0,100.0,134.73902893066406
2016-03-14,150.0,150.0,150.0,150.0,0.0,134.73902893066406
2016-03-15,150.0,150.0,150.0,150.0,0.0,134.73902893066406
2016-03-16,150.0,150.0,150.0,150.0,0.0,134.73902893066406
2016-03-17,150.0,145.0,145.0,150.0,1100.0,134.73902893066406
2016-03-18,149.5,149.5,149.5,149.5,200.0,134.28990173339844
2016-03-21,150.0,150.0,150.0,150.0,900.0,134.73902893066406
2016-03-22,150.0,150.0,150.0,150.0,0.0,134.73902893066406
2016-03-23,150.0,150.0,150.0,150.0,0.0,134.73902893066406
2016-03-24,150.0,150.0,150.0,150.0,0.0,134.73902893066406
2016-03-25,150.0,150.0,150.0,150.0,600.0,134.73902893066406
2016-03-28,150.0,150.0,150.0,150.0,0.0,134.73902893066406
2016-03-29,150.0,150.0,150.0,150.0,0.0,134.73902893066406
2016-03-30,150.0,150.0,150.0,150.0,0.0,134.73902893066406
2016-03-31,150.0,150.0,150.0,150.0,0.0,134.73902893066406
2016-04-01,150.0,150.0,150.0,150.0,0.0,134.73902893066406
2016-04-04,150.0,150.0,150.0,150.0,0.0,134.73902893066406
2016-04-05,150.0,150.0,150.0,150.0,0.0,134.73902893066406
2016-04-07,150.0,150.0,150.0,150.0,0.0,134.73902893066406
2016-04-08,150.0,119.0,119.0,150.0,1700.0,134.73902893066406
2016-04-11,150.0,150.0,150.0,150.0,0.0,134.73902893066406
2016-04-12,150.0,150.0,150.0,150.0,500.0,134.73902893066406
2016-04-18,150.0,150.0,150.0,150.0,1000.0,134.73902893066406
2016-04-19,150.0,150.0,150.0,150.0,0.0,134.73902893066406
2016-04-20,150.0,150.0,150.0,150.0,0.0,134.73902893066406
2016-04-21,150.0,150.0,150.0,150.0,100.0,134.73902893066406
2016-04-22,150.0,150.0,150.0,150.0,1000.0,134.73902893066406
2016-04-25,156.0,156.0,156.0,156.0,100.0,140.12860107421875
2016-04-26,150.0,150.0,150.0,150.0,600.0,134.73902893066406
2016-04-27,150.0,150.0,150.0,150.0,1000.0,134.73902893066406
2016-04-28,150.0,150.0,150.0,150.0,0.0,134.73902893066406
2016-04-29,152.0,150.0,152.0,152.0,700.0,136.5355682373047
2016-05-03,150.0,145.0,150.0,145.0,1100.0,134.3580322265625
2016-05-04,145.0,145.0,145.0,145.0,0.0,134.3580322265625
2016-05-09,145.0,145.0,145.0,145.0,0.0,134.3580322265625
2016-05-10,145.0,145.0,145.0,145.0,0.0,134.3580322265625
2016-05-11,145.0,145.0,145.0,145.0,0.0,134.3580322265625
2016-05-12,150.0,150.0,150.0,150.0,500.0,138.99105834960938
2016-05-13,150.0,150.0,150.0,150.0,0.0,138.99105834960938
2016-05-16,152.0,150.0,152.0,150.0,1500.0,138.99105834960938
2016-05-17,150.0,150.0,150.0,150.0,0.0,138.99105834960938
2016-05-18,160.0,160.0,160.0,160.0,1000.0,148.25714111328125
2016-05-19,160.0,160.0,160.0,160.0,0.0,148.25714111328125
2016-05-23,160.0,160.0,160.0,160.0,0.0,148.25714111328125
2016-05-24,160.0,160.0,160.0,160.0,0.0,148.25714111328125
2016-05-25,160.0,160.0,160.0,160.0,0.0,148.25714111328125
2016-05-26,157.5,150.0,150.0,157.5,200.0,145.94061279296875
2016-05-27,157.5,157.5,157.5,157.5,0.0,145.94061279296875
2016-05-30,157.5,157.5,157.5,157.5,0.0,145.94061279296875
2016-05-31,157.5,157.5,157.5,157.5,0.0,145.94061279296875
2016-06-01,157.5,157.5,157.5,157.5,0.0,145.94061279296875
2016-06-02,157.5,157.5,157.5,157.5,0.0,145.94061279296875
2016-06-03,157.5,157.5,157.5,157.5,0.0,145.94061279296875
2016-06-06,157.0,157.0,157.0,157.0,300.0,145.47731018066406
2016-06-07,157.0,157.0,157.0,157.0,0.0,145.47731018066406
2016-06-08,157.0,157.0,157.0,157.0,0.0,145.47731018066406
2016-06-09,157.0,157.0,157.0,157.0,0.0,145.47731018066406
2016-06-10,170.0,170.0,170.0,170.0,300.0,157.523193359375
2016-06-13,170.0,170.0,170.0,170.0,0.0,157.523193359375
2016-06-14,170.0,170.0,170.0,170.0,0.0,157.523193359375
2016-06-15,170.0,170.0,170.0,170.0,0.0,157.523193359375
2016-06-16,170.0,170.0,170.0,170.0,0.0,157.523193359375
2016-06-17,170.0,170.0,170.0,170.0,0.0,157.523193359375
2016-06-20,170.0,170.0,170.0,170.0,0.0,157.523193359375
2016-06-21,170.0,170.0,170.0,170.0,0.0,157.523193359375
2016-06-22,170.0,170.0,170.0,170.0,0.0,157.523193359375
2016-06-23,170.0,170.0,170.0,170.0,100.0,157.523193359375
2016-06-24,170.0,170.0,170.0,170.0,0.0,157.523193359375
2016-06-27,170.0,170.0,170.0,170.0,0.0,157.523193359375
2016-06-28,170.0,170.0,170.0,170.0,0.0,157.523193359375
2016-06-29,170.0,170.0,170.0,170.0,0.0,157.523193359375
2016-06-30,170.0,170.0,170.0,170.0,0.0,157.523193359375
2016-07-04,170.0,170.0,170.0,170.0,100.0,157.523193359375
2016-07-05,170.0,170.0,170.0,170.0,1400.0,157.523193359375
2016-07-06,170.0,170.0,170.0,170.0,0.0,157.523193359375
2016-07-07,170.0,170.0,170.0,170.0,0.0,157.523193359375
2016-07-08,170.0,170.0,170.0,170.0,0.0,157.523193359375
2016-07-11,170.0,170.0,170.0,170.0,0.0,157.523193359375
2016-07-12,170.0,170.0,170.0,170.0,0.0,157.523193359375
2016-07-13,170.0,170.0,170.0,170.0,0.0,157.523193359375
2016-07-14,170.0,170.0,170.0,170.0,0.0,157.523193359375
2016-07-15,170.0,170.0,170.0,170.0,0.0,157.523193359375
2016-07-20,170.0,170.0,170.0,170.0,0.0,157.523193359375
2016-07-21,170.0,170.0,170.0,170.0,0.0,157.523193359375
2016-07-22,170.0,170.0,170.0,170.0,0.0,157.523193359375
2016-07-25,170.0,170.0,170.0,170.0,0.0,157.523193359375
2016-07-26,170.0,170.0,170.0,170.0,0.0,157.523193359375
2016-07-27,170.0,170.0,170.0,170.0,0.0,157.523193359375
2016-07-28,170.0,170.0,170.0,170.0,0.0,157.523193359375
2016-07-29,170.0,170.0,170.0,170.0,0.0,157.523193359375
2016-08-01,170.0,170.0,170.0,170.0,0.0,157.523193359375
2016-08-02,170.0,170.0,170.0,170.0,100.0,157.523193359375
2016-08-03,170.0,170.0,170.0,170.0,0.0,157.523193359375
2016-08-04,170.0,170.0,170.0,170.0,0.0,157.523193359375
2016-08-05,170.0,170.0,170.0,170.0,0.0,157.523193359375
2016-08-08,170.0,170.0,170.0,170.0,0.0,157.523193359375
2016-08-09,170.0,170.0,170.0,170.0,0.0,157.523193359375
2016-08-10,170.0,170.0,170.0,170.0,100.0,157.523193359375
2016-08-11,170.0,170.0,170.0,170.0,0.0,157.523193359375
2016-08-15,170.0,170.0,170.0,170.0,0.0,157.523193359375
2016-08-16,170.0,170.0,170.0,170.0,100.0,157.523193359375
2016-08-17,170.0,170.0,170.0,170.0,0.0,157.523193359375
2016-08-18,170.0,170.0,170.0,170.0,100.0,157.523193359375
2016-08-19,170.0,170.0,170.0,170.0,0.0,157.523193359375
2016-08-22,170.0,170.0,170.0,170.0,0.0,157.523193359375
2016-08-23,170.0,170.0,170.0,170.0,2000.0,157.523193359375
2016-08-24,170.0,170.0,170.0,170.0,0.0,157.523193359375
2016-08-25,170.0,170.0,170.0,170.0,0.0,157.523193359375
2016-08-26,170.0,170.0,170.0,170.0,0.0,157.523193359375
2016-08-29,170.0,170.0,170.0,170.0,0.0,157.523193359375
2016-08-30,170.0,170.0,170.0,170.0,0.0,157.523193359375
2016-08-31,170.0,170.0,170.0,170.0,0.0,157.523193359375
2016-09-01,170.0,170.0,170.0,170.0,0.0,157.523193359375
2016-09-02,165.0,165.0,165.0,165.0,1700.0,152.89016723632812
2016-09-05,165.0,165.0,165.0,165.0,0.0,152.89016723632812
2016-09-06,165.0,165.0,165.0,165.0,0.0,152.89016723632812
2016-09-07,165.0,165.0,165.0,165.0,0.0,152.89016723632812
2016-09-08,165.0,165.0,165.0,165.0,0.0,152.89016723632812
2016-09-09,165.0,165.0,165.0,165.0,0.0,152.89016723632812
2016-09-12,165.0,165.0,165.0,165.0,0.0,152.89016723632812
2016-09-13,172.0,130.5,130.5,172.0,200.0,159.3764190673828
2016-09-14,172.0,172.0,172.0,172.0,0.0,159.3764190673828
2016-09-15,173.0,173.0,173.0,173.0,100.0,160.30300903320312
2016-09-16,173.0,173.0,173.0,173.0,0.0,160.30300903320312
2016-09-19,173.0,173.0,173.0,173.0,0.0,160.30300903320312
2016-09-20,173.0,173.0,173.0,173.0,0.0,160.30300903320312
2016-09-21,173.0,173.0,173.0,173.0,0.0,160.30300903320312
2016-09-22,173.0,173.0,173.0,173.0,0.0,160.30300903320312
2016-09-23,173.0,173.0,173.0,173.0,0.0,160.30300903320312
2016-09-26,173.0,173.0,173.0,173.0,0.0,160.30300903320312
2016-09-27,173.0,173.0,173.0,173.0,0.0,160.30300903320312
2016-09-28,173.0,173.0,173.0,173.0,0.0,160.30300903320312
2016-09-29,173.0,173.0,173.0,173.0,0.0,160.30300903320312
2016-09-30,173.0,173.0,173.0,173.0,0.0,160.30300903320312
2016-10-03,173.0,173.0,173.0,173.0,0.0,160.30300903320312
2016-10-04,173.0,173.0,173.0,173.0,0.0,160.30300903320312
2016-10-05,173.0,173.0,173.0,173.0,0.0,160.30300903320312
2016-10-06,173.0,173.0,173.0,173.0,0.0,160.30300903320312
2016-10-07,173.0,173.0,173.0,173.0,0.0,160.30300903320312
2016-10-10,173.0,173.0,173.0,173.0,0.0,160.30300903320312
2016-10-11,173.0,173.0,173.0,173.0,0.0,160.30300903320312
2016-10-12,173.0,173.0,173.0,173.0,0.0,160.30300903320312
2016-10-13,173.0,173.0,173.0,173.0,0.0,160.30300903320312
2016-10-14,173.0,173.0,173.0,173.0,0.0,160.30300903320312
2016-10-17,173.0,173.0,173.0,173.0,0.0,160.30300903320312
2016-10-18,173.0,173.0,173.0,173.0,0.0,160.30300903320312
2016-10-19,173.0,173.0,173.0,173.0,0.0,160.30300903320312
2016-10-20,173.0,173.0,173.0,173.0,0.0,160.30300903320312
2016-10-21,173.0,173.0,173.0,173.0,0.0,160.30300903320312
2016-10-25,173.0,173.0,173.0,173.0,0.0,160.30300903320312
2016-10-26,173.0,173.0,173.0,173.0,0.0,160.30300903320312
2016-10-27,173.0,173.0,173.0,173.0,0.0,160.30300903320312
2016-10-28,173.0,173.0,173.0,173.0,0.0,160.30300903320312
2016-10-31,173.0,173.0,173.0,173.0,0.0,160.30300903320312
2016-11-01,173.0,173.0,173.0,173.0,0.0,160.30300903320312
2016-11-02,173.0,173.0,173.0,173.0,0.0,160.30300903320312
2016-11-03,173.0,173.0,173.0,173.0,0.0,160.30300903320312
2016-11-04,173.0,173.0,173.0,173.0,0.0,160.30300903320312
2016-11-07,171.0,151.0,151.0,171.0,2100.0,158.44981384277344
2016-11-08,168.0,153.0,153.0,168.0,200.0,155.6699981689453
2016-11-09,162.0,156.0,160.5,162.0,800.0,150.1103515625
2016-11-10,164.0,164.0,164.0,164.0,100.0,151.96356201171875
2016-11-11,164.0,164.0,164.0,164.0,0.0,151.96356201171875
2016-11-14,164.0,158.5,164.0,164.0,2600.0,151.96356201171875
2016-11-15,164.0,164.0,164.0,164.0,0.0,151.96356201171875
2016-11-16,164.0,164.0,164.0,164.0,0.0,151.96356201171875
2016-11-17,162.0,162.0,162.0,162.0,800.0,150.1103515625
2016-11-18,162.0,162.0,162.0,162.0,0.0,150.1103515625
2016-11-21,165.0,165.0,165.0,165.0,500.0,152.89016723632812
2016-11-22,165.0,165.0,165.0,165.0,0.0,152.89016723632812
2016-11-23,165.0,165.0,165.0,165.0,0.0,152.89016723632812
2016-11-24,165.0,165.0,165.0,165.0,0.0,152.89016723632812
2016-11-25,165.0,165.0,165.0,165.0,0.0,152.89016723632812
2016-11-28,165.0,163.0,163.0,165.0,200.0,152.89016723632812
2016-11-29,168.0,168.0,168.0,168.0,900.0,155.6699981689453
2016-11-30,168.0,168.0,168.0,168.0,0.0,155.6699981689453
2016-12-01,170.0,170.0,170.0,170.0,100.0,157.523193359375
2016-12-02,170.0,170.0,170.0,170.0,0.0,157.523193359375
2016-12-06,170.0,170.0,170.0,170.0,0.0,157.523193359375
2016-12-07,170.0,170.0,170.0,170.0,0.0,157.523193359375
2016-12-08,170.0,170.0,170.0,170.0,0.0,157.523193359375
2016-12-09,170.0,170.0,170.0,170.0,0.0,157.523193359375
2016-12-13,162.0,162.0,162.0,162.0,200.0,150.1103515625
2016-12-14,162.0,162.0,162.0,162.0,0.0,150.1103515625
2016-12-15,162.0,162.0,162.0,162.0,0.0,150.1103515625
2016-12-16,162.0,162.0,162.0,162.0,0.0,150.1103515625
2016-12-19,162.0,162.0,162.0,162.0,0.0,150.1103515625
2016-12-20,162.0,162.0,162.0,162.0,0.0,150.1103515625
2016-12-21,162.0,162.0,162.0,162.0,0.0,150.1103515625
2016-12-22,162.0,162.0,162.0,162.0,0.0,150.1103515625
2016-12-23,162.0,162.0,162.0,162.0,0.0,150.1103515625
2016-12-26,162.0,162.0,162.0,162.0,0.0,150.1103515625
2016-12-27,162.0,162.0,162.0,162.0,0.0,150.1103515625
2016-12-28,162.0,162.0,162.0,162.0,0.0,150.1103515625
2016-12-29,162.0,162.0,162.0,162.0,0.0,150.1103515625
2016-12-30,162.0,162.0,162.0,162.0,0.0,150.1103515625
2017-01-04,162.0,162.0,162.0,162.0,0.0,150.1103515625
2017-01-05,169.0,163.0,163.0,169.0,1000.0,156.59658813476562
2017-01-06,163.0,163.0,163.0,163.0,1000.0,151.03695678710938
2017-01-09,163.0,163.0,163.0,163.0,0.0,151.03695678710938
2017-01-10,198.0,163.0,163.0,168.0,1000.0,155.6699981689453
2017-01-11,168.0,168.0,168.0,168.0,0.0,155.6699981689453
2017-01-12,168.0,168.0,168.0,168.0,0.0,155.6699981689453
2017-01-16,166.0,166.0,166.0,166.0,100.0,153.8167724609375
2017-01-17,166.0,166.0,166.0,166.0,0.0,153.8167724609375
2017-01-18,166.0,166.0,166.0,166.0,0.0,153.8167724609375
2017-01-19,166.0,166.0,166.0,166.0,0.0,153.8167724609375
2017-01-20,166.0,166.0,166.0,166.0,0.0,153.8167724609375
2017-01-23,166.0,166.0,166.0,166.0,0.0,153.8167724609375
2017-01-24,166.0,166.0,166.0,166.0,0.0,153.8167724609375
2017-01-25,166.0,166.0,166.0,166.0,0.0,153.8167724609375
2017-01-26,166.0,166.0,166.0,166.0,0.0,153.8167724609375
2017-01-27,166.0,166.0,166.0,166.0,0.0,153.8167724609375
2017-01-30,166.0,166.0,166.0,166.0,0.0,153.8167724609375
2017-01-31,166.0,166.0,166.0,166.0,0.0,153.8167724609375
2017-02-01,170.0,170.0,170.0,170.0,200.0,157.523193359375
2017-02-02,172.0,170.0,170.0,170.0,300.0,157.523193359375
2017-02-03,173.0,173.0,173.0,173.0,100.0,160.30300903320312
2017-02-06,175.0,173.0,175.0,175.0,3000.0,162.15623474121094
2017-02-07,175.0,175.0,175.0,175.0,700.0,162.15623474121094
2017-02-08,175.0,175.0,175.0,175.0,100.0,162.15623474121094
2017-02-09,175.0,175.0,175.0,175.0,0.0,162.15623474121094
2017-02-10,175.0,175.0,175.0,175.0,0.0,162.15623474121094
2017-02-14,175.0,175.0,175.0,175.0,0.0,162.15623474121094
2017-02-15,175.0,175.0,175.0,175.0,0.0,162.15623474121094
2017-02-16,175.0,175.0,175.0,175.0,0.0,162.15623474121094
2017-02-17,175.0,175.0,175.0,175.0,0.0,162.15623474121094
2017-02-20,175.0,173.0,175.0,173.0,300.0,160.30300903320312
2017-02-21,173.0,173.0,173.0,173.0,0.0,160.30300903320312
2017-02-22,175.0,174.0,175.0,174.0,200.0,161.22962951660156
2017-02-23,174.0,174.0,174.0,174.0,0.0,161.22962951660156
2017-02-24,178.5,174.5,174.5,178.5,700.0,165.3993682861328
2017-02-27,218.0,218.0,218.0,218.0,100.0,202.00033569335938
2017-02-28,185.0,177.5,178.0,180.0,2600.0,166.78927612304688
2017-03-01,182.0,177.0,177.0,182.0,1000.0,168.64248657226562
2017-03-02,180.0,180.0,180.0,180.0,1100.0,166.78927612304688
2017-03-03,177.5,176.0,176.0,177.5,200.0,164.47276306152344
2017-03-06,178.0,175.5,175.5,178.0,800.0,164.93605041503906
2017-03-07,178.0,178.0,178.0,178.0,0.0,164.93605041503906
2017-03-08,178.0,178.0,178.0,178.0,0.0,164.93605041503906
2017-03-09,180.5,180.5,180.5,180.5,200.0,167.25259399414062
2017-03-10,182.0,182.0,182.0,182.0,300.0,168.64248657226562
2017-03-13,182.0,182.0,182.0,182.0,100.0,168.64248657226562
2017-03-14,181.5,178.0,178.5,181.5,400.0,168.17918395996094
2017-03-15,181.5,181.5,181.5,181.5,0.0,168.17918395996094
2017-03-16,181.5,181.5,181.5,181.5,0.0,168.17918395996094
2017-03-17,185.0,185.0,185.0,185.0,200.0,171.42230224609375
2017-03-20,185.0,185.0,185.0,185.0,0.0,171.42230224609375
2017-03-21,188.0,188.0,188.0,188.0,200.0,174.20213317871094
2017-03-22,188.0,188.0,188.0,188.0,0.0,174.20213317871094
2017-03-23,188.0,188.0,188.0,188.0,0.0,174.20213317871094
2017-03-24,188.0,186.0,186.0,188.0,200.0,174.20213317871094
2017-03-27,188.0,188.0,188.0,188.0,0.0,174.20213317871094
2017-03-28,190.0,190.0,190.0,190.0,100.0,176.05535888671875
2017-03-29,190.0,190.0,190.0,190.0,0.0,176.05535888671875
2017-03-30,190.0,190.0,190.0,190.0,0.0,176.05535888671875
2017-03-31,190.0,190.0,190.0,190.0,0.0,176.05535888671875
2017-04-03,190.0,186.0,186.0,190.0,200.0,176.05535888671875
2017-04-04,190.0,190.0,190.0,190.0,0.0,176.05535888671875
2017-04-05,190.0,190.0,190.0,190.0,0.0,176.05535888671875
2017-04-07,190.0,190.0,190.0,190.0,0.0,176.05535888671875
2017-04-10,190.0,190.0,190.0,190.0,0.0,176.05535888671875
2017-04-11,190.0,190.0,190.0,190.0,0.0,176.05535888671875
2017-04-12,190.0,190.0,190.0,190.0,0.0,176.05535888671875
2017-04-17,190.0,190.0,190.0,190.0,0.0,176.05535888671875
2017-04-18,190.0,190.0,190.0,190.0,0.0,176.05535888671875
2017-04-19,190.0,190.0,190.0,190.0,0.0,176.05535888671875
2017-04-20,190.0,190.0,190.0,190.0,0.0,176.05535888671875
2017-04-21,190.0,190.0,190.0,190.0,0.0,176.05535888671875
2017-04-24,247.0,194.0,247.0,243.0,700.0,225.16551208496094
2017-04-25,212.0,210.0,210.0,212.0,700.0,196.44068908691406
2017-04-26,212.0,212.0,212.0,212.0,0.0,196.44068908691406
2017-04-27,196.0,196.0,196.0,196.0,100.0,181.614990234375
2017-04-28,209.0,209.0,209.0,209.0,300.0,193.66087341308594
2017-05-02,208.0,208.0,208.0,208.0,200.0,192.73426818847656
2017-05-03,208.0,208.0,208.0,208.0,0.0,192.73426818847656
2017-05-04,208.0,208.0,208.0,208.0,0.0,192.73426818847656
2017-05-08,207.0,207.0,207.0,207.0,0.0,196.67730712890625
2017-05-09,207.0,207.0,207.0,207.0,0.0,196.67730712890625
2017-05-11,207.0,207.0,207.0,207.0,0.0,196.67730712890625
2017-05-12,207.0,207.0,207.0,207.0,0.0,196.67730712890625
2017-05-15,207.0,207.0,207.0,207.0,0.0,196.67730712890625
2017-05-16,207.0,207.0,207.0,207.0,0.0,196.67730712890625
2017-05-17,207.0,207.0,207.0,207.0,0.0,196.67730712890625
2017-05-18,207.0,207.0,207.0,207.0,0.0,196.67730712890625
2017-05-19,193.5,193.5,193.5,193.5,200.0,183.85052490234375
2017-05-22,193.5,193.5,193.5,193.5,0.0,183.85052490234375
2017-05-23,193.5,193.5,193.5,193.5,0.0,183.85052490234375
2017-05-24,193.5,193.5,193.5,193.5,0.0,183.85052490234375
2017-05-25,193.5,193.5,193.5,193.5,0.0,183.85052490234375
2017-05-26,200.0,200.0,200.0,200.0,100.0,190.02638244628906
2017-05-29,200.0,200.0,200.0,200.0,0.0,190.02638244628906
2017-05-30,200.0,200.0,200.0,200.0,0.0,190.02638244628906
2017-05-31,200.0,200.0,200.0,200.0,0.0,190.02638244628906
2017-06-01,200.0,200.0,200.0,200.0,200.0,190.02638244628906
2017-06-02,200.0,200.0,200.0,200.0,0.0,190.02638244628906
2017-06-05,200.0,200.0,200.0,200.0,0.0,190.02638244628906
2017-06-06,200.0,200.0,200.0,200.0,0.0,190.02638244628906
2017-06-07,200.0,200.0,200.0,200.0,0.0,190.02638244628906
2017-06-08,210.0,210.0,210.0,210.0,100.0,199.52769470214844
2017-06-09,210.0,210.0,210.0,210.0,0.0,199.52769470214844
2017-06-12,196.0,190.0,196.0,190.0,400.0,180.5250701904297
2017-06-13,191.0,191.0,191.0,191.0,500.0,181.47520446777344
2017-06-14,195.0,195.0,195.0,195.0,100.0,185.27572631835938
2017-06-15,211.0,197.0,211.0,197.0,500.0,187.17599487304688
2017-06-16,254.0,210.0,210.0,254.0,2000.0,241.33351135253906
2017-06-19,254.0,254.0,254.0,254.0,0.0,241.33351135253906
2017-06-20,218.0,211.0,212.0,218.0,500.0,207.12876892089844
2017-06-21,218.0,218.0,218.0,218.0,0.0,207.12876892089844
2017-06-22,214.0,212.0,212.0,214.0,300.0,203.32823181152344
2017-06-23,214.0,214.0,214.0,214.0,0.0,203.32823181152344
2017-06-26,220.0,220.0,220.0,220.0,200.0,209.02903747558594
2017-06-27,220.0,220.0,220.0,220.0,0.0,209.02903747558594
2017-06-28,220.0,220.0,220.0,220.0,0.0,209.02903747558594
2017-06-29,220.0,220.0,220.0,220.0,0.0,209.02903747558594
2017-06-30,220.0,220.0,220.0,220.0,0.0,209.02903747558594
2017-07-03,220.0,220.0,220.0,220.0,100.0,209.02903747558594
2017-07-04,220.0,220.0,220.0,220.0,0.0,209.02903747558594
2017-07-05,220.0,220.0,220.0,220.0,0.0,209.02903747558594
2017-07-06,220.0,220.0,220.0,220.0,0.0,209.02903747558594
2017-07-07,220.0,220.0,220.0,220.0,100.0,209.02903747558594
2017-07-11,227.0,225.0,226.0,227.0,400.0,215.67994689941406
2017-07-12,243.0,230.0,243.0,230.0,300.0,218.5303497314453
2017-07-13,230.0,230.0,230.0,230.0,0.0,218.5303497314453
2017-07-14,230.0,230.0,230.0,230.0,0.0,218.5303497314453
2017-07-17,230.0,230.0,230.0,230.0,0.0,218.5303497314453
2017-07-18,230.0,230.0,230.0,230.0,0.0,218.5303497314453
2017-07-19,230.0,230.0,230.0,230.0,0.0,218.5303497314453
2017-07-20,230.0,230.0,230.0,230.0,0.0,218.5303497314453
2017-07-21,230.0,230.0,230.0,230.0,0.0,218.5303497314453
2017-07-24,230.0,216.0,221.0,218.0,1000.0,207.12876892089844
2017-07-25,218.0,218.0,218.0,218.0,0.0,207.12876892089844
2017-07-26,218.0,218.0,218.0,218.0,0.0,207.12876892089844
2017-07-27,228.0,228.0,228.0,228.0,400.0,216.6300811767578
2017-07-31,228.0,228.0,228.0,228.0,100.0,216.6300811767578
2017-08-01,235.0,230.0,230.0,231.0,300.0,219.48048400878906
2017-08-02,235.0,221.0,222.0,235.0,600.0,223.28102111816406
2017-08-03,236.0,227.0,227.0,236.0,200.0,224.23114013671875
2017-08-04,236.0,236.0,236.0,236.0,0.0,224.23114013671875
2017-08-07,228.0,228.0,228.0,228.0,200.0,216.6300811767578
2017-08-08,220.0,220.0,220.0,220.0,100.0,209.02903747558594
2017-08-09,221.0,220.0,221.0,220.0,200.0,209.02903747558594
2017-08-10,220.0,220.0,220.0,220.0,100.0,209.02903747558594
2017-08-11,220.0,220.0,220.0,220.0,100.0,209.02903747558594
2017-08-15,220.0,220.0,220.0,220.0,400.0,209.02903747558594
2017-08-16,220.0,220.0,220.0,220.0,300.0,209.02903747558594
2017-08-17,220.0,220.0,220.0,220.0,0.0,209.02903747558594
2017-08-18,220.0,220.0,220.0,220.0,100.0,209.02903747558594
2017-08-21,220.0,220.0,220.0,220.0,100.0,209.02903747558594
2017-08-22,220.0,220.0,220.0,220.0,0.0,209.02903747558594
2017-08-23,220.0,220.0,220.0,220.0,0.0,209.02903747558594
2017-08-24,220.0,220.0,220.0,220.0,300.0,209.02903747558594
2017-08-25,220.0,220.0,220.0,220.0,0.0,209.02903747558594
2017-08-28,220.0,220.0,220.0,220.0,0.0,209.02903747558594
2017-08-29,220.0,220.0,220.0,220.0,100.0,209.02903747558594
2017-08-30,220.0,220.0,220.0,220.0,0.0,209.02903747558594
2017-08-31,220.0,220.0,220.0,220.0,0.0,209.02903747558594
2017-09-01,220.0,220.0,220.0,220.0,0.0,209.02903747558594
2017-09-04,215.0,213.0,215.0,213.0,200.0,202.37811279296875
2017-09-05,217.0,215.0,215.0,217.0,200.0,206.1786346435547
2017-09-06,217.0,217.0,217.0,217.0,0.0,206.1786346435547
2017-09-07,217.0,217.0,217.0,217.0,0.0,206.1786346435547
2017-09-08,217.0,217.0,217.0,217.0,0.0,206.1786346435547
2017-09-11,222.0,222.0,222.0,222.0,200.0,210.92929077148438
2017-09-12,223.0,223.0,223.0,223.0,200.0,211.87942504882812
2017-09-13,224.0,224.0,224.0,224.0,100.0,212.82955932617188
2017-09-14,222.0,222.0,222.0,222.0,200.0,210.92929077148438
2017-09-15,222.0,222.0,222.0,222.0,0.0,210.92929077148438
2017-09-18,222.0,222.0,222.0,222.0,0.0,210.92929077148438
2017-09-19,225.0,225.0,225.0,225.0,100.0,213.77969360351562
2017-09-20,227.0,225.0,225.0,227.0,200.0,215.67994689941406
2017-09-21,227.0,227.0,227.0,227.0,0.0,215.67994689941406
2017-09-22,227.0,227.0,227.0,227.0,0.0,215.67994689941406
2017-09-25,227.0,227.0,227.0,227.0,0.0,215.67994689941406
2017-09-26,227.0,227.0,227.0,227.0,0.0,215.67994689941406
2017-09-27,222.0,218.0,222.0,220.0,500.0,209.02903747558594
2017-09-28,220.0,220.0,220.0,220.0,0.0,209.02903747558594
2017-09-29,220.0,220.0,220.0,220.0,0.0,209.02903747558594
2017-10-02,220.0,220.0,220.0,220.0,0.0,209.02903747558594
2017-10-03,220.0,220.0,220.0,220.0,200.0,209.02903747558594
2017-10-04,220.0,220.0,220.0,220.0,0.0,209.02903747558594
2017-10-05,220.0,218.0,220.0,218.0,300.0,207.12876892089844
2017-10-06,218.0,218.0,218.0,218.0,0.0,207.12876892089844
2017-10-09,219.0,219.0,219.0,219.0,100.0,208.07888793945312
2017-10-10,219.0,219.0,219.0,219.0,0.0,208.07888793945312
2017-10-11,228.0,228.0,228.0,228.0,100.0,216.6300811767578
2017-10-12,216.0,215.0,216.0,215.0,200.0,204.27838134765625
2017-10-16,215.0,215.0,215.0,215.0,0.0,204.27838134765625
2017-10-17,215.0,215.0,215.0,215.0,0.0,204.27838134765625
2017-10-18,215.0,215.0,215.0,215.0,0.0,204.27838134765625
2017-10-19,228.0,228.0,228.0,228.0,100.0,216.6300811767578
2017-10-20,228.0,228.0,228.0,228.0,0.0,216.6300811767578
2017-10-24,228.0,228.0,228.0,228.0,0.0,216.6300811767578
2017-10-25,228.0,228.0,228.0,228.0,0.0,216.6300811767578
2017-10-27,228.0,228.0,228.0,228.0,0.0,216.6300811767578
2017-10-30,230.0,230.0,230.0,230.0,100.0,218.5303497314453
2017-10-31,232.0,232.0,232.0,232.0,100.0,220.43060302734375
2017-11-01,232.0,232.0,232.0,232.0,100.0,220.43060302734375
2017-11-02,232.0,232.0,232.0,232.0,0.0,220.43060302734375
2017-11-03,232.0,232.0,232.0,232.0,0.0,220.43060302734375
2017-11-06,232.0,232.0,232.0,232.0,0.0,220.43060302734375
2017-11-07,240.0,240.0,240.0,240.0,100.0,228.03167724609375
2017-11-08,224.0,224.0,224.0,224.0,100.0,212.82955932617188
2017-11-09,224.0,224.0,224.0,224.0,0.0,212.82955932617188
2017-11-10,224.0,224.0,224.0,224.0,0.0,212.82955932617188
2017-11-13,224.0,224.0,224.0,224.0,0.0,212.82955932617188
2017-11-14,224.0,224.0,224.0,224.0,0.0,212.82955932617188
2017-11-15,224.0,224.0,224.0,224.0,0.0,212.82955932617188
2017-11-16,224.0,224.0,224.0,224.0,0.0,212.82955932617188
2017-11-17,224.0,224.0,224.0,224.0,0.0,212.82955932617188
2017-11-20,224.0,224.0,224.0,224.0,0.0,212.82955932617188
2017-11-21,224.0,224.0,224.0,224.0,200.0,212.82955932617188
2017-11-22,224.0,224.0,224.0,224.0,0.0,212.82955932617188
2017-11-23,224.0,218.0,224.0,218.0,400.0,207.12876892089844
2017-11-24,225.0,225.0,225.0,225.0,100.0,213.77969360351562
2017-11-27,225.0,225.0,225.0,225.0,0.0,213.77969360351562
2017-11-28,225.0,225.0,225.0,225.0,0.0,213.77969360351562
2017-11-29,228.0,228.0,228.0,228.0,100.0,216.6300811767578
2017-11-30,235.0,230.0,230.0,235.0,300.0,223.28102111816406
2017-12-01,227.0,227.0,227.0,227.0,100.0,215.67994689941406
2017-12-04,230.0,227.0,227.0,230.0,500.0,218.5303497314453
2017-12-06,235.0,230.0,235.0,230.0,200.0,218.5303497314453
2017-12-07,230.0,230.0,230.0,230.0,0.0,218.5303497314453
2017-12-08,230.0,230.0,230.0,230.0,100.0,218.5303497314453
2017-12-12,230.0,230.0,230.0,230.0,0.0,218.5303497314453
2017-12-13,230.0,230.0,230.0,230.0,0.0,218.5303497314453
2017-12-14,230.0,230.0,230.0,230.0,0.0,218.5303497314453
2017-12-15,230.0,230.0,230.0,230.0,0.0,218.5303497314453
2017-12-18,230.0,230.0,230.0,230.0,0.0,218.5303497314453
2017-12-19,230.0,230.0,230.0,230.0,0.0,218.5303497314453
2017-12-20,230.0,230.0,230.0,230.0,0.0,218.5303497314453
2017-12-21,230.0,230.0,230.0,230.0,0.0,218.5303497314453
2017-12-22,230.0,230.0,230.0,230.0,0.0,218.5303497314453
2017-12-25,228.0,217.0,217.0,228.0,900.0,216.6300811767578
2017-12-26,228.0,228.0,228.0,228.0,0.0,216.6300811767578
2017-12-27,228.0,228.0,228.0,228.0,0.0,216.6300811767578
2017-12-28,225.0,225.0,225.0,225.0,600.0,213.77969360351562
2017-12-29,225.0,225.0,225.0,225.0,400.0,213.77969360351562
2018-01-03,225.0,225.0,225.0,225.0,0.0,213.77969360351562
2018-01-04,225.0,225.0,225.0,225.0,0.0,213.77969360351562
2018-01-05,226.0,226.0,226.0,226.0,3700.0,214.72982788085938
2018-01-08,225.0,220.0,225.0,225.0,1300.0,213.77969360351562
2018-01-09,225.0,225.0,225.0,225.0,0.0,213.77969360351562
2018-01-10,225.0,225.0,225.0,225.0,0.0,213.77969360351562
2018-01-11,225.0,225.0,225.0,225.0,0.0,213.77969360351562
2018-01-12,225.0,225.0,225.0,225.0,0.0,213.77969360351562
2018-01-15,225.0,225.0,225.0,225.0,0.0,213.77969360351562
2018-01-16,224.0,224.0,224.0,224.0,100.0,212.82955932617188
2018-01-17,224.0,224.0,224.0,224.0,0.0,212.82955932617188
2018-01-18,224.0,224.0,224.0,224.0,0.0,212.82955932617188
2018-01-19,222.0,219.0,222.0,219.0,900.0,208.07888793945312
2018-01-22,219.0,219.0,219.0,219.0,300.0,208.07888793945312
2018-01-23,219.0,219.0,219.0,219.0,0.0,208.07888793945312
2018-01-24,222.0,219.0,219.0,222.0,400.0,210.92929077148438
2018-01-25,222.0,222.0,222.0,222.0,0.0,210.92929077148438
2018-01-26,223.0,222.0,223.0,222.0,200.0,210.92929077148438
2018-01-29,222.0,222.0,222.0,222.0,0.0,210.92929077148438
2018-01-30,222.0,222.0,222.0,222.0,0.0,210.92929077148438
2018-01-31,220.0,219.0,220.0,219.0,1200.0,208.07888793945312
2018-02-01,219.0,219.0,219.0,219.0,0.0,208.07888793945312
2018-02-02,219.0,219.0,219.0,219.0,0.0,208.07888793945312
2018-02-05,219.0,219.0,219.0,219.0,0.0,208.07888793945312
2018-02-06,217.0,217.0,217.0,217.0,100.0,206.1786346435547
2018-02-07,217.0,217.0,217.0,217.0,0.0,206.1786346435547
2018-02-08,217.0,217.0,217.0,217.0,0.0,206.1786346435547
2018-02-09,217.0,210.0,217.0,212.0,800.0,201.42796325683594
2018-02-12,212.0,212.0,212.0,212.0,0.0,201.42796325683594
2018-02-13,212.0,212.0,212.0,212.0,0.0,201.42796325683594
2018-02-14,212.0,212.0,212.0,212.0,0.0,201.42796325683594
2018-02-15,212.0,212.0,212.0,212.0,0.0,201.42796325683594
2018-02-16,217.0,217.0,217.0,217.0,100.0,206.1786346435547
2018-02-19,217.0,217.0,217.0,217.0,0.0,206.1786346435547
2018-02-20,217.0,217.0,217.0,217.0,0.0,206.1786346435547
2018-02-21,217.0,217.0,217.0,217.0,0.0,206.1786346435547
2018-02-22,217.0,217.0,217.0,217.0,0.0,206.1786346435547
2018-02-23,217.0,217.0,217.0,217.0,0.0,206.1786346435547
2018-02-26,217.0,217.0,217.0,217.0,0.0,206.1786346435547
2018-02-27,217.0,217.0,217.0,217.0,0.0,206.1786346435547
2018-02-28,220.0,217.0,217.0,220.0,200.0,209.02903747558594
2018-03-02,216.0,216.0,216.0,216.0,300.0,205.22850036621094
2018-03-05,216.0,216.0,216.0,216.0,0.0,205.22850036621094
2018-03-06,216.0,216.0,216.0,216.0,0.0,205.22850036621094
2018-03-07,216.0,216.0,216.0,216.0,0.0,205.22850036621094
2018-03-08,216.0,216.0,216.0,216.0,0.0,205.22850036621094
2018-03-09,223.0,213.0,213.0,223.0,500.0,211.87942504882812
2018-03-12,223.0,223.0,223.0,223.0,0.0,211.87942504882812
2018-03-13,223.0,223.0,223.0,223.0,0.0,211.87942504882812
2018-03-14,225.0,225.0,225.0,225.0,100.0,213.77969360351562
2018-03-15,225.0,225.0,225.0,225.0,0.0,213.77969360351562
2018-03-16,225.0,225.0,225.0,225.0,0.0,213.77969360351562
2018-03-19,223.0,217.0,223.0,223.0,1400.0,211.87942504882812
2018-03-20,223.0,223.0,223.0,223.0,0.0,211.87942504882812
2018-03-21,223.0,223.0,223.0,223.0,100.0,211.87942504882812
2018-03-22,224.0,224.0,224.0,224.0,100.0,212.82955932617188
2018-03-23,224.0,224.0,224.0,224.0,0.0,212.82955932617188
2018-03-26,224.0,224.0,224.0,224.0,0.0,212.82955932617188
2018-03-27,224.0,224.0,224.0,224.0,0.0,212.82955932617188
2018-03-28,224.0,224.0,224.0,224.0,0.0,212.82955932617188
2018-03-29,224.0,224.0,224.0,224.0,0.0,212.82955932617188
2018-03-30,224.0,224.0,224.0,224.0,0.0,212.82955932617188
2018-04-02,224.0,224.0,224.0,224.0,0.0,212.82955932617188
2018-04-03,224.0,224.0,224.0,224.0,0.0,212.82955932617188
2018-04-04,224.0,224.0,224.0,224.0,0.0,212.82955932617188
2018-04-05,217.0,217.0,217.0,217.0,400.0,206.1786346435547
2018-04-09,217.0,217.0,217.0,217.0,0.0,206.1786346435547
2018-04-10,229.0,229.0,229.0,229.0,100.0,217.58021545410156
2018-04-11,229.0,229.0,229.0,229.0,0.0,217.58021545410156
2018-04-12,229.0,229.0,229.0,229.0,0.0,217.58021545410156
2018-04-17,229.0,229.0,229.0,229.0,0.0,217.58021545410156
2018-04-18,226.0,226.0,226.0,226.0,100.0,214.72982788085938
2018-04-19,226.0,226.0,226.0,226.0,0.0,214.72982788085938
2018-04-20,226.0,226.0,226.0,226.0,0.0,214.72982788085938
2018-04-23,226.0,226.0,226.0,226.0,0.0,214.72982788085938
2018-04-24,226.0,226.0,226.0,226.0,0.0,214.72982788085938
2018-04-25,226.0,226.0,226.0,226.0,100.0,214.72982788085938
2018-04-26,226.0,226.0,226.0,226.0,0.0,214.72982788085938
2018-04-27,226.0,226.0,226.0,226.0,0.0,214.72982788085938
2018-04-30,226.0,226.0,226.0,226.0,100.0,214.72982788085938
2018-05-02,226.0,226.0,226.0,226.0,0.0,220.415771484375
2018-05-03,226.0,226.0,226.0,226.0,0.0,220.415771484375
2018-05-04,226.0,226.0,226.0,226.0,200.0,220.415771484375
2018-05-07,226.0,226.0,226.0,226.0,0.0,220.415771484375
2018-05-08,226.0,226.0,226.0,226.0,0.0,220.415771484375
2018-05-09,226.0,226.0,226.0,226.0,0.0,220.415771484375
2018-05-10,226.0,226.0,226.0,226.0,0.0,220.415771484375
2018-05-11,226.0,226.0,226.0,226.0,0.0,220.415771484375
2018-05-14,226.0,226.0,226.0,226.0,0.0,220.415771484375
2018-05-15,224.0,215.0,223.0,215.0,1000.0,209.68756103515625
2018-05-16,216.0,215.0,216.0,215.0,500.0,209.68756103515625
2018-05-17,215.0,215.0,215.0,215.0,0.0,209.68756103515625
2018-05-18,211.0,211.0,211.0,211.0,100.0,205.78640747070312
2018-05-21,212.0,212.0,212.0,212.0,100.0,206.76168823242188
2018-05-22,212.0,212.0,212.0,212.0,0.0,206.76168823242188
2018-05-23,212.0,212.0,212.0,212.0,0.0,206.76168823242188
2018-05-24,212.0,212.0,212.0,212.0,0.0,206.76168823242188
2018-05-25,212.0,212.0,212.0,212.0,0.0,206.76168823242188
2018-05-28,212.0,212.0,212.0,212.0,0.0,206.76168823242188
2018-05-30,212.0,212.0,212.0,212.0,0.0,206.76168823242188
2018-05-31,214.0,214.0,214.0,214.0,100.0,208.7122802734375
2018-06-01,215.0,215.0,215.0,215.0,100.0,209.68756103515625
2018-06-04,215.0,215.0,215.0,215.0,0.0,209.68756103515625
2018-06-05,215.0,215.0,215.0,215.0,0.0,209.68756103515625
2018-06-06,215.0,215.0,215.0,215.0,0.0,209.68756103515625
2018-06-07,215.0,215.0,215.0,215.0,0.0,209.68756103515625
2018-06-08,215.0,215.0,215.0,215.0,0.0,209.68756103515625
2018-06-11,215.0,215.0,215.0,215.0,0.0,209.68756103515625
2018-06-12,215.0,215.0,215.0,215.0,0.0,209.68756103515625
2018-06-13,215.0,215.0,215.0,215.0,0.0,209.68756103515625
2018-06-14,215.0,215.0,215.0,215.0,0.0,209.68756103515625
2018-06-15,215.0,215.0,215.0,215.0,0.0,209.68756103515625
2018-06-18,215.0,215.0,215.0,215.0,0.0,209.68756103515625
2018-06-19,210.0,210.0,210.0,210.0,200.0,204.8111114501953
2018-06-20,218.0,218.0,218.0,218.0,100.0,212.61343383789062
2018-06-21,218.0,218.0,218.0,218.0,0.0,212.61343383789062
2018-06-22,218.0,218.0,218.0,218.0,0.0,212.61343383789062
2018-06-25,220.0,220.0,220.0,220.0,100.0,214.56402587890625
2018-06-26,237.0,230.0,230.0,237.0,400.0,231.1439666748047
2018-06-27,237.0,237.0,237.0,237.0,0.0,231.1439666748047
2018-06-28,237.0,237.0,237.0,237.0,0.0,231.1439666748047
2018-06-29,237.0,237.0,237.0,237.0,0.0,231.1439666748047
2018-07-02,237.0,237.0,237.0,237.0,0.0,231.1439666748047
2018-07-03,237.0,237.0,237.0,237.0,0.0,231.1439666748047
2018-07-04,237.0,237.0,237.0,237.0,0.0,231.1439666748047
2018-07-05,237.0,237.0,237.0,237.0,0.0,231.1439666748047
2018-07-06,224.0,216.0,224.0,218.0,500.0,212.61343383789062
2018-07-09,218.0,218.0,218.0,218.0,0.0,212.61343383789062
2018-07-10,218.0,218.0,218.0,218.0,0.0,212.61343383789062
2018-07-11,218.0,218.0,218.0,218.0,0.0,212.61343383789062
2018-07-12,215.0,215.0,215.0,215.0,300.0,209.68756103515625
2018-07-13,215.0,215.0,215.0,215.0,100.0,209.68756103515625
2018-07-16,215.0,215.0,215.0,215.0,0.0,209.68756103515625
2018-07-17,221.0,221.0,221.0,221.0,100.0,215.539306640625
2018-07-18,221.0,221.0,221.0,221.0,0.0,215.539306640625
2018-07-19,221.0,221.0,221.0,221.0,0.0,215.539306640625
2018-07-20,221.0,221.0,221.0,221.0,0.0,215.539306640625
2018-07-23,221.0,221.0,221.0,221.0,0.0,215.539306640625
2018-07-24,221.0,221.0,221.0,221.0,0.0,215.539306640625
2018-07-25,221.0,221.0,221.0,221.0,0.0,215.539306640625
2018-07-26,214.0,214.0,214.0,214.0,200.0,208.7122802734375
2018-07-31,215.0,215.0,215.0,215.0,200.0,209.68756103515625
2018-08-01,215.0,215.0,215.0,215.0,0.0,209.68756103515625
2018-08-02,216.0,216.0,216.0,216.0,100.0,210.66285705566406
2018-08-03,216.0,216.0,216.0,216.0,0.0,210.66285705566406
2018-08-06,216.0,216.0,216.0,216.0,0.0,210.66285705566406
2018-08-07,216.0,216.0,216.0,216.0,0.0,210.66285705566406
2018-08-08,216.0,216.0,216.0,216.0,0.0,210.66285705566406
2018-08-09,220.0,220.0,220.0,220.0,200.0,214.56402587890625
2018-08-10,220.0,220.0,220.0,220.0,0.0,214.56402587890625
2018-08-14,220.0,220.0,220.0,220.0,0.0,214.56402587890625
2018-08-15,220.0,220.0,220.0,220.0,200.0,214.56402587890625
2018-08-16,220.0,220.0,220.0,220.0,0.0,214.56402587890625
2018-08-17,217.0,217.0,217.0,217.0,100.0,211.63815307617188
2018-08-20,217.0,217.0,217.0,217.0,0.0,211.63815307617188
2018-08-21,218.0,217.0,218.0,217.0,200.0,211.63815307617188
2018-08-22,217.0,217.0,217.0,217.0,0.0,211.63815307617188
2018-08-23,217.0,217.0,217.0,217.0,0.0,211.63815307617188
2018-08-24,217.0,217.0,217.0,217.0,0.0,211.63815307617188
2018-08-27,208.0,205.0,208.0,207.0,700.0,201.88523864746094
2018-08-28,207.0,207.0,207.0,207.0,0.0,201.88523864746094
2018-08-29,207.0,207.0,207.0,207.0,0.0,201.88523864746094
2018-08-30,207.0,207.0,207.0,207.0,0.0,201.88523864746094
2018-08-31,207.0,207.0,207.0,207.0,0.0,201.88523864746094
2018-09-03,203.0,203.0,203.0,203.0,100.0,197.98406982421875
2018-09-04,203.0,203.0,203.0,203.0,0.0,197.98406982421875
2018-09-05,203.0,203.0,203.0,203.0,100.0,197.98406982421875
2018-09-06,201.0,200.0,201.0,200.0,200.0,195.05819702148438
2018-09-07,200.0,200.0,200.0,200.0,0.0,195.05819702148438
2018-09-10,204.0,204.0,204.0,204.0,100.0,198.95936584472656
2018-09-11,204.0,204.0,204.0,204.0,0.0,198.95936584472656
2018-09-12,204.0,204.0,204.0,204.0,0.0,198.95936584472656
2018-09-13,204.0,204.0,204.0,204.0,0.0,198.95936584472656
2018-09-14,204.0,204.0,204.0,204.0,0.0,198.95936584472656
2018-09-17,204.0,204.0,204.0,204.0,0.0,198.95936584472656
2018-09-18,204.0,204.0,204.0,204.0,0.0,198.95936584472656
2018-09-19,204.0,204.0,204.0,204.0,0.0,198.95936584472656
2018-09-20,198.0,198.0,198.0,198.0,100.0,193.1076202392578
2018-09-21,198.0,198.0,198.0,198.0,400.0,193.1076202392578
2018-09-24,198.0,198.0,198.0,198.0,0.0,193.1076202392578
2018-09-25,198.0,198.0,198.0,198.0,0.0,193.1076202392578
2018-09-26,200.0,200.0,200.0,200.0,200.0,195.05819702148438
2018-09-27,200.0,200.0,200.0,200.0,0.0,195.05819702148438
2018-09-28,200.0,200.0,200.0,200.0,0.0,195.05819702148438
2018-10-01,200.0,200.0,200.0,200.0,0.0,195.05819702148438
2018-10-02,200.0,200.0,200.0,200.0,0.0,195.05819702148438
2018-10-03,200.0,200.0,200.0,200.0,0.0,195.05819702148438
2018-10-04,200.0,200.0,200.0,200.0,0.0,195.05819702148438
2018-10-05,200.0,200.0,200.0,200.0,0.0,195.05819702148438
2018-10-08,200.0,200.0,200.0,200.0,0.0,195.05819702148438
2018-10-09,200.0,200.0,200.0,200.0,0.0,195.05819702148438
2018-10-10,200.0,200.0,200.0,200.0,0.0,195.05819702148438
2018-10-11,200.0,200.0,200.0,200.0,0.0,195.05819702148438
2018-10-12,200.0,200.0,200.0,200.0,0.0,195.05819702148438
2018-10-16,200.0,200.0,200.0,200.0,0.0,195.05819702148438
2018-10-17,200.0,200.0,200.0,200.0,0.0,195.05819702148438
2018-10-18,200.0,200.0,200.0,200.0,0.0,195.05819702148438
2018-10-19,202.0,202.0,202.0,202.0,100.0,197.0087890625
2018-10-22,202.0,202.0,202.0,202.0,0.0,197.0087890625
2018-10-24,202.0,202.0,202.0,202.0,0.0,197.0087890625
2018-10-25,202.0,202.0,202.0,202.0,0.0,197.0087890625
2018-10-26,202.0,202.0,202.0,202.0,0.0,197.0087890625
2018-10-29,198.0,198.0,198.0,198.0,100.0,193.1076202392578
2018-10-30,198.0,198.0,198.0,198.0,0.0,193.1076202392578
2018-10-31,198.0,198.0,198.0,198.0,0.0,193.1076202392578
2018-11-01,198.0,198.0,198.0,198.0,0.0,193.1076202392578
2018-11-02,198.0,198.0,198.0,198.0,0.0,193.1076202392578
2018-11-05,198.0,198.0,198.0,198.0,0.0,193.1076202392578
2018-11-06,198.5,198.0,198.5,198.0,1100.0,193.1076202392578
2018-11-07,196.0,196.0,196.0,196.0,200.0,191.15704345703125
2018-11-08,196.0,196.0,196.0,196.0,0.0,191.15704345703125
2018-11-09,196.0,196.0,196.0,196.0,0.0,191.15704345703125
2018-11-12,196.0,196.0,196.0,196.0,500.0,191.15704345703125
2018-11-13,196.0,196.0,196.0,196.0,0.0,191.15704345703125
2018-11-14,196.0,196.0,196.0,196.0,0.0,191.15704345703125
2018-11-15,197.0,197.0,197.0,197.0,500.0,192.13232421875
2018-11-16,196.0,196.0,196.0,196.0,300.0,191.15704345703125
2018-11-19,196.0,196.0,196.0,196.0,0.0,191.15704345703125
2018-11-20,197.0,197.0,197.0,197.0,1000.0,192.13232421875
2018-11-21,197.0,197.0,197.0,197.0,0.0,192.13232421875
2018-11-22,197.0,197.0,197.0,197.0,0.0,192.13232421875
2018-11-23,197.0,197.0,197.0,197.0,0.0,192.13232421875
2018-11-26,197.0,197.0,197.0,197.0,0.0,192.13232421875
2018-11-27,197.0,197.0,197.0,197.0,0.0,192.13232421875
2018-11-28,197.0,197.0,197.0,197.0,0.0,192.13232421875
2018-11-29,199.0,199.0,199.0,199.0,500.0,194.08291625976562
2018-11-30,199.0,199.0,199.0,199.0,0.0,194.08291625976562
2018-12-03,199.0,199.0,199.0,199.0,0.0,194.08291625976562
2018-12-04,199.0,199.0,199.0,199.0,0.0,194.08291625976562
2018-12-06,199.0,199.0,199.0,199.0,500.0,194.08291625976562
2018-12-07,198.0,198.0,198.0,198.0,500.0,193.1076202392578
2018-12-11,198.0,198.0,198.0,198.0,0.0,193.1076202392578
2018-12-12,198.0,198.0,198.0,198.0,0.0,193.1076202392578
2018-12-13,198.0,198.0,198.0,198.0,0.0,193.1076202392578
2018-12-14,198.0,198.0,198.0,198.0,0.0,193.1076202392578
2018-12-17,198.0,198.0,198.0,198.0,0.0,193.1076202392578
2018-12-18,197.0,197.0,197.0,197.0,400.0,192.13232421875
2018-12-19,197.0,197.0,197.0,197.0,0.0,192.13232421875
2018-12-20,196.0,196.0,196.0,196.0,100.0,191.15704345703125
2018-12-21,196.0,196.0,196.0,196.0,0.0,191.15704345703125
2018-12-24,196.0,196.0,196.0,196.0,0.0,191.15704345703125
2018-12-25,196.0,196.0,196.0,196.0,0.0,191.15704345703125
2018-12-26,196.0,196.0,196.0,196.0,0.0,191.15704345703125
2018-12-27,196.0,196.0,196.0,196.0,0.0,191.15704345703125
2018-12-28,196.0,196.0,196.0,196.0,0.0,191.15704345703125
2019-01-02,196.0,196.0,196.0,196.0,0.0,191.15704345703125
2019-01-03,252.0,146.0,146.0,252.0,500.0,245.77333068847656
2019-01-04,252.0,252.0,252.0,252.0,0.0,245.77333068847656
2019-01-07,252.0,252.0,252.0,252.0,0.0,245.77333068847656
2019-01-08,252.0,252.0,252.0,252.0,0.0,245.77333068847656
2019-01-09,252.0,252.0,252.0,252.0,0.0,245.77333068847656
2019-01-10,252.0,252.0,252.0,252.0,0.0,245.77333068847656
2019-01-11,252.0,252.0,252.0,252.0,0.0,245.77333068847656
2019-01-14,252.0,252.0,252.0,252.0,0.0,245.77333068847656
2019-01-15,252.0,252.0,252.0,252.0,0.0,245.77333068847656
2019-01-16,252.0,252.0,252.0,252.0,0.0,245.77333068847656
2019-01-17,252.0,252.0,252.0,252.0,0.0,245.77333068847656
2019-01-18,252.0,252.0,252.0,252.0,0.0,245.77333068847656
2019-01-21,252.0,252.0,252.0,252.0,0.0,245.77333068847656
2019-01-22,252.0,252.0,252.0,252.0,0.0,245.77333068847656
2019-01-23,252.0,252.0,252.0,252.0,0.0,245.77333068847656
2019-01-24,252.0,252.0,252.0,252.0,0.0,245.77333068847656
2019-01-25,252.0,252.0,252.0,252.0,0.0,245.77333068847656
2019-01-28,252.0,252.0,252.0,252.0,0.0,245.77333068847656
2019-01-29,252.0,252.0,252.0,252.0,0.0,245.77333068847656
2019-01-30,252.0,252.0,252.0,252.0,0.0,245.77333068847656
2019-01-31,252.0,252.0,252.0,252.0,0.0,245.77333068847656
2019-02-01,252.0,252.0,252.0,252.0,0.0,245.77333068847656
2019-02-04,252.0,252.0,252.0,252.0,0.0,245.77333068847656
2019-02-05,252.0,252.0,252.0,252.0,0.0,245.77333068847656
2019-02-06,252.0,252.0,252.0,252.0,0.0,245.77333068847656
2019-02-07,252.0,252.0,252.0,252.0,0.0,245.77333068847656
2019-02-08,252.0,252.0,252.0,252.0,0.0,245.77333068847656
2019-02-11,252.0,252.0,252.0,252.0,0.0,245.77333068847656
2019-02-12,252.0,252.0,252.0,252.0,0.0,245.77333068847656
2019-02-13,252.0,252.0,252.0,252.0,0.0,245.77333068847656
2019-02-14,252.0,252.0,252.0,252.0,0.0,245.77333068847656
2019-02-15,252.0,252.0,252.0,252.0,0.0,245.77333068847656
2019-02-18,252.0,252.0,252.0,252.0,0.0,245.77333068847656
2019-02-20,252.0,252.0,252.0,252.0,0.0,245.77333068847656
2019-02-21,252.0,252.0,252.0,252.0,0.0,245.77333068847656
2019-02-22,252.0,252.0,252.0,252.0,0.0,245.77333068847656
2019-02-25,252.0,252.0,252.0,252.0,0.0,245.77333068847656
2019-02-26,252.0,252.0,252.0,252.0,0.0,245.77333068847656
2019-02-27,189.5,189.0,189.5,189.0,400.0,184.3300018310547
2019-02-28,189.0,189.0,189.0,189.0,0.0,184.3300018310547
2019-03-01,189.0,189.0,189.0,189.0,0.0,184.3300018310547
2019-03-04,189.0,189.0,189.0,189.0,0.0,184.3300018310547
2019-03-05,189.0,189.0,189.0,189.0,0.0,184.3300018310547
2019-03-06,189.0,189.0,189.0,189.0,0.0,184.3300018310547
2019-03-07,189.0,189.0,189.0,189.0,0.0,184.3300018310547
2019-03-08,189.0,189.0,189.0,189.0,0.0,184.3300018310547
2019-03-11,189.0,189.0,189.0,189.0,0.0,184.3300018310547
2019-03-12,189.0,189.0,189.0,189.0,0.0,184.3300018310547
2019-03-13,195.0,195.0,195.0,195.0,300.0,190.18174743652344
2019-03-14,195.0,195.0,195.0,195.0,0.0,190.18174743652344
2019-03-15,195.0,195.0,195.0,195.0,0.0,190.18174743652344
2019-03-18,195.0,195.0,195.0,195.0,0.0,190.18174743652344
2019-03-19,195.0,195.0,195.0,195.0,0.0,190.18174743652344
2019-03-20,195.0,195.0,195.0,195.0,0.0,190.18174743652344
2019-03-21,195.0,195.0,195.0,195.0,0.0,190.18174743652344
2019-03-22,189.0,189.0,189.0,189.0,100.0,184.3300018310547
2019-03-25,189.0,189.0,189.0,189.0,0.0,184.3300018310547
2019-03-26,189.0,189.0,189.0,189.0,0.0,184.3300018310547
2019-03-27,189.0,189.0,189.0,189.0,300.0,184.3300018310547
2019-03-28,189.0,189.0,189.0,189.0,0.0,184.3300018310547
2019-03-29,189.0,189.0,189.0,189.0,0.0,184.3300018310547
2019-04-01,189.0,189.0,189.0,189.0,0.0,184.3300018310547
2019-04-02,189.0,189.0,189.0,189.0,0.0,184.3300018310547
2019-04-03,189.0,189.0,189.0,189.0,800.0,184.3300018310547
2019-04-04,189.0,189.0,189.0,189.0,0.0,184.3300018310547
2019-04-05,189.0,189.0,189.0,189.0,0.0,184.3300018310547
2019-04-09,189.0,189.0,189.0,189.0,300.0,184.3300018310547
2019-04-10,189.0,189.0,189.0,189.0,300.0,184.3300018310547
2019-04-11,189.0,189.0,189.0,189.0,200.0,184.3300018310547
2019-04-12,189.0,189.0,189.0,189.0,200.0,184.3300018310547
2019-04-17,189.0,189.0,189.0,189.0,700.0,184.3300018310547
2019-04-18,189.0,189.0,189.0,189.0,0.0,184.3300018310547
2019-04-19,189.0,181.0,189.0,181.0,400.0,176.52767944335938
2019-04-22,181.0,181.0,181.0,181.0,0.0,176.52767944335938
2019-04-23,181.0,181.0,181.0,181.0,0.0,176.52767944335938
2019-04-24,181.0,181.0,181.0,181.0,0.0,176.52767944335938
2019-04-25,181.0,181.0,181.0,181.0,0.0,176.52767944335938
2019-04-26,190.0,189.0,190.0,189.0,1000.0,184.3300018310547
2019-04-29,189.0,189.0,189.0,189.0,0.0,184.3300018310547
2019-04-30,189.0,189.0,189.0,189.0,0.0,189.0
2019-05-02,189.0,189.0,189.0,189.0,0.0,189.0
2019-05-03,189.0,189.0,189.0,189.0,0.0,189.0
2019-05-07,189.0,189.0,189.0,189.0,0.0,189.0
2019-05-08,189.0,189.0,189.0,189.0,0.0,189.0
2019-05-09,222.0,222.0,222.0,222.0,100.0,222.0
2019-05-10,181.0,181.0,181.0,181.0,100.0,181.0
2019-05-13,181.0,181.0,181.0,181.0,0.0,181.0
2019-05-14,171.0,171.0,171.0,171.0,200.0,171.0
2019-05-15,171.0,171.0,171.0,171.0,0.0,171.0
2019-05-16,171.0,171.0,171.0,171.0,0.0,171.0
2019-05-17,171.0,171.0,171.0,171.0,0.0,171.0
2019-05-21,171.0,171.0,171.0,171.0,0.0,171.0
2019-05-22,171.0,171.0,171.0,171.0,0.0,171.0
2019-05-23,171.0,171.0,171.0,171.0,0.0,171.0
2019-05-24,171.0,171.0,171.0,171.0,0.0,171.0
2019-05-27,171.0,171.0,171.0,171.0,0.0,171.0
2019-05-28,171.0,171.0,171.0,171.0,0.0,171.0
2019-05-29,171.0,171.0,171.0,171.0,0.0,171.0
2019-05-30,171.0,171.0,171.0,171.0,0.0,171.0
2019-05-31,171.0,171.0,171.0,171.0,0.0,171.0
2019-06-04,171.0,171.0,171.0,171.0,0.0,171.0
2019-06-05,171.0,171.0,171.0,171.0,0.0,171.0
2019-06-06,171.0,171.0,171.0,171.0,0.0,171.0
2019-06-07,171.0,171.0,171.0,171.0,0.0,171.0
2019-06-10,171.0,171.0,171.0,171.0,0.0,171.0
2019-06-11,171.0,171.0,171.0,171.0,0.0,171.0
2019-06-12,171.0,171.0,171.0,171.0,0.0,171.0
2019-06-13,171.0,171.0,171.0,171.0,0.0,171.0
2019-06-14,171.0,171.0,171.0,171.0,0.0,171.0
2019-06-17,171.0,171.0,171.0,171.0,0.0,171.0
2019-06-18,171.0,171.0,171.0,171.0,0.0,171.0
2019-06-19,171.0,171.0,171.0,171.0,0.0,171.0
2019-06-20,171.0,171.0,171.0,171.0,0.0,171.0
2019-06-21,171.0,171.0,171.0,171.0,0.0,171.0
2019-06-24,171.0,171.0,171.0,171.0,0.0,171.0
2019-06-25,171.0,171.0,171.0,171.0,0.0,171.0
2019-06-26,171.0,171.0,171.0,171.0,0.0,171.0
2019-06-27,171.0,171.0,171.0,171.0,0.0,171.0
2019-06-28,171.0,171.0,171.0,171.0,0.0,171.0
2019-07-01,171.0,171.0,171.0,171.0,0.0,171.0
2019-07-02,171.0,171.0,171.0,171.0,0.0,171.0
2019-07-03,171.0,171.0,171.0,171.0,0.0,171.0
2019-07-04,171.0,171.0,171.0,171.0,0.0,171.0
2019-07-05,171.0,171.0,171.0,171.0,0.0,171.0
2019-07-08,171.0,171.0,171.0,171.0,0.0,171.0
2019-07-09,171.0,171.0,171.0,171.0,0.0,171.0
2019-07-10,189.0,189.0,189.0,189.0,300.0,189.0
2019-07-11,189.0,189.0,189.0,189.0,0.0,189.0
2019-07-12,189.0,189.0,189.0,189.0,0.0,189.0
2019-07-15,189.0,189.0,189.0,189.0,0.0,189.0
2019-07-17,189.0,189.0,189.0,189.0,0.0,189.0
2019-07-18,189.0,189.0,189.0,189.0,0.0,189.0
2019-07-19,189.0,189.0,189.0,189.0,0.0,189.0
2019-07-22,189.0,189.0,189.0,189.0,0.0,189.0
2019-07-23,189.0,189.0,189.0,189.0,0.0,189.0
2019-07-24,189.0,189.0,189.0,189.0,0.0,189.0
2019-07-25,189.0,189.0,189.0,189.0,0.0,189.0
2019-07-26,189.0,189.0,189.0,189.0,0.0,189.0
2019-07-30,189.0,189.0,189.0,189.0,0.0,189.0
2019-07-31,189.0,189.0,189.0,189.0,0.0,189.0
2019-08-01,189.0,189.0,189.0,189.0,0.0,189.0
2019-08-02,189.0,189.0,189.0,189.0,0.0,189.0
2019-08-05,189.0,189.0,189.0,189.0,0.0,189.0
2019-08-06,189.0,189.0,189.0,189.0,0.0,189.0
2019-08-07,189.0,189.0,189.0,189.0,0.0,189.0
2019-08-08,189.0,189.0,189.0,189.0,0.0,189.0
2019-08-09,189.0,189.0,189.0,189.0,0.0,189.0
2019-08-13,189.0,189.0,189.0,189.0,0.0,189.0
2019-08-14,189.0,189.0,189.0,189.0,0.0,189.0
2019-08-15,189.0,189.0,189.0,189.0,0.0,189.0
2019-08-16,190.0,190.0,190.0,190.0,200.0,190.0
2019-08-19,190.0,190.0,190.0,190.0,0.0,190.0
2019-08-20,190.0,190.0,190.0,190.0,0.0,190.0
2019-08-21,190.0,190.0,190.0,190.0,0.0,190.0
2019-08-22,190.0,190.0,190.0,190.0,0.0,190.0
2019-08-23,190.0,190.0,190.0,190.0,0.0,190.0
2019-08-26,190.0,190.0,190.0,190.0,0.0,190.0
2019-08-27,190.0,190.0,190.0,190.0,0.0,190.0
2019-08-28,190.0,190.0,190.0,190.0,0.0,190.0
2019-08-29,190.0,190.0,190.0,190.0,0.0,190.0
2019-08-30,190.0,190.0,190.0,190.0,0.0,190.0
2019-09-02,190.0,190.0,190.0,190.0,0.0,190.0
2019-09-03,190.0,190.0,190.0,190.0,0.0,190.0
2019-09-04,190.0,190.0,190.0,190.0,0.0,190.0
2019-09-05,190.0,190.0,190.0,190.0,200.0,190.0
2019-09-06,190.0,190.0,190.0,190.0,0.0,190.0
2019-09-09,190.0,190.0,190.0,190.0,0.0,190.0
2019-09-10,185.0,177.0,185.0,177.0,500.0,177.0
2019-09-11,177.0,172.0,177.0,177.0,300.0,177.0
2019-09-12,177.0,177.0,177.0,177.0,200.0,177.0
2019-09-13,177.0,177.0,177.0,177.0,0.0,177.0
2019-09-16,177.0,177.0,177.0,177.0,0.0,177.0
2019-09-17,177.0,177.0,177.0,177.0,0.0,177.0
2019-09-18,177.0,177.0,177.0,177.0,0.0,177.0
2019-09-19,177.0,177.0,177.0,177.0,0.0,177.0
2019-09-20,177.0,177.0,177.0,177.0,0.0,177.0
2019-09-23,177.0,177.0,177.0,177.0,0.0,177.0
2019-09-24,177.0,177.0,177.0,177.0,0.0,177.0
2019-09-25,177.0,177.0,177.0,177.0,0.0,177.0
2019-09-26,177.0,177.0,177.0,177.0,0.0,177.0
2019-09-27,177.0,177.0,177.0,177.0,0.0,177.0
2019-09-30,176.0,176.0,176.0,176.0,100.0,176.0
2019-10-01,176.0,176.0,176.0,176.0,0.0,176.0
2019-10-02,176.0,176.0,176.0,176.0,0.0,176.0
2019-10-03,176.0,176.0,176.0,176.0,0.0,176.0
2019-10-04,179.0,179.0,179.0,179.0,200.0,179.0
2019-10-07,179.0,179.0,179.0,179.0,0.0,179.0
2019-10-08,179.0,179.0,179.0,179.0,400.0,179.0
2019-10-09,179.0,179.0,179.0,179.0,0.0,179.0
2019-10-10,177.0,177.0,177.0,177.0,200.0,177.0
2019-10-11,177.0,177.0,177.0,177.0,200.0,177.0
2019-10-15,178.0,129.0,176.5,177.0,800.0,177.0
2019-10-16,177.0,177.0,177.0,177.0,0.0,177.0
2019-10-17,177.0,177.0,177.0,177.0,0.0,177.0
2019-10-18,177.0,177.0,177.0,177.0,0.0,177.0
2019-10-21,177.0,177.0,177.0,177.0,0.0,177.0
2019-10-22,177.0,177.0,177.0,177.0,0.0,177.0
2019-10-24,177.0,177.0,177.0,177.0,200.0,177.0
2019-10-25,177.0,177.0,177.0,177.0,200.0,177.0
2019-10-28,176.0,176.0,176.0,176.0,200.0,176.0
2019-10-29,177.0,177.0,177.0,177.0,200.0,177.0
2019-10-30,178.0,178.0,178.0,178.0,200.0,178.0
2019-10-31,178.0,178.0,178.0,178.0,0.0,178.0
2019-11-01,178.0,178.0,178.0,178.0,200.0,178.0
2019-11-04,178.0,178.0,178.0,178.0,0.0,178.0
2019-11-05,178.0,178.0,178.0,178.0,0.0,178.0
2019-11-06,178.0,178.0,178.0,178.0,0.0,178.0
2019-11-07,178.0,178.0,178.0,178.0,0.0,178.0
2019-11-08,178.0,178.0,178.0,178.0,0.0,178.0
2019-11-11,189.5,189.5,189.5,189.5,100.0,189.5
2019-11-12,179.0,178.0,178.5,179.0,13600.0,179.0
2019-11-13,179.0,179.0,179.0,179.0,0.0,179.0
2019-11-14,179.5,179.0,179.0,179.5,300.0,179.5
2019-11-15,179.0,179.0,179.0,179.0,200.0,179.0
2019-11-18,179.0,179.0,179.0,179.0,0.0,179.0
2019-11-19,179.0,179.0,179.0,179.0,0.0,179.0
2019-11-20,179.0,179.0,179.0,179.0,0.0,179.0
2019-11-21,179.0,179.0,179.0,179.0,0.0,179.0
2019-11-22,179.0,179.0,179.0,179.0,0.0,179.0
2019-11-25,179.0,179.0,179.0,179.0,0.0,179.0
2019-11-26,179.0,179.0,179.0,179.0,0.0,179.0
2019-11-27,179.0,179.0,179.0,179.0,0.0,179.0
2019-11-28,179.0,179.0,179.0,179.0,0.0,179.0
2019-11-29,179.0,179.0,179.0,179.0,0.0,179.0
2019-12-02,179.0,179.0,179.0,179.0,0.0,179.0
2019-12-03,179.0,179.0,179.0,179.0,0.0,179.0
2019-12-04,179.0,179.0,179.0,179.0,0.0,179.0
2019-12-06,179.0,179.0,179.0,179.0,0.0,179.0
2019-12-09,179.0,179.0,179.0,179.0,0.0,179.0
2019-12-11,170.0,138.0,138.0,169.0,1400.0,169.0
2019-12-12,168.0,168.0,168.0,168.0,300.0,168.0
2019-12-13,169.0,169.0,169.0,169.0,100.0,169.0
2019-12-16,169.0,169.0,169.0,169.0,0.0,169.0
2019-12-17,169.0,169.0,169.0,169.0,0.0,169.0
2019-12-18,169.0,169.0,169.0,169.0,0.0,169.0
2019-12-19,169.0,169.0,169.0,169.0,0.0,169.0
2019-12-20,179.0,179.0,179.0,179.0,600.0,179.0
2019-12-23,179.0,179.0,179.0,179.0,0.0,179.0
2019-12-24,179.0,179.0,179.0,179.0,0.0,179.0
2019-12-25,179.0,179.0,179.0,179.0,0.0,179.0
2019-12-26,179.0,179.0,179.0,179.0,0.0,179.0
2019-12-27,180.0,180.0,180.0,180.0,100.0,180.0
2019-12-30,180.0,180.0,180.0,180.0,100.0,180.0
2020-01-02,185.0,185.0,185.0,185.0,900.0,185.0
2020-01-03,185.0,185.0,185.0,185.0,0.0,185.0
2020-01-06,185.0,175.0,175.0,175.0,500.0,175.0
2020-01-07,156.5,148.0,150.0,156.5,300.0,156.5
2020-01-08,156.5,156.5,156.5,156.5,0.0,156.5
2020-01-09,156.5,156.5,156.5,156.5,0.0,156.5
2020-01-10,156.5,156.5,156.5,156.5,0.0,156.5
2020-01-13,156.5,156.5,156.5,156.5,0.0,156.5
2020-01-14,178.0,178.0,178.0,178.0,100.0,178.0
2020-01-15,180.0,179.0,179.0,180.0,200.0,180.0
2020-01-16,180.0,180.0,180.0,180.0,0.0,180.0
2020-01-17,179.5,179.5,179.5,179.5,100.0,179.5
2020-01-20,179.5,179.5,179.5,179.5,0.0,179.5
2020-01-21,179.5,179.5,179.5,179.5,0.0,179.5
2020-01-22,179.5,179.5,179.5,179.5,0.0,179.5
2020-01-23,179.5,179.5,179.5,179.5,0.0,179.5
2020-01-24,179.5,179.5,179.5,179.5,0.0,179.5
2020-01-27,179.5,179.5,179.5,179.5,0.0,179.5
2020-01-28,179.5,179.5,179.5,179.5,0.0,179.5
2020-01-29,179.5,179.5,179.5,179.5,0.0,179.5
2020-01-30,179.5,179.5,179.5,179.5,0.0,179.5
2020-01-31,180.0,180.0,180.0,180.0,400.0,180.0
2020-02-03,180.0,180.0,180.0,180.0,0.0,180.0
2020-02-04,165.0,157.0,157.0,165.0,1800.0,165.0
2020-02-05,165.0,165.0,165.0,165.0,0.0,165.0
2020-02-06,167.5,167.5,167.5,167.5,100.0,167.5
2020-02-07,167.5,167.5,167.5,167.5,0.0,167.5
2020-02-11,163.5,163.5,163.5,163.5,200.0,163.5
2020-02-12,167.0,167.0,167.0,167.0,100.0,167.0
2020-02-13,167.0,167.0,167.0,167.0,0.0,167.0
2020-02-14,167.0,159.0,159.0,167.0,300.0,167.0
2020-02-17,167.0,167.0,167.0,167.0,0.0,167.0
2020-02-18,167.0,167.0,167.0,167.0,0.0,167.0
2020-02-19,167.0,167.0,167.0,167.0,0.0,167.0
2020-02-20,167.0,167.0,167.0,167.0,0.0,167.0
2020-02-21,167.0,167.0,167.0,167.0,0.0,167.0
2020-02-24,184.0,184.0,184.0,184.0,200.0,184.0
2020-02-25,184.0,184.0,184.0,184.0,0.0,184.0
2020-02-26,184.0,184.0,184.0,184.0,0.0,184.0
2020-02-27,184.0,184.0,184.0,184.0,0.0,184.0
2020-02-28,184.0,184.0,184.0,184.0,0.0,184.0
2020-03-02,184.0,184.0,184.0,184.0,0.0,184.0
2020-03-03,165.5,165.5,165.5,165.5,100.0,165.5
2020-03-04,165.0,165.0,165.0,165.0,1300.0,165.0
2020-03-05,165.0,165.0,165.0,165.0,0.0,165.0
2020-03-06,165.0,165.0,165.0,165.0,4900.0,165.0
2020-03-09,165.0,165.0,165.0,165.0,0.0,165.0
2020-03-10,169.0,168.0,169.0,168.0,700.0,168.0
2020-03-11,165.0,165.0,165.0,165.0,3600.0,165.0
2020-03-12,165.0,164.5,165.0,165.0,16300.0,165.0
2020-03-13,165.0,165.0,165.0,165.0,0.0,165.0
2020-03-16,165.0,165.0,165.0,165.0,1900.0,165.0
2020-03-17,165.0,165.0,165.0,165.0,0.0,165.0
2020-03-18,165.0,165.0,165.0,165.0,0.0,165.0
2020-03-19,165.0,165.0,165.0,165.0,0.0,165.0
2020-03-20,165.0,165.0,165.0,165.0,0.0,165.0
2020-03-23,165.0,165.0,165.0,165.0,0.0,165.0
2020-03-24,165.0,165.0,165.0,165.0,0.0,165.0
2020-03-25,165.0,165.0,165.0,165.0,0.0,165.0
2020-03-26,165.0,165.0,165.0,165.0,0.0,165.0
2020-03-27,165.0,165.0,165.0,165.0,0.0,165.0
2020-03-30,165.0,165.0,165.0,165.0,0.0,165.0
2020-03-31,165.0,165.0,165.0,165.0,400.0,165.0
2020-04-01,165.0,165.0,165.0,165.0,0.0,165.0
2020-04-02,165.0,165.0,165.0,165.0,0.0,165.0
2020-04-03,160.0,160.0,160.0,160.0,300.0,160.0
2020-04-07,160.0,160.0,160.0,160.0,0.0,160.0
2020-04-08,160.0,155.5,155.5,160.0,200.0,160.0
